[nltk_data] Downloading package punkt to /home/vung2/nltk_data...
[nltk_data]   Package punkt is already up-to-date!
YAML configuration file "orthrus.yml" is valid
Task dependency graph is valid: ['build_graphs', 'embed_nodes', 'embed_edges', 'gnn_training', 'gnn_testing', 'evaluation', 'tracing']
2026-08-23 23:25:31 - 
2026-08-23 23:25:31 - START LOGGING FOR SUBTASK: graph_construction_edge_fused_tw
2026-08-23 23:25:31 - 
2026-08-23 23:26:00 - Start create edge fused time window graph for 2019-09-19 11:25:08.713000000~2019-09-19 11:40:22.419000000
2026-08-23 23:26:00 - Start create edge fused time window graph for 2019-09-19 11:40:22.419000000~2019-09-19 11:55:24.032000000
2026-08-23 23:26:00 - Start create edge fused time window graph for 2019-09-19 11:55:24.032000000~2019-09-19 12:11:01.034000000
2026-08-23 23:26:01 - Start create edge fused time window graph for 2019-09-19 12:11:01.034000000~2019-09-19 12:26:11.128000000
2026-08-23 23:26:01 - Start create edge fused time window graph for 2019-09-19 12:26:11.128000000~2019-09-19 12:41:49.112000000
2026-08-23 23:26:02 - Start create edge fused time window graph for 2019-09-19 12:41:49.112000000~2019-09-19 12:57:03.037000000
2026-08-23 23:26:02 - Start create edge fused time window graph for 2019-09-19 12:57:03.037000000~2019-09-19 13:12:05.593000000
2026-08-23 23:26:03 - Start create edge fused time window graph for 2019-09-19 13:12:05.593000000~2019-09-19 13:27:15.454000000
2026-08-23 23:26:03 - Start create edge fused time window graph for 2019-09-19 13:27:15.454000000~2019-09-19 13:42:19.502000000
2026-08-23 23:26:03 - Start create edge fused time window graph for 2019-09-19 13:42:19.502000000~2019-09-19 13:57:35.655000000
2026-08-23 23:26:04 - Start create edge fused time window graph for 2019-09-19 13:57:35.655000000~2019-09-19 14:13:07.314000000
2026-08-23 23:26:05 - Start create edge fused time window graph for 2019-09-19 14:13:07.314000000~2019-09-19 14:28:57.277000000
2026-08-23 23:26:05 - Start create edge fused time window graph for 2019-09-19 14:28:57.277000000~2019-09-19 14:44:30.289000000
2026-08-23 23:26:05 - Start create edge fused time window graph for 2019-09-19 14:44:30.289000000~2019-09-19 15:00:09.466000000
2026-08-23 23:26:06 - Start create edge fused time window graph for 2019-09-19 15:00:09.466000000~2019-09-19 15:15:31.117000000
2026-08-23 23:26:06 - Start create edge fused time window graph for 2019-09-19 15:15:31.117000000~2019-09-19 15:31:09.912000000
2026-08-23 23:26:07 - Start create edge fused time window graph for 2019-09-19 15:31:09.912000000~2019-09-19 15:46:29.324000000
2026-08-23 23:26:07 - Start create edge fused time window graph for 2019-09-19 15:46:29.324000000~2019-09-19 16:01:39.232000000
2026-08-23 23:26:07 - Start create edge fused time window graph for 2019-09-19 16:01:39.232000000~2019-09-19 16:16:46.647000000
2026-08-23 23:26:08 - Start create edge fused time window graph for 2019-09-19 16:16:46.647000000~2019-09-19 17:12:00.917000000
2026-08-23 23:26:08 - Start create edge fused time window graph for 2019-09-19 17:12:00.917000000~2019-09-19 17:27:01.853000000
2026-08-23 23:26:08 - Start create edge fused time window graph for 2019-09-19 17:27:01.853000000~2019-09-19 17:42:20.935000000
2026-08-23 23:26:09 - Start create edge fused time window graph for 2019-09-19 17:42:20.935000000~2019-09-19 17:58:48.305000000
2026-08-23 23:26:09 - Start create edge fused time window graph for 2019-09-19 17:58:48.305000000~2019-09-19 18:13:51.586000000
2026-08-23 23:26:09 - Start create edge fused time window graph for 2019-09-19 18:13:51.586000000~2019-09-19 18:29:00.801000000
2026-08-23 23:26:09 - Start create edge fused time window graph for 2019-09-19 18:29:00.801000000~2019-09-19 18:44:01.072000000
2026-08-23 23:26:09 - Start create edge fused time window graph for 2019-09-19 18:44:01.072000000~2019-09-19 18:59:53.919000000
2026-08-23 23:26:10 - Start create edge fused time window graph for 2019-09-19 18:59:53.919000000~2019-09-19 19:15:01.043000000
2026-08-23 23:26:10 - Start create edge fused time window graph for 2019-09-19 19:15:01.043000000~2019-09-19 19:30:31.511000000
2026-08-23 23:26:10 - Start create edge fused time window graph for 2019-09-19 19:30:31.511000000~2019-09-19 19:45:44.469000000
2026-08-23 23:26:10 - Start create edge fused time window graph for 2019-09-19 19:45:44.469000000~2019-09-19 20:01:37.068000000
2026-08-23 23:26:11 - Start create edge fused time window graph for 2019-09-19 20:01:37.068000000~2019-09-19 20:16:51.002000000
2026-08-23 23:26:11 - Start create edge fused time window graph for 2019-09-19 20:16:51.002000000~2019-09-19 20:31:51.799000000
2026-08-23 23:26:11 - Start create edge fused time window graph for 2019-09-19 20:31:51.799000000~2019-09-19 20:46:56.666000000
2026-08-23 23:26:12 - Start create edge fused time window graph for 2019-09-19 20:46:56.666000000~2019-09-19 21:01:58.843000000
2026-08-23 23:26:12 - Start create edge fused time window graph for 2019-09-19 21:01:58.843000000~2019-09-19 21:17:16.636000000
2026-08-23 23:26:13 - Start create edge fused time window graph for 2019-09-19 21:17:16.636000000~2019-09-19 21:33:02.067000000
2026-08-23 23:26:13 - Start create edge fused time window graph for 2019-09-19 21:33:02.067000000~2019-09-19 21:49:16.049000000
2026-08-23 23:26:13 - Start create edge fused time window graph for 2019-09-19 21:49:16.049000000~2019-09-19 22:04:53.358000000
2026-08-23 23:26:13 - Start create edge fused time window graph for 2019-09-19 22:04:53.358000000~2019-09-19 22:21:01.852000000
2026-08-23 23:26:14 - Start create edge fused time window graph for 2019-09-19 22:21:01.852000000~2019-09-19 22:36:06.553000000
2026-08-23 23:26:14 - Start create edge fused time window graph for 2019-09-19 22:36:06.553000000~2019-09-19 22:52:56.141000000
2026-08-23 23:26:14 - Start create edge fused time window graph for 2019-09-19 22:52:56.141000000~2019-09-19 23:08:43.976000000
2026-08-23 23:26:14 - Start create edge fused time window graph for 2019-09-19 23:08:43.976000000~2019-09-19 23:24:18.071000000
2026-08-23 23:26:15 - Start create edge fused time window graph for 2019-09-19 23:24:18.071000000~2019-09-19 23:40:59.748000000
2026-08-23 23:26:15 - Start create edge fused time window graph for 2019-09-19 23:40:59.748000000~2019-09-19 23:56:00.011000000
2026-08-23 23:26:26 - Start create edge fused time window graph for 2019-09-20 00:00:00.002000000~2019-09-20 00:15:24.192000000
2026-08-23 23:26:26 - Start create edge fused time window graph for 2019-09-20 00:15:24.192000000~2019-09-20 00:30:41.984000000
2026-08-23 23:26:26 - Start create edge fused time window graph for 2019-09-20 00:30:41.984000000~2019-09-20 00:45:42.062000000
2026-08-23 23:26:26 - Start create edge fused time window graph for 2019-09-20 00:45:42.062000000~2019-09-20 01:01:00.303000000
2026-08-23 23:26:27 - Start create edge fused time window graph for 2019-09-20 01:01:00.303000000~2019-09-20 01:16:27.809000000
2026-08-23 23:26:27 - Start create edge fused time window graph for 2019-09-20 01:16:27.809000000~2019-09-20 01:32:02.473000000
2026-08-23 23:26:27 - Start create edge fused time window graph for 2019-09-20 01:32:02.473000000~2019-09-20 01:47:04.908000000
2026-08-23 23:26:28 - Start create edge fused time window graph for 2019-09-20 01:47:04.908000000~2019-09-20 02:02:09.805000000
2026-08-23 23:26:28 - Start create edge fused time window graph for 2019-09-20 02:02:09.805000000~2019-09-20 02:17:34.263000000
2026-08-23 23:26:28 - Start create edge fused time window graph for 2019-09-20 02:17:34.263000000~2019-09-20 02:33:09.411000000
2026-08-23 23:26:28 - Start create edge fused time window graph for 2019-09-20 02:33:09.411000000~2019-09-20 02:48:37.037000000
2026-08-23 23:26:29 - Start create edge fused time window graph for 2019-09-20 02:48:37.037000000~2019-09-20 03:04:03.193000000
2026-08-23 23:26:29 - Start create edge fused time window graph for 2019-09-20 03:04:03.193000000~2019-09-20 03:20:21.644000000
2026-08-23 23:26:29 - Start create edge fused time window graph for 2019-09-20 03:20:21.644000000~2019-09-20 03:36:02.045000000
2026-08-23 23:26:29 - Start create edge fused time window graph for 2019-09-20 03:36:02.045000000~2019-09-20 03:52:06.949000000
2026-08-23 23:26:30 - Start create edge fused time window graph for 2019-09-20 03:52:06.949000000~2019-09-20 04:07:07.024000000
2026-08-23 23:26:30 - Start create edge fused time window graph for 2019-09-20 04:07:07.024000000~2019-09-20 04:23:40.057000000
2026-08-23 23:26:30 - Start create edge fused time window graph for 2019-09-20 04:23:40.057000000~2019-09-20 04:39:01.624000000
2026-08-23 23:26:30 - Start create edge fused time window graph for 2019-09-20 04:39:01.624000000~2019-09-20 04:54:14.788000000
2026-08-23 23:26:31 - Start create edge fused time window graph for 2019-09-20 04:54:14.788000000~2019-09-20 05:09:48.019000000
2026-08-23 23:26:31 - Start create edge fused time window graph for 2019-09-20 05:09:48.019000000~2019-09-20 05:25:03.966000000
2026-08-23 23:26:31 - Start create edge fused time window graph for 2019-09-20 05:25:03.966000000~2019-09-20 05:40:23.563000000
2026-08-23 23:26:31 - Start create edge fused time window graph for 2019-09-20 05:40:23.563000000~2019-09-20 05:55:30.091000000
2026-08-23 23:26:32 - Start create edge fused time window graph for 2019-09-20 05:55:30.091000000~2019-09-20 06:10:34.756000000
2026-08-23 23:26:32 - Start create edge fused time window graph for 2019-09-20 06:10:34.756000000~2019-09-20 06:25:40.511000000
2026-08-23 23:26:32 - Start create edge fused time window graph for 2019-09-20 06:25:40.511000000~2019-09-20 06:41:02.674000000
2026-08-23 23:26:32 - Start create edge fused time window graph for 2019-09-20 06:41:02.674000000~2019-09-20 06:56:14.395000000
2026-08-23 23:26:33 - Start create edge fused time window graph for 2019-09-20 06:56:14.395000000~2019-09-20 07:11:35.052000000
2026-08-23 23:26:33 - Start create edge fused time window graph for 2019-09-20 07:11:35.052000000~2019-09-20 07:27:02.197000000
2026-08-23 23:26:33 - Start create edge fused time window graph for 2019-09-20 07:27:02.197000000~2019-09-20 07:42:02.266000000
2026-08-23 23:26:33 - Start create edge fused time window graph for 2019-09-20 07:42:02.266000000~2019-09-20 07:57:43.105000000
2026-08-23 23:26:34 - Start create edge fused time window graph for 2019-09-20 07:57:43.105000000~2019-09-20 08:13:02.502000000
2026-08-23 23:26:34 - Start create edge fused time window graph for 2019-09-20 08:13:02.502000000~2019-09-20 08:28:44.725000000
2026-08-23 23:26:34 - Start create edge fused time window graph for 2019-09-20 08:28:44.725000000~2019-09-20 08:43:57.491000000
2026-08-23 23:26:34 - Start create edge fused time window graph for 2019-09-20 08:43:57.491000000~2019-09-20 08:59:56.017000000
2026-08-23 23:26:35 - Start create edge fused time window graph for 2019-09-20 08:59:56.017000000~2019-09-20 09:15:43.236000000
2026-08-23 23:26:35 - Start create edge fused time window graph for 2019-09-20 09:15:43.236000000~2019-09-20 09:32:00.027000000
2026-08-23 23:26:35 - Start create edge fused time window graph for 2019-09-20 09:32:00.027000000~2019-09-20 09:47:04.863000000
2026-08-23 23:26:35 - Start create edge fused time window graph for 2019-09-20 09:47:04.863000000~2019-09-20 10:03:00.262000000
2026-08-23 23:26:36 - Start create edge fused time window graph for 2019-09-20 10:03:00.262000000~2019-09-20 10:18:07.937000000
2026-08-23 23:26:37 - Start create edge fused time window graph for 2019-09-20 10:18:07.937000000~2019-09-20 10:33:18.082000000
2026-08-23 23:26:37 - Start create edge fused time window graph for 2019-09-20 10:33:18.082000000~2019-09-20 10:48:18.753000000
2026-08-23 23:26:37 - Start create edge fused time window graph for 2019-09-20 10:48:18.753000000~2019-09-20 11:03:44.005000000
2026-08-23 23:26:37 - Start create edge fused time window graph for 2019-09-20 11:03:44.005000000~2019-09-20 11:19:02.498000000
2026-08-23 23:26:38 - Start create edge fused time window graph for 2019-09-20 11:19:02.498000000~2019-09-20 11:34:33.557000000
2026-08-23 23:26:38 - Start create edge fused time window graph for 2019-09-20 11:34:33.557000000~2019-09-20 11:50:07.434000000
2026-08-23 23:26:38 - Start create edge fused time window graph for 2019-09-20 11:50:07.434000000~2019-09-20 12:05:23.002000000
2026-08-23 23:26:39 - Start create edge fused time window graph for 2019-09-20 12:05:23.002000000~2019-09-20 12:20:42.005000000
2026-08-23 23:26:39 - Start create edge fused time window graph for 2019-09-20 12:20:42.005000000~2019-09-20 12:36:01.107000000
2026-08-23 23:26:39 - Start create edge fused time window graph for 2019-09-20 12:36:01.107000000~2019-09-20 12:51:44.493000000
2026-08-23 23:26:40 - Start create edge fused time window graph for 2019-09-20 12:51:44.493000000~2019-09-20 13:06:59.415000000
2026-08-23 23:26:40 - Start create edge fused time window graph for 2019-09-20 13:06:59.415000000~2019-09-20 13:23:06.986000000
2026-08-23 23:26:40 - Start create edge fused time window graph for 2019-09-20 13:23:06.986000000~2019-09-20 13:38:19.673000000
2026-08-23 23:26:40 - Start create edge fused time window graph for 2019-09-20 13:38:19.673000000~2019-09-20 13:54:14.901000000
2026-08-23 23:26:41 - Start create edge fused time window graph for 2019-09-20 13:54:14.901000000~2019-09-20 14:09:16.045000000
2026-08-23 23:26:42 - Start create edge fused time window graph for 2019-09-20 14:09:16.045000000~2019-09-20 14:24:25.675000000
2026-08-23 23:26:42 - Start create edge fused time window graph for 2019-09-20 14:24:25.675000000~2019-09-20 14:39:44.132000000
2026-08-23 23:26:42 - Start create edge fused time window graph for 2019-09-20 14:39:44.132000000~2019-09-20 14:54:50.276000000
2026-08-23 23:26:43 - Start create edge fused time window graph for 2019-09-20 14:54:50.276000000~2019-09-20 15:10:11.089000000
2026-08-23 23:26:43 - Start create edge fused time window graph for 2019-09-20 15:10:11.089000000~2019-09-20 15:25:17.236000000
2026-08-23 23:26:43 - Start create edge fused time window graph for 2019-09-20 15:25:17.236000000~2019-09-20 15:40:19.935000000
2026-08-23 23:26:43 - Start create edge fused time window graph for 2019-09-20 15:40:19.935000000~2019-09-20 15:55:29.585000000
2026-08-23 23:26:44 - Start create edge fused time window graph for 2019-09-20 15:55:29.585000000~2019-09-20 16:10:59.618000000
2026-08-23 23:26:44 - Start create edge fused time window graph for 2019-09-20 16:10:59.618000000~2019-09-20 16:26:02.104000000
2026-08-23 23:26:45 - Start create edge fused time window graph for 2019-09-20 16:26:02.104000000~2019-09-20 16:41:02.224000000
2026-08-23 23:26:45 - Start create edge fused time window graph for 2019-09-20 16:41:02.224000000~2019-09-20 16:56:10.039000000
2026-08-23 23:26:46 - Start create edge fused time window graph for 2019-09-20 16:56:10.039000000~2019-09-20 17:11:30.858000000
2026-08-23 23:26:46 - Start create edge fused time window graph for 2019-09-20 17:11:30.858000000~2019-09-20 17:27:01.879000000
2026-08-23 23:26:47 - Start create edge fused time window graph for 2019-09-20 17:27:01.879000000~2019-09-20 17:42:16.044000000
2026-08-23 23:26:47 - Start create edge fused time window graph for 2019-09-20 17:42:16.044000000~2019-09-20 17:57:28.224000000
2026-08-23 23:26:47 - Start create edge fused time window graph for 2019-09-20 17:57:28.224000000~2019-09-20 18:13:44.722000000
2026-08-23 23:26:47 - Start create edge fused time window graph for 2019-09-20 18:13:44.722000000~2019-09-20 19:13:59.627000000
2026-08-23 23:26:47 - Start create edge fused time window graph for 2019-09-20 19:13:59.627000000~2019-09-20 19:29:33.454000000
2026-08-23 23:26:47 - Start create edge fused time window graph for 2019-09-20 19:29:33.454000000~2019-09-20 19:44:41.173000000
2026-08-23 23:26:48 - Start create edge fused time window graph for 2019-09-20 19:44:41.173000000~2019-09-20 19:59:47.083000000
2026-08-23 23:26:48 - Start create edge fused time window graph for 2019-09-20 19:59:47.083000000~2019-09-20 20:15:02.406000000
2026-08-23 23:26:49 - Start create edge fused time window graph for 2019-09-20 20:15:02.406000000~2019-09-20 20:30:05.172000000
2026-08-23 23:26:49 - Start create edge fused time window graph for 2019-09-20 20:30:05.172000000~2019-09-20 20:45:16.053000000
2026-08-23 23:26:49 - Start create edge fused time window graph for 2019-09-20 20:45:16.053000000~2019-09-20 21:00:36.289000000
2026-08-23 23:26:50 - Start create edge fused time window graph for 2019-09-20 21:00:36.289000000~2019-09-20 21:15:53.233000000
2026-08-23 23:26:50 - Start create edge fused time window graph for 2019-09-20 21:15:53.233000000~2019-09-20 21:31:05.343000000
2026-08-23 23:26:50 - Start create edge fused time window graph for 2019-09-20 21:31:05.343000000~2019-09-20 21:46:07.941000000
2026-08-23 23:26:51 - Start create edge fused time window graph for 2019-09-20 21:46:07.941000000~2019-09-20 22:01:26.088000000
2026-08-23 23:26:51 - Start create edge fused time window graph for 2019-09-20 22:01:26.088000000~2019-09-20 22:16:32.618000000
2026-08-23 23:26:51 - Start create edge fused time window graph for 2019-09-20 22:16:32.618000000~2019-09-20 22:31:38.247000000
2026-08-23 23:26:52 - Start create edge fused time window graph for 2019-09-20 22:31:38.247000000~2019-09-20 22:46:52.506000000
2026-08-23 23:26:52 - Start create edge fused time window graph for 2019-09-20 22:46:52.506000000~2019-09-20 23:02:07.159000000
2026-08-23 23:26:52 - Start create edge fused time window graph for 2019-09-20 23:02:07.159000000~2019-09-20 23:17:51.907000000
2026-08-23 23:26:53 - Start create edge fused time window graph for 2019-09-20 23:17:51.907000000~2019-09-20 23:32:54.239000000
2026-08-23 23:26:53 - Start create edge fused time window graph for 2019-09-20 23:32:54.239000000~2019-09-20 23:48:15.094000000
2026-08-23 23:27:07 - Start create edge fused time window graph for 2019-09-21 00:00:00.002000000~2019-09-21 00:15:01.738000000
2026-08-23 23:27:07 - Start create edge fused time window graph for 2019-09-21 00:15:01.738000000~2019-09-21 00:30:41.116000000
2026-08-23 23:27:07 - Start create edge fused time window graph for 2019-09-21 00:30:41.116000000~2019-09-21 00:45:45.017000000
2026-08-23 23:27:08 - Start create edge fused time window graph for 2019-09-21 00:45:45.017000000~2019-09-21 01:00:51.528000000
2026-08-23 23:27:08 - Start create edge fused time window graph for 2019-09-21 01:00:51.528000000~2019-09-21 01:16:02.697000000
2026-08-23 23:27:08 - Start create edge fused time window graph for 2019-09-21 01:16:02.697000000~2019-09-21 01:31:17.773000000
2026-08-23 23:27:09 - Start create edge fused time window graph for 2019-09-21 01:31:17.773000000~2019-09-21 01:46:30.891000000
2026-08-23 23:27:09 - Start create edge fused time window graph for 2019-09-21 01:46:30.891000000~2019-09-21 02:01:35.141000000
2026-08-23 23:27:09 - Start create edge fused time window graph for 2019-09-21 02:01:35.141000000~2019-09-21 02:16:40.475000000
2026-08-23 23:27:10 - Start create edge fused time window graph for 2019-09-21 02:16:40.475000000~2019-09-21 02:31:54.007000000
2026-08-23 23:27:10 - Start create edge fused time window graph for 2019-09-21 02:31:54.007000000~2019-09-21 02:47:01.772000000
2026-08-23 23:27:11 - Start create edge fused time window graph for 2019-09-21 02:47:01.772000000~2019-09-21 03:02:10.081000000
2026-08-23 23:27:11 - Start create edge fused time window graph for 2019-09-21 03:02:10.081000000~2019-09-21 03:18:02.925000000
2026-08-23 23:27:12 - Start create edge fused time window graph for 2019-09-21 03:18:02.925000000~2019-09-21 03:33:08.919000000
2026-08-23 23:27:12 - Start create edge fused time window graph for 2019-09-21 03:33:08.919000000~2019-09-21 03:48:17.396000000
2026-08-23 23:27:13 - Start create edge fused time window graph for 2019-09-21 03:48:17.396000000~2019-09-21 04:03:43.038000000
2026-08-23 23:27:13 - Start create edge fused time window graph for 2019-09-21 04:03:43.038000000~2019-09-21 04:19:02.579000000
2026-08-23 23:27:14 - Start create edge fused time window graph for 2019-09-21 04:19:02.579000000~2019-09-21 04:34:10.606000000
2026-08-23 23:27:14 - Start create edge fused time window graph for 2019-09-21 04:34:10.606000000~2019-09-21 04:49:20.291000000
2026-08-23 23:27:15 - Start create edge fused time window graph for 2019-09-21 04:49:20.291000000~2019-09-21 05:04:24.678000000
2026-08-23 23:27:15 - Start create edge fused time window graph for 2019-09-21 05:04:24.678000000~2019-09-21 05:19:59.945000000
2026-08-23 23:27:16 - Start create edge fused time window graph for 2019-09-21 05:19:59.945000000~2019-09-21 05:35:03.291000000
2026-08-23 23:27:16 - Start create edge fused time window graph for 2019-09-21 05:35:03.291000000~2019-09-21 05:50:21.089000000
2026-08-23 23:27:16 - Start create edge fused time window graph for 2019-09-21 05:50:21.089000000~2019-09-21 06:05:24.347000000
2026-08-23 23:27:17 - Start create edge fused time window graph for 2019-09-21 06:05:24.347000000~2019-09-21 06:20:34.053000000
2026-08-23 23:27:17 - Start create edge fused time window graph for 2019-09-21 06:20:34.053000000~2019-09-21 06:35:41.232000000
2026-08-23 23:27:17 - Start create edge fused time window graph for 2019-09-21 06:35:41.232000000~2019-09-21 06:50:43.888000000
2026-08-23 23:27:18 - Start create edge fused time window graph for 2019-09-21 06:50:43.888000000~2019-09-21 07:05:47.544000000
2026-08-23 23:27:18 - Start create edge fused time window graph for 2019-09-21 07:05:47.544000000~2019-09-21 07:21:27.604000000
2026-08-23 23:27:18 - Start create edge fused time window graph for 2019-09-21 07:21:27.604000000~2019-09-21 07:36:51.144000000
2026-08-23 23:27:19 - Start create edge fused time window graph for 2019-09-21 07:36:51.144000000~2019-09-21 07:51:53.638000000
2026-08-23 23:27:19 - Start create edge fused time window graph for 2019-09-21 07:51:53.638000000~2019-09-21 08:07:00.002000000
2026-08-23 23:27:19 - Start create edge fused time window graph for 2019-09-21 08:07:00.002000000~2019-09-21 08:22:05.456000000
2026-08-23 23:27:20 - Start create edge fused time window graph for 2019-09-21 08:22:05.456000000~2019-09-21 08:37:56.944000000
2026-08-23 23:27:20 - Start create edge fused time window graph for 2019-09-21 08:37:56.944000000~2019-09-21 08:53:13.252000000
2026-08-23 23:27:21 - Start create edge fused time window graph for 2019-09-21 08:53:13.252000000~2019-09-21 09:08:24.112000000
2026-08-23 23:27:21 - Start create edge fused time window graph for 2019-09-21 09:08:24.112000000~2019-09-21 09:23:25.452000000
2026-08-23 23:27:21 - Start create edge fused time window graph for 2019-09-21 09:23:25.452000000~2019-09-21 09:38:56.506000000
2026-08-23 23:27:22 - Start create edge fused time window graph for 2019-09-21 09:38:56.506000000~2019-09-21 09:54:02.022000000
2026-08-23 23:27:22 - Start create edge fused time window graph for 2019-09-21 09:54:02.022000000~2019-09-21 10:09:03.609000000
2026-08-23 23:27:22 - Start create edge fused time window graph for 2019-09-21 10:09:03.609000000~2019-09-21 10:24:21.477000000
2026-08-23 23:27:23 - Start create edge fused time window graph for 2019-09-21 10:24:21.477000000~2019-09-21 10:39:39.452000000
2026-08-23 23:27:23 - Start create edge fused time window graph for 2019-09-21 10:39:39.452000000~2019-09-21 10:54:41.984000000
2026-08-23 23:27:24 - Start create edge fused time window graph for 2019-09-21 10:54:41.984000000~2019-09-21 11:10:25.209000000
2026-08-23 23:27:24 - Start create edge fused time window graph for 2019-09-21 11:10:25.209000000~2019-09-21 11:25:38.787000000
2026-08-23 23:27:24 - Start create edge fused time window graph for 2019-09-21 11:25:38.787000000~2019-09-21 11:40:47.046000000
2026-08-23 23:27:25 - Start create edge fused time window graph for 2019-09-21 11:40:47.046000000~2019-09-21 11:55:54.293000000
2026-08-23 23:27:25 - Start create edge fused time window graph for 2019-09-21 11:55:54.293000000~2019-09-21 12:11:09.634000000
2026-08-23 23:27:26 - Start create edge fused time window graph for 2019-09-21 12:11:09.634000000~2019-09-21 12:26:21.218000000
2026-08-23 23:27:26 - Start create edge fused time window graph for 2019-09-21 12:26:21.218000000~2019-09-21 12:42:09.721000000
2026-08-23 23:27:26 - Start create edge fused time window graph for 2019-09-21 12:42:09.721000000~2019-09-21 12:57:15.253000000
2026-08-23 23:27:27 - Start create edge fused time window graph for 2019-09-21 12:57:15.253000000~2019-09-21 13:12:21.004000000
2026-08-23 23:27:27 - Start create edge fused time window graph for 2019-09-21 13:12:21.004000000~2019-09-21 13:27:28.788000000
2026-08-23 23:27:27 - Start create edge fused time window graph for 2019-09-21 13:27:28.788000000~2019-09-21 13:42:33.058000000
2026-08-23 23:27:28 - Start create edge fused time window graph for 2019-09-21 13:42:33.058000000~2019-09-21 13:57:58.873000000
2026-08-23 23:27:29 - Start create edge fused time window graph for 2019-09-21 13:57:58.873000000~2019-09-21 14:13:12.216000000
2026-08-23 23:27:29 - Start create edge fused time window graph for 2019-09-21 14:13:12.216000000~2019-09-21 14:28:16.433000000
2026-08-23 23:27:29 - Start create edge fused time window graph for 2019-09-21 14:28:16.433000000~2019-09-21 14:43:20.118000000
2026-08-23 23:27:30 - Start create edge fused time window graph for 2019-09-21 14:43:20.118000000~2019-09-21 14:59:08.205000000
2026-08-23 23:27:30 - Start create edge fused time window graph for 2019-09-21 14:59:08.205000000~2019-09-21 15:14:19.257000000
2026-08-23 23:27:31 - Start create edge fused time window graph for 2019-09-21 15:14:19.257000000~2019-09-21 15:29:28.378000000
2026-08-23 23:27:31 - Start create edge fused time window graph for 2019-09-21 15:29:28.378000000~2019-09-21 15:44:35.836000000
2026-08-23 23:27:31 - Start create edge fused time window graph for 2019-09-21 15:44:35.836000000~2019-09-21 16:00:19.743000000
2026-08-23 23:27:32 - Start create edge fused time window graph for 2019-09-21 16:00:19.743000000~2019-09-21 16:15:40.266000000
2026-08-23 23:27:32 - Start create edge fused time window graph for 2019-09-21 16:15:40.266000000~2019-09-21 16:31:00.608000000
2026-08-23 23:27:32 - Start create edge fused time window graph for 2019-09-21 16:31:00.608000000~2019-09-21 16:46:08.109000000
2026-08-23 23:27:33 - Start create edge fused time window graph for 2019-09-21 16:46:08.109000000~2019-09-21 17:02:01.778000000
2026-08-23 23:27:33 - Start create edge fused time window graph for 2019-09-21 17:02:01.778000000~2019-09-21 17:17:10.668000000
2026-08-23 23:27:34 - Start create edge fused time window graph for 2019-09-21 17:17:10.668000000~2019-09-21 17:32:35.385000000
2026-08-23 23:27:34 - Start create edge fused time window graph for 2019-09-21 17:32:35.385000000~2019-09-21 17:48:05.801000000
2026-08-23 23:27:34 - Start create edge fused time window graph for 2019-09-21 17:48:05.801000000~2019-09-21 18:03:17.259000000
2026-08-23 23:27:35 - Start create edge fused time window graph for 2019-09-21 18:03:17.259000000~2019-09-21 18:18:56.371000000
2026-08-23 23:27:35 - Start create edge fused time window graph for 2019-09-21 18:18:56.371000000~2019-09-21 18:34:16.336000000
2026-08-23 23:27:35 - Start create edge fused time window graph for 2019-09-21 18:34:16.336000000~2019-09-21 18:49:46.861000000
2026-08-23 23:27:36 - Start create edge fused time window graph for 2019-09-21 18:49:46.861000000~2019-09-21 19:04:55.809000000
2026-08-23 23:27:36 - Start create edge fused time window graph for 2019-09-21 19:04:55.809000000~2019-09-21 19:20:07.089000000
2026-08-23 23:27:36 - Start create edge fused time window graph for 2019-09-21 19:20:07.089000000~2019-09-21 19:35:45.504000000
2026-08-23 23:27:37 - Start create edge fused time window graph for 2019-09-21 19:35:45.504000000~2019-09-21 19:51:25.275000000
2026-08-23 23:27:37 - Start create edge fused time window graph for 2019-09-21 19:51:25.275000000~2019-09-21 20:06:25.976000000
2026-08-23 23:27:38 - Start create edge fused time window graph for 2019-09-21 20:06:25.976000000~2019-09-21 20:21:51.776000000
2026-08-23 23:27:38 - Start create edge fused time window graph for 2019-09-21 20:21:51.776000000~2019-09-21 20:37:02.741000000
2026-08-23 23:27:38 - Start create edge fused time window graph for 2019-09-21 20:37:02.741000000~2019-09-21 20:52:16.992000000
2026-08-23 23:27:39 - Start create edge fused time window graph for 2019-09-21 20:52:16.992000000~2019-09-21 21:07:41.436000000
2026-08-23 23:27:39 - Start create edge fused time window graph for 2019-09-21 21:07:41.436000000~2019-09-21 21:22:41.902000000
2026-08-23 23:27:40 - Start create edge fused time window graph for 2019-09-21 21:22:41.902000000~2019-09-21 21:38:02.904000000
2026-08-23 23:27:40 - Start create edge fused time window graph for 2019-09-21 21:38:02.904000000~2019-09-21 21:53:08.575000000
2026-08-23 23:27:40 - Start create edge fused time window graph for 2019-09-21 21:53:08.575000000~2019-09-21 22:08:17.318000000
2026-08-23 23:27:41 - Start create edge fused time window graph for 2019-09-21 22:08:17.318000000~2019-09-21 22:23:36.199000000
2026-08-23 23:27:41 - Start create edge fused time window graph for 2019-09-21 22:23:36.199000000~2019-09-21 22:38:41.204000000
2026-08-23 23:27:42 - Start create edge fused time window graph for 2019-09-21 22:38:41.204000000~2019-09-21 22:53:45.789000000
2026-08-23 23:27:42 - Start create edge fused time window graph for 2019-09-21 22:53:45.789000000~2019-09-21 23:08:48.376000000
2026-08-23 23:27:42 - Start create edge fused time window graph for 2019-09-21 23:08:48.376000000~2019-09-21 23:25:01.975000000
2026-08-23 23:27:43 - Start create edge fused time window graph for 2019-09-21 23:25:01.975000000~2019-09-21 23:40:02.068000000
2026-08-23 23:27:43 - Start create edge fused time window graph for 2019-09-21 23:40:02.068000000~2019-09-21 23:55:05.245000000
2026-08-23 23:27:57 - Start create edge fused time window graph for 2019-09-22 00:00:00.259000000~2019-09-22 00:15:24.128000000
2026-08-23 23:27:58 - Start create edge fused time window graph for 2019-09-22 00:15:24.128000000~2019-09-22 00:30:39.093000000
2026-08-23 23:27:58 - Start create edge fused time window graph for 2019-09-22 00:30:39.093000000~2019-09-22 00:45:45.054000000
2026-08-23 23:27:58 - Start create edge fused time window graph for 2019-09-22 00:45:45.054000000~2019-09-22 01:01:14.568000000
2026-08-23 23:27:59 - Start create edge fused time window graph for 2019-09-22 01:01:14.568000000~2019-09-22 01:16:31.625000000
2026-08-23 23:28:00 - Start create edge fused time window graph for 2019-09-22 01:16:31.625000000~2019-09-22 01:31:45.553000000
2026-08-23 23:28:00 - Start create edge fused time window graph for 2019-09-22 01:31:45.553000000~2019-09-22 01:46:57.659000000
2026-08-23 23:28:00 - Start create edge fused time window graph for 2019-09-22 01:46:57.659000000~2019-09-22 02:02:02.334000000
2026-08-23 23:28:01 - Start create edge fused time window graph for 2019-09-22 02:02:02.334000000~2019-09-22 02:17:07.584000000
2026-08-23 23:28:01 - Start create edge fused time window graph for 2019-09-22 02:17:07.584000000~2019-09-22 02:32:09.179000000
2026-08-23 23:28:02 - Start create edge fused time window graph for 2019-09-22 02:32:09.179000000~2019-09-22 02:47:14.897000000
2026-08-23 23:28:02 - Start create edge fused time window graph for 2019-09-22 02:47:14.897000000~2019-09-22 03:02:57.715000000
2026-08-23 23:28:02 - Start create edge fused time window graph for 2019-09-22 03:02:57.715000000~2019-09-22 03:18:03.089000000
2026-08-23 23:28:03 - Start create edge fused time window graph for 2019-09-22 03:18:03.089000000~2019-09-22 03:33:05.373000000
2026-08-23 23:28:03 - Start create edge fused time window graph for 2019-09-22 03:33:05.373000000~2019-09-22 03:48:06.938000000
2026-08-23 23:28:03 - Start create edge fused time window graph for 2019-09-22 03:48:06.938000000~2019-09-22 04:03:34.636000000
2026-08-23 23:28:04 - Start create edge fused time window graph for 2019-09-22 04:03:34.636000000~2019-09-22 04:18:48.136000000
2026-08-23 23:28:04 - Start create edge fused time window graph for 2019-09-22 04:18:48.136000000~2019-09-22 04:34:02.573000000
2026-08-23 23:28:04 - Start create edge fused time window graph for 2019-09-22 04:34:02.573000000~2019-09-22 04:49:33.527000000
2026-08-23 23:28:05 - Start create edge fused time window graph for 2019-09-22 04:49:33.527000000~2019-09-22 05:04:46.207000000
2026-08-23 23:28:05 - Start create edge fused time window graph for 2019-09-22 05:04:46.207000000~2019-09-22 05:19:47.415000000
2026-08-23 23:28:06 - Start create edge fused time window graph for 2019-09-22 05:19:47.415000000~2019-09-22 05:34:50.962000000
2026-08-23 23:28:06 - Start create edge fused time window graph for 2019-09-22 05:34:50.962000000~2019-09-22 05:50:04.908000000
2026-08-23 23:28:06 - Start create edge fused time window graph for 2019-09-22 05:50:04.908000000~2019-09-22 06:05:07.039000000
2026-08-23 23:28:07 - Start create edge fused time window graph for 2019-09-22 06:05:07.039000000~2019-09-22 06:20:23.501000000
2026-08-23 23:28:07 - Start create edge fused time window graph for 2019-09-22 06:20:23.501000000~2019-09-22 06:36:02.011000000
2026-08-23 23:28:08 - Start create edge fused time window graph for 2019-09-22 06:36:02.011000000~2019-09-22 06:51:34.023000000
2026-08-23 23:28:08 - Start create edge fused time window graph for 2019-09-22 06:51:34.023000000~2019-09-22 07:06:36.929000000
2026-08-23 23:28:08 - Start create edge fused time window graph for 2019-09-22 07:06:36.929000000~2019-09-22 07:21:39.419000000
2026-08-23 23:28:09 - Start create edge fused time window graph for 2019-09-22 07:21:39.419000000~2019-09-22 07:37:03.062000000
2026-08-23 23:28:09 - Start create edge fused time window graph for 2019-09-22 07:37:03.062000000~2019-09-22 07:52:03.158000000
2026-08-23 23:28:10 - Start create edge fused time window graph for 2019-09-22 07:52:03.158000000~2019-09-22 08:07:04.289000000
2026-08-23 23:28:10 - Start create edge fused time window graph for 2019-09-22 08:07:04.289000000~2019-09-22 08:22:43.295000000
2026-08-23 23:28:10 - Start create edge fused time window graph for 2019-09-22 08:22:43.295000000~2019-09-22 08:37:52.475000000
2026-08-23 23:28:11 - Start create edge fused time window graph for 2019-09-22 08:37:52.475000000~2019-09-22 08:53:03.484000000
2026-08-23 23:28:11 - Start create edge fused time window graph for 2019-09-22 08:53:03.484000000~2019-09-22 09:08:14.695000000
2026-08-23 23:28:11 - Start create edge fused time window graph for 2019-09-22 09:08:14.695000000~2019-09-22 09:23:42.716000000
2026-08-23 23:28:12 - Start create edge fused time window graph for 2019-09-22 09:23:42.716000000~2019-09-22 09:38:57.915000000
2026-08-23 23:28:12 - Start create edge fused time window graph for 2019-09-22 09:38:57.915000000~2019-09-22 09:54:17.857000000
2026-08-23 23:28:12 - Start create edge fused time window graph for 2019-09-22 09:54:17.857000000~2019-09-22 10:09:27.656000000
2026-08-23 23:28:13 - Start create edge fused time window graph for 2019-09-22 10:09:27.656000000~2019-09-22 10:24:37.703000000
2026-08-23 23:28:13 - Start create edge fused time window graph for 2019-09-22 10:24:37.703000000~2019-09-22 10:40:00.377000000
2026-08-23 23:28:13 - Start create edge fused time window graph for 2019-09-22 10:40:00.377000000~2019-09-22 10:55:05.572000000
2026-08-23 23:28:14 - Start create edge fused time window graph for 2019-09-22 10:55:05.572000000~2019-09-22 11:10:07.711000000
2026-08-23 23:28:14 - Start create edge fused time window graph for 2019-09-22 11:10:07.711000000~2019-09-22 11:25:23.862000000
2026-08-23 23:28:15 - Start create edge fused time window graph for 2019-09-22 11:25:23.862000000~2019-09-22 11:40:24.275000000
2026-08-23 23:28:15 - Start create edge fused time window graph for 2019-09-22 11:40:24.275000000~2019-09-22 11:55:31.412000000
2026-08-23 23:28:15 - Start create edge fused time window graph for 2019-09-22 11:55:31.412000000~2019-09-22 12:11:03.248000000
2026-08-23 23:28:16 - Start create edge fused time window graph for 2019-09-22 12:11:03.248000000~2019-09-22 12:26:29.054000000
2026-08-23 23:28:17 - Start create edge fused time window graph for 2019-09-22 12:26:29.054000000~2019-09-22 12:41:33.437000000
2026-08-23 23:28:17 - Start create edge fused time window graph for 2019-09-22 12:41:33.437000000~2019-09-22 12:56:34.078000000
2026-08-23 23:28:17 - Start create edge fused time window graph for 2019-09-22 12:56:34.078000000~2019-09-22 13:11:34.974000000
2026-08-23 23:28:18 - Start create edge fused time window graph for 2019-09-22 13:11:34.974000000~2019-09-22 13:27:23.303000000
2026-08-23 23:28:18 - Start create edge fused time window graph for 2019-09-22 13:27:23.303000000~2019-09-22 13:42:55.099000000
2026-08-23 23:28:18 - Start create edge fused time window graph for 2019-09-22 13:42:55.099000000~2019-09-22 13:58:06.076000000
2026-08-23 23:28:19 - Start create edge fused time window graph for 2019-09-22 13:58:06.076000000~2019-09-22 14:13:22.041000000
2026-08-23 23:28:19 - Start create edge fused time window graph for 2019-09-22 14:13:22.041000000~2019-09-22 14:28:27.448000000
2026-08-23 23:28:19 - Start create edge fused time window graph for 2019-09-22 14:28:27.448000000~2019-09-22 14:43:39.753000000
2026-08-23 23:28:20 - Start create edge fused time window graph for 2019-09-22 14:43:39.753000000~2019-09-22 14:59:30.779000000
2026-08-23 23:28:20 - Start create edge fused time window graph for 2019-09-22 14:59:30.779000000~2019-09-22 15:15:01.189000000
2026-08-23 23:28:20 - Start create edge fused time window graph for 2019-09-22 15:15:01.189000000~2019-09-22 15:30:25.853000000
2026-08-23 23:28:21 - Start create edge fused time window graph for 2019-09-22 15:30:25.853000000~2019-09-22 15:45:45.876000000
2026-08-23 23:28:21 - Start create edge fused time window graph for 2019-09-22 15:45:45.876000000~2019-09-22 16:00:53.585000000
2026-08-23 23:28:21 - Start create edge fused time window graph for 2019-09-22 16:00:53.585000000~2019-09-22 16:15:59.065000000
2026-08-23 23:28:22 - Start create edge fused time window graph for 2019-09-22 16:15:59.065000000~2019-09-22 16:31:01.795000000
2026-08-23 23:28:22 - Start create edge fused time window graph for 2019-09-22 16:31:01.795000000~2019-09-22 16:46:02.846000000
2026-08-23 23:28:23 - Start create edge fused time window graph for 2019-09-22 16:46:02.846000000~2019-09-22 17:01:03.241000000
2026-08-23 23:28:23 - Start create edge fused time window graph for 2019-09-22 17:01:03.241000000~2019-09-22 17:16:03.958000000
2026-08-23 23:28:23 - Start create edge fused time window graph for 2019-09-22 17:16:03.958000000~2019-09-22 17:31:18.106000000
2026-08-23 23:28:24 - Start create edge fused time window graph for 2019-09-22 17:31:18.106000000~2019-09-22 17:46:30.829000000
2026-08-23 23:28:24 - Start create edge fused time window graph for 2019-09-22 17:46:30.829000000~2019-09-22 18:01:57.396000000
2026-08-23 23:28:24 - Start create edge fused time window graph for 2019-09-22 18:01:57.396000000~2019-09-22 18:17:06.272000000
2026-08-23 23:28:25 - Start create edge fused time window graph for 2019-09-22 18:17:06.272000000~2019-09-22 18:32:12.104000000
2026-08-23 23:28:25 - Start create edge fused time window graph for 2019-09-22 18:32:12.104000000~2019-09-22 18:47:17.756000000
2026-08-23 23:28:25 - Start create edge fused time window graph for 2019-09-22 18:47:17.756000000~2019-09-22 19:02:42.085000000
2026-08-23 23:28:26 - Start create edge fused time window graph for 2019-09-22 19:02:42.085000000~2019-09-22 19:18:39.074000000
2026-08-23 23:28:26 - Start create edge fused time window graph for 2019-09-22 19:18:39.074000000~2019-09-22 19:33:57.077000000
2026-08-23 23:28:27 - Start create edge fused time window graph for 2019-09-22 19:33:57.077000000~2019-09-22 19:49:03.526000000
2026-08-23 23:28:27 - Start create edge fused time window graph for 2019-09-22 19:49:03.526000000~2019-09-22 20:04:05.549000000
2026-08-23 23:28:27 - Start create edge fused time window graph for 2019-09-22 20:04:05.549000000~2019-09-22 20:19:32.381000000
2026-08-23 23:28:28 - Start create edge fused time window graph for 2019-09-22 20:19:32.381000000~2019-09-22 20:34:57.189000000
2026-08-23 23:28:28 - Start create edge fused time window graph for 2019-09-22 20:34:57.189000000~2019-09-22 20:50:00.961000000
2026-08-23 23:28:28 - Start create edge fused time window graph for 2019-09-22 20:50:00.961000000~2019-09-22 21:05:07.211000000
2026-08-23 23:28:29 - Start create edge fused time window graph for 2019-09-22 21:05:07.211000000~2019-09-22 21:20:13.186000000
2026-08-23 23:28:29 - Start create edge fused time window graph for 2019-09-22 21:20:13.186000000~2019-09-22 21:35:58.183000000
2026-08-23 23:28:29 - Start create edge fused time window graph for 2019-09-22 21:35:58.183000000~2019-09-22 21:51:17.241000000
2026-08-23 23:28:30 - Start create edge fused time window graph for 2019-09-22 21:51:17.241000000~2019-09-22 22:06:26.361000000
2026-08-23 23:28:30 - Start create edge fused time window graph for 2019-09-22 22:06:26.361000000~2019-09-22 22:21:53.278000000
2026-08-23 23:28:30 - Start create edge fused time window graph for 2019-09-22 22:21:53.278000000~2019-09-22 22:37:03.084000000
2026-08-23 23:28:31 - Start create edge fused time window graph for 2019-09-22 22:37:03.084000000~2019-09-22 22:52:07.803000000
2026-08-23 23:28:31 - Start create edge fused time window graph for 2019-09-22 22:52:07.803000000~2019-09-22 23:07:37.691000000
2026-08-23 23:28:32 - Start create edge fused time window graph for 2019-09-22 23:07:37.691000000~2019-09-22 23:22:58.728000000
2026-08-23 23:28:32 - Start create edge fused time window graph for 2019-09-22 23:22:58.728000000~2019-09-22 23:38:04.335000000
2026-08-23 23:28:32 - Start create edge fused time window graph for 2019-09-22 23:38:04.335000000~2019-09-22 23:53:17.239000000
2026-08-23 23:28:39 - Start create edge fused time window graph for 2019-09-23 00:00:00.009000000~2019-09-23 00:15:01.008000000
2026-08-23 23:28:39 - Start create edge fused time window graph for 2019-09-23 00:15:01.008000000~2019-09-23 00:30:30.148000000
2026-08-23 23:28:40 - Start create edge fused time window graph for 2019-09-23 00:30:30.148000000~2019-09-23 00:45:34.472000000
2026-08-23 23:28:40 - Start create edge fused time window graph for 2019-09-23 00:45:34.472000000~2019-09-23 01:00:40.763000000
2026-08-23 23:28:41 - Start create edge fused time window graph for 2019-09-23 01:00:40.763000000~2019-09-23 01:15:51.394000000
2026-08-23 23:28:41 - Start create edge fused time window graph for 2019-09-23 01:15:51.394000000~2019-09-23 01:31:32.389000000
2026-08-23 23:28:41 - Start create edge fused time window graph for 2019-09-23 01:31:32.389000000~2019-09-23 01:46:37.064000000
2026-08-23 23:28:42 - Start create edge fused time window graph for 2019-09-23 01:46:37.064000000~2019-09-23 02:02:03.569000000
2026-08-23 23:28:42 - Start create edge fused time window graph for 2019-09-23 02:02:03.569000000~2019-09-23 02:17:08.427000000
2026-08-23 23:28:43 - Start create edge fused time window graph for 2019-09-23 02:17:08.427000000~2019-09-23 02:32:19.272000000
2026-08-23 23:28:43 - Start create edge fused time window graph for 2019-09-23 02:32:19.272000000~2019-09-23 02:47:21.122000000
2026-08-23 23:28:43 - Start create edge fused time window graph for 2019-09-23 02:47:21.122000000~2019-09-23 03:02:33.133000000
2026-08-23 23:28:44 - Start create edge fused time window graph for 2019-09-23 03:02:33.133000000~2019-09-23 03:17:56.816000000
2026-08-23 23:28:44 - Start create edge fused time window graph for 2019-09-23 03:17:56.816000000~2019-09-23 03:33:07.265000000
2026-08-23 23:28:44 - Start create edge fused time window graph for 2019-09-23 03:33:07.265000000~2019-09-23 03:48:12.006000000
2026-08-23 23:28:45 - Start create edge fused time window graph for 2019-09-23 03:48:12.006000000~2019-09-23 04:03:15.929000000
2026-08-23 23:28:45 - Start create edge fused time window graph for 2019-09-23 04:03:15.929000000~2019-09-23 04:18:32.968000000
2026-08-23 23:28:46 - Start create edge fused time window graph for 2019-09-23 04:18:32.968000000~2019-09-23 04:33:55.087000000
2026-08-23 23:28:46 - Start create edge fused time window graph for 2019-09-23 04:33:55.087000000~2019-09-23 04:48:58.117000000
2026-08-23 23:28:46 - Start create edge fused time window graph for 2019-09-23 04:48:58.117000000~2019-09-23 05:04:05.394000000
2026-08-23 23:28:47 - Start create edge fused time window graph for 2019-09-23 05:04:05.394000000~2019-09-23 05:19:47.727000000
2026-08-23 23:28:47 - Start create edge fused time window graph for 2019-09-23 05:19:47.727000000~2019-09-23 05:34:51.607000000
2026-08-23 23:28:47 - Start create edge fused time window graph for 2019-09-23 05:34:51.607000000~2019-09-23 05:50:01.643000000
2026-08-23 23:28:48 - Start create edge fused time window graph for 2019-09-23 05:50:01.643000000~2019-09-23 06:05:06.797000000
2026-08-23 23:28:48 - Start create edge fused time window graph for 2019-09-23 06:05:06.797000000~2019-09-23 06:20:09.597000000
2026-08-23 23:28:49 - Start create edge fused time window graph for 2019-09-23 06:20:09.597000000~2019-09-23 06:35:15.512000000
2026-08-23 23:28:49 - Start create edge fused time window graph for 2019-09-23 06:35:15.512000000~2019-09-23 06:50:31.994000000
2026-08-23 23:28:49 - Start create edge fused time window graph for 2019-09-23 06:50:31.994000000~2019-09-23 07:05:34.309000000
2026-08-23 23:28:50 - Start create edge fused time window graph for 2019-09-23 07:05:34.309000000~2019-09-23 07:20:37.921000000
2026-08-23 23:28:50 - Start create edge fused time window graph for 2019-09-23 07:20:37.921000000~2019-09-23 07:35:41.077000000
2026-08-23 23:28:50 - Start create edge fused time window graph for 2019-09-23 07:35:41.077000000~2019-09-23 07:51:31.099000000
2026-08-23 23:28:51 - Start create edge fused time window graph for 2019-09-23 07:51:31.099000000~2019-09-23 08:06:37.235000000
2026-08-23 23:28:51 - Start create edge fused time window graph for 2019-09-23 08:06:37.235000000~2019-09-23 08:21:49.514000000
2026-08-23 23:28:52 - Start create edge fused time window graph for 2019-09-23 08:21:49.514000000~2019-09-23 08:37:07.031000000
2026-08-23 23:28:52 - Start create edge fused time window graph for 2019-09-23 08:37:07.031000000~2019-09-23 08:52:30.804000000
2026-08-23 23:29:00 - Start create edge fused time window graph for 2019-09-24 09:59:06.675000000~2019-09-24 10:14:21.058000000
2026-08-23 23:29:01 - Start create edge fused time window graph for 2019-09-24 10:14:21.058000000~2019-09-24 10:29:30.774000000
2026-08-23 23:29:01 - Start create edge fused time window graph for 2019-09-24 10:29:30.774000000~2019-09-24 10:44:55.711000000
2026-08-23 23:29:01 - Start create edge fused time window graph for 2019-09-24 10:44:55.711000000~2019-09-24 11:00:16.307000000
2026-08-23 23:29:02 - Start create edge fused time window graph for 2019-09-24 11:00:16.307000000~2019-09-24 11:15:34.028000000
2026-08-23 23:29:02 - Start create edge fused time window graph for 2019-09-24 11:15:34.028000000~2019-09-24 11:30:34.442000000
2026-08-23 23:29:03 - Start create edge fused time window graph for 2019-09-24 11:30:34.442000000~2019-09-24 11:45:45.001000000
2026-08-23 23:29:04 - Start create edge fused time window graph for 2019-09-24 11:45:45.001000000~2019-09-24 12:00:55.683000000
2026-08-23 23:29:04 - Start create edge fused time window graph for 2019-09-24 12:00:55.683000000~2019-09-24 12:16:06.515000000
2026-08-23 23:29:04 - Start create edge fused time window graph for 2019-09-24 12:16:06.515000000~2019-09-24 12:31:25.365000000
2026-08-23 23:29:05 - Start create edge fused time window graph for 2019-09-24 12:31:25.365000000~2019-09-24 12:46:31.534000000
2026-08-23 23:29:05 - Start create edge fused time window graph for 2019-09-24 12:46:31.534000000~2019-09-24 13:01:42.564000000
2026-08-23 23:29:06 - Start create edge fused time window graph for 2019-09-24 13:01:42.564000000~2019-09-24 13:16:44.435000000
2026-08-23 23:29:06 - Start create edge fused time window graph for 2019-09-24 13:16:44.435000000~2019-09-24 13:32:04.069000000
2026-08-23 23:29:06 - Start create edge fused time window graph for 2019-09-24 13:32:04.069000000~2019-09-24 13:47:07.025000000
2026-08-23 23:29:07 - Start create edge fused time window graph for 2019-09-24 13:47:07.025000000~2019-09-24 14:02:21.118000000
2026-08-23 23:29:07 - Start create edge fused time window graph for 2019-09-24 14:02:21.118000000~2019-09-24 14:17:46.076000000
2026-08-23 23:29:07 - Start create edge fused time window graph for 2019-09-24 14:17:46.076000000~2019-09-24 14:32:50.978000000
2026-08-23 23:29:08 - Start create edge fused time window graph for 2019-09-24 14:32:50.978000000~2019-09-24 14:47:59.745000000
2026-08-23 23:29:08 - Start create edge fused time window graph for 2019-09-24 14:47:59.745000000~2019-09-24 15:03:35.696000000
2026-08-23 23:29:08 - Start create edge fused time window graph for 2019-09-24 15:03:35.696000000~2019-09-24 15:18:43.027000000
2026-08-23 23:29:09 - Start create edge fused time window graph for 2019-09-24 15:18:43.027000000~2019-09-24 15:33:55.879000000
2026-08-23 23:29:09 - Start create edge fused time window graph for 2019-09-24 15:33:55.879000000~2019-09-24 15:49:07.221000000
2026-08-23 23:29:09 - Start create edge fused time window graph for 2019-09-24 15:49:07.221000000~2019-09-24 16:04:32.234000000
2026-08-23 23:29:10 - Start create edge fused time window graph for 2019-09-24 16:04:32.234000000~2019-09-24 16:20:02.659000000
2026-08-23 23:29:10 - Start create edge fused time window graph for 2019-09-24 16:20:02.659000000~2019-09-24 16:35:41.564000000
2026-08-23 23:29:10 - Start create edge fused time window graph for 2019-09-24 16:35:41.564000000~2019-09-24 16:50:51.044000000
2026-08-23 23:29:11 - Start create edge fused time window graph for 2019-09-24 16:50:51.044000000~2019-09-24 17:05:54.014000000
2026-08-23 23:29:11 - Start create edge fused time window graph for 2019-09-24 17:05:54.014000000~2019-09-24 17:20:57.901000000
2026-08-23 23:29:11 - Start create edge fused time window graph for 2019-09-24 17:20:57.901000000~2019-09-24 17:36:02.612000000
2026-08-23 23:29:12 - Start create edge fused time window graph for 2019-09-24 17:36:02.612000000~2019-09-24 17:51:30.395000000
2026-08-23 23:29:12 - Start create edge fused time window graph for 2019-09-24 17:51:30.395000000~2019-09-24 18:06:37.014000000
2026-08-23 23:29:12 - Start create edge fused time window graph for 2019-09-24 18:06:37.014000000~2019-09-24 18:21:56.721000000
2026-08-23 23:29:13 - Start create edge fused time window graph for 2019-09-24 18:21:56.721000000~2019-09-24 18:36:58.095000000
2026-08-23 23:29:13 - Start create edge fused time window graph for 2019-09-24 18:36:58.095000000~2019-09-24 18:52:09.846000000
2026-08-23 23:29:13 - Start create edge fused time window graph for 2019-09-24 18:52:09.846000000~2019-09-24 19:07:41.007000000
2026-08-23 23:29:14 - Start create edge fused time window graph for 2019-09-24 19:07:41.007000000~2019-09-24 19:23:02.308000000
2026-08-23 23:29:14 - Start create edge fused time window graph for 2019-09-24 19:23:02.308000000~2019-09-24 19:39:02.039000000
2026-08-23 23:29:14 - Start create edge fused time window graph for 2019-09-24 19:39:02.039000000~2019-09-24 19:54:14.832000000
2026-08-23 23:29:14 - Start create edge fused time window graph for 2019-09-24 19:54:14.832000000~2019-09-24 20:09:23.659000000
2026-08-23 23:29:15 - Start create edge fused time window graph for 2019-09-24 20:09:23.659000000~2019-09-24 20:24:26.475000000
2026-08-23 23:29:15 - Start create edge fused time window graph for 2019-09-24 20:24:26.475000000~2019-09-24 20:40:07.779000000
2026-08-23 23:29:15 - Start create edge fused time window graph for 2019-09-24 20:40:07.779000000~2019-09-24 20:55:31.075000000
2026-08-23 23:29:16 - Start create edge fused time window graph for 2019-09-24 20:55:31.075000000~2019-09-24 21:11:14.032000000
2026-08-23 23:29:16 - Start create edge fused time window graph for 2019-09-24 21:11:14.032000000~2019-09-24 21:26:43.818000000
2026-08-23 23:29:16 - Start create edge fused time window graph for 2019-09-24 21:26:43.818000000~2019-09-24 21:42:42.365000000
2026-08-23 23:29:17 - Start create edge fused time window graph for 2019-09-24 21:42:42.365000000~2019-09-24 21:58:03.054000000
2026-08-23 23:29:17 - Start create edge fused time window graph for 2019-09-24 21:58:03.054000000~2019-09-24 22:13:07.383000000
2026-08-23 23:29:17 - Start create edge fused time window graph for 2019-09-24 22:13:07.383000000~2019-09-24 22:28:43.757000000
2026-08-23 23:29:18 - Start create edge fused time window graph for 2019-09-24 22:28:43.757000000~2019-09-24 22:44:03.326000000
2026-08-23 23:29:18 - Start create edge fused time window graph for 2019-09-24 22:44:03.326000000~2019-09-24 22:59:31.325000000
2026-08-23 23:29:18 - Start create edge fused time window graph for 2019-09-24 22:59:31.325000000~2019-09-24 23:14:58.867000000
2026-08-23 23:29:19 - Start create edge fused time window graph for 2019-09-24 23:14:58.867000000~2019-09-24 23:29:58.987000000
2026-08-23 23:29:19 - Start create edge fused time window graph for 2019-09-24 23:29:58.987000000~2019-09-24 23:45:08.597000000
2026-08-23 23:29:27 - Start create edge fused time window graph for 2019-09-25 00:00:00.076000000~2019-09-25 00:15:04.126000000
2026-08-23 23:29:27 - Start create edge fused time window graph for 2019-09-25 00:15:04.126000000~2019-09-25 00:30:53.026000000
2026-08-23 23:29:27 - Start create edge fused time window graph for 2019-09-25 00:30:53.026000000~2019-09-25 00:46:01.792000000
2026-08-23 23:29:28 - Start create edge fused time window graph for 2019-09-25 00:46:01.792000000~2019-09-25 01:01:10.261000000
2026-08-23 23:29:28 - Start create edge fused time window graph for 2019-09-25 01:01:10.261000000~2019-09-25 01:16:17.456000000
2026-08-23 23:29:29 - Start create edge fused time window graph for 2019-09-25 01:16:17.456000000~2019-09-25 01:31:19.094000000
2026-08-23 23:29:29 - Start create edge fused time window graph for 2019-09-25 01:31:19.094000000~2019-09-25 01:46:33.365000000
2026-08-23 23:29:29 - Start create edge fused time window graph for 2019-09-25 01:46:33.365000000~2019-09-25 02:01:41.596000000
2026-08-23 23:29:30 - Start create edge fused time window graph for 2019-09-25 02:01:41.596000000~2019-09-25 02:16:47.096000000
2026-08-23 23:29:30 - Start create edge fused time window graph for 2019-09-25 02:16:47.096000000~2019-09-25 02:32:30.394000000
2026-08-23 23:29:30 - Start create edge fused time window graph for 2019-09-25 02:32:30.394000000~2019-09-25 02:47:34.575000000
2026-08-23 23:29:31 - Start create edge fused time window graph for 2019-09-25 02:47:34.575000000~2019-09-25 03:02:41.704000000
2026-08-23 23:29:31 - Start create edge fused time window graph for 2019-09-25 03:02:41.704000000~2019-09-25 03:18:10.242000000
2026-08-23 23:29:31 - Start create edge fused time window graph for 2019-09-25 03:18:10.242000000~2019-09-25 03:33:22.319000000
2026-08-23 23:29:31 - Start create edge fused time window graph for 2019-09-25 03:33:22.319000000~2019-09-25 03:49:00.278000000
2026-08-23 23:29:32 - Start create edge fused time window graph for 2019-09-25 03:49:00.278000000~2019-09-25 04:04:15.179000000
2026-08-23 23:29:32 - Start create edge fused time window graph for 2019-09-25 04:04:15.179000000~2019-09-25 04:20:20.533000000
2026-08-23 23:29:32 - Start create edge fused time window graph for 2019-09-25 04:20:20.533000000~2019-09-25 04:35:40.951000000
2026-08-23 23:29:33 - Start create edge fused time window graph for 2019-09-25 04:35:40.951000000~2019-09-25 04:51:15.901000000
2026-08-23 23:29:33 - Start create edge fused time window graph for 2019-09-25 04:51:15.901000000~2019-09-25 05:06:17.031000000
2026-08-23 23:29:33 - Start create edge fused time window graph for 2019-09-25 05:06:17.031000000~2019-09-25 05:21:41.477000000
2026-08-23 23:29:34 - Start create edge fused time window graph for 2019-09-25 05:21:41.477000000~2019-09-25 05:36:46.338000000
2026-08-23 23:29:34 - Start create edge fused time window graph for 2019-09-25 05:36:46.338000000~2019-09-25 05:51:48.862000000
2026-08-23 23:29:34 - Start create edge fused time window graph for 2019-09-25 05:51:48.862000000~2019-09-25 06:06:53.058000000
2026-08-23 23:29:34 - Start create edge fused time window graph for 2019-09-25 06:06:53.058000000~2019-09-25 06:21:58.167000000
2026-08-23 23:29:35 - Start create edge fused time window graph for 2019-09-25 06:21:58.167000000~2019-09-25 06:37:02.877000000
2026-08-23 23:29:35 - Start create edge fused time window graph for 2019-09-25 06:37:02.877000000~2019-09-25 06:52:09.351000000
2026-08-23 23:29:35 - Start create edge fused time window graph for 2019-09-25 06:52:09.351000000~2019-09-25 07:07:44.966000000
2026-08-23 23:29:36 - Start create edge fused time window graph for 2019-09-25 07:07:44.966000000~2019-09-25 07:23:01.179000000
2026-08-23 23:29:36 - Start create edge fused time window graph for 2019-09-25 07:23:01.179000000~2019-09-25 07:38:02.808000000
2026-08-23 23:29:36 - Start create edge fused time window graph for 2019-09-25 07:38:02.808000000~2019-09-25 07:53:18.787000000
2026-08-23 23:29:37 - Start create edge fused time window graph for 2019-09-25 07:53:18.787000000~2019-09-25 08:08:50.328000000
2026-08-23 23:29:37 - Start create edge fused time window graph for 2019-09-25 08:08:50.328000000~2019-09-25 08:24:02.662000000
2026-08-23 23:29:37 - Start create edge fused time window graph for 2019-09-25 08:24:02.662000000~2019-09-25 08:40:19.726000000
2026-08-23 23:29:37 - Start create edge fused time window graph for 2019-09-25 08:40:19.726000000~2019-09-25 08:55:28.039000000
2026-08-23 23:29:38 - Start create edge fused time window graph for 2019-09-25 08:55:28.039000000~2019-09-25 09:11:01.908000000
2026-08-23 23:29:38 - Start create edge fused time window graph for 2019-09-25 09:11:01.908000000~2019-09-25 09:26:19.318000000
2026-08-23 23:29:39 - Start create edge fused time window graph for 2019-09-25 09:26:19.318000000~2019-09-25 09:41:42.074000000
2026-08-23 23:29:39 - Start create edge fused time window graph for 2019-09-25 09:41:42.074000000~2019-09-25 09:56:56.357000000
2026-08-23 23:29:40 - Start create edge fused time window graph for 2019-09-25 09:56:56.357000000~2019-09-25 10:12:03.611000000
2026-08-23 23:29:40 - Start create edge fused time window graph for 2019-09-25 10:12:03.611000000~2019-09-25 10:27:21.698000000
2026-08-23 23:29:40 - Start create edge fused time window graph for 2019-09-25 10:27:21.698000000~2019-09-25 10:42:45.759000000
2026-08-23 23:29:41 - Start create edge fused time window graph for 2019-09-25 10:42:45.759000000~2019-09-25 10:57:51.438000000
2026-08-23 23:29:41 - Start create edge fused time window graph for 2019-09-25 10:57:51.438000000~2019-09-25 11:13:19.595000000
2026-08-23 23:29:41 - Start create edge fused time window graph for 2019-09-25 11:13:19.595000000~2019-09-25 11:28:56.494000000
2026-08-23 23:29:42 - Start create edge fused time window graph for 2019-09-25 11:28:56.494000000~2019-09-25 11:44:01.029000000
2026-08-23 23:29:42 - Start create edge fused time window graph for 2019-09-25 11:44:01.029000000~2019-09-25 11:59:11.021000000
2026-08-23 23:29:42 - Start create edge fused time window graph for 2019-09-25 11:59:11.021000000~2019-09-25 12:14:26.706000000
2026-08-23 23:29:43 - Start create edge fused time window graph for 2019-09-25 12:14:26.706000000~2019-09-25 12:29:37.576000000
2026-08-23 23:29:43 - Start create edge fused time window graph for 2019-09-25 12:29:37.576000000~2019-09-25 12:44:53.193000000
2026-08-23 23:29:43 - Start create edge fused time window graph for 2019-09-25 12:44:53.193000000~2019-09-25 13:00:58.852000000
2026-08-23 23:29:43 - Start create edge fused time window graph for 2019-09-25 13:00:58.852000000~2019-09-25 13:16:24.083000000
2026-08-23 23:29:44 - Start create edge fused time window graph for 2019-09-25 13:16:24.083000000~2019-09-25 13:31:42.324000000
2026-08-23 23:29:44 - Start create edge fused time window graph for 2019-09-25 13:31:42.324000000~2019-09-25 13:46:47.054000000
2026-08-23 23:29:45 - Start create edge fused time window graph for 2019-09-25 13:46:47.054000000~2019-09-25 14:17:07.832000000
2026-08-23 23:29:46 - Start create edge fused time window graph for 2019-09-25 14:17:07.832000000~2019-09-25 14:32:42.002000000
2026-08-23 23:29:48 - 
2026-08-23 23:29:48 - START LOGGING FOR SUBTASK: build_feature_word2vec
2026-08-23 23:29:48 - 
2026-08-23 23:29:48 - Building feature word2vec model and save model to ./artifacts/edge_featurization/OPTC_H051/embed_nodes/6355962fd1a8c0cab0b4e81529ff359818222f0d5bdf4ad160594e8a571fe002/word2vec_models/
2026-08-23 23:29:48 - Get indexid2msg from database...
2026-08-23 23:29:54 - Number of netflow nodes: 2618180
2026-08-23 23:29:56 - Number of process nodes: 36524
2026-08-23 23:29:57 - Number of file nodes: 246040
2026-08-23 23:29:57 - Start building and training feature word2vec model...
2026-08-23 23:29:57 - Loading and tokenizing corpus from database...
Tokenizing corpus from database::   0%|          | 0/2900744 [00:00<?, ?it/s]Tokenizing corpus from database::   0%|          | 1597/2900744 [00:00<03:01, 15966.44it/s]Tokenizing corpus from database::   0%|          | 3317/2900744 [00:00<02:53, 16688.40it/s]Tokenizing corpus from database::   0%|          | 5003/2900744 [00:00<02:52, 16762.21it/s]Tokenizing corpus from database::   0%|          | 6695/2900744 [00:00<02:52, 16822.26it/s]Tokenizing corpus from database::   0%|          | 8378/2900744 [00:00<02:52, 16803.77it/s]Tokenizing corpus from database::   0%|          | 10059/2900744 [00:00<02:53, 16708.39it/s]Tokenizing corpus from database::   0%|          | 11753/2900744 [00:00<02:52, 16781.43it/s]Tokenizing corpus from database::   0%|          | 13448/2900744 [00:00<02:51, 16833.38it/s]Tokenizing corpus from database::   1%|          | 15145/2900744 [00:00<02:50, 16875.74it/s]Tokenizing corpus from database::   1%|          | 16840/2900744 [00:01<02:50, 16896.75it/s]Tokenizing corpus from database::   1%|          | 18530/2900744 [00:01<02:50, 16869.05it/s]Tokenizing corpus from database::   1%|          | 20217/2900744 [00:01<02:51, 16821.08it/s]Tokenizing corpus from database::   1%|          | 21906/2900744 [00:01<02:50, 16840.29it/s]Tokenizing corpus from database::   1%|          | 23610/2900744 [00:01<02:50, 16899.99it/s]Tokenizing corpus from database::   1%|          | 25301/2900744 [00:01<02:50, 16868.43it/s]Tokenizing corpus from database::   1%|          | 26988/2900744 [00:01<02:50, 16814.02it/s]Tokenizing corpus from database::   1%|          | 28672/2900744 [00:01<02:50, 16821.60it/s]Tokenizing corpus from database::   1%|          | 30355/2900744 [00:01<02:50, 16809.27it/s]Tokenizing corpus from database::   1%|          | 32048/2900744 [00:01<02:50, 16843.26it/s]Tokenizing corpus from database::   1%|          | 33743/2900744 [00:02<02:49, 16872.21it/s]Tokenizing corpus from database::   1%|          | 35432/2900744 [00:02<02:49, 16875.52it/s]Tokenizing corpus from database::   1%|▏         | 37120/2900744 [00:02<02:49, 16874.47it/s]Tokenizing corpus from database::   1%|▏         | 38813/2900744 [00:02<02:49, 16889.84it/s]Tokenizing corpus from database::   1%|▏         | 40503/2900744 [00:02<02:49, 16891.78it/s]Tokenizing corpus from database::   1%|▏         | 42193/2900744 [00:02<02:49, 16890.44it/s]Tokenizing corpus from database::   2%|▏         | 43883/2900744 [00:02<02:49, 16842.79it/s]Tokenizing corpus from database::   2%|▏         | 45572/2900744 [00:02<02:49, 16854.56it/s]Tokenizing corpus from database::   2%|▏         | 47272/2900744 [00:02<02:48, 16895.81it/s]Tokenizing corpus from database::   2%|▏         | 48983/2900744 [00:02<02:48, 16958.23it/s]Tokenizing corpus from database::   2%|▏         | 50685/2900744 [00:03<02:47, 16975.40it/s]Tokenizing corpus from database::   2%|▏         | 52383/2900744 [00:03<02:48, 16945.56it/s]Tokenizing corpus from database::   2%|▏         | 54078/2900744 [00:03<02:48, 16926.12it/s]Tokenizing corpus from database::   2%|▏         | 55771/2900744 [00:03<02:48, 16920.60it/s]Tokenizing corpus from database::   2%|▏         | 57473/2900744 [00:03<02:47, 16948.01it/s]Tokenizing corpus from database::   2%|▏         | 59168/2900744 [00:03<02:47, 16941.25it/s]Tokenizing corpus from database::   2%|▏         | 60863/2900744 [00:03<02:50, 16690.88it/s]Tokenizing corpus from database::   2%|▏         | 62552/2900744 [00:03<02:49, 16747.38it/s]Tokenizing corpus from database::   2%|▏         | 64244/2900744 [00:03<02:48, 16797.06it/s]Tokenizing corpus from database::   2%|▏         | 65944/2900744 [00:03<02:48, 16855.51it/s]Tokenizing corpus from database::   2%|▏         | 67647/2900744 [00:04<02:47, 16907.00it/s]Tokenizing corpus from database::   2%|▏         | 69338/2900744 [00:04<02:47, 16867.34it/s]Tokenizing corpus from database::   2%|▏         | 71025/2900744 [00:04<02:47, 16853.64it/s]Tokenizing corpus from database::   3%|▎         | 72711/2900744 [00:04<02:49, 16694.12it/s]Tokenizing corpus from database::   3%|▎         | 74395/2900744 [00:04<02:48, 16735.62it/s]Tokenizing corpus from database::   3%|▎         | 76069/2900744 [00:04<02:48, 16731.79it/s]Tokenizing corpus from database::   3%|▎         | 77743/2900744 [00:04<02:49, 16690.10it/s]Tokenizing corpus from database::   3%|▎         | 79414/2900744 [00:04<02:49, 16693.77it/s]Tokenizing corpus from database::   3%|▎         | 81084/2900744 [00:04<02:49, 16650.31it/s]Tokenizing corpus from database::   3%|▎         | 82750/2900744 [00:04<02:49, 16645.78it/s]Tokenizing corpus from database::   3%|▎         | 84434/2900744 [00:05<02:48, 16700.97it/s]Tokenizing corpus from database::   3%|▎         | 86119/2900744 [00:05<02:48, 16744.72it/s]Tokenizing corpus from database::   3%|▎         | 87794/2900744 [00:05<02:48, 16740.20it/s]Tokenizing corpus from database::   3%|▎         | 89473/2900744 [00:05<02:47, 16753.09it/s]Tokenizing corpus from database::   3%|▎         | 91156/2900744 [00:05<02:47, 16774.31it/s]Tokenizing corpus from database::   3%|▎         | 92834/2900744 [00:05<02:47, 16763.97it/s]Tokenizing corpus from database::   3%|▎         | 94511/2900744 [00:05<02:47, 16705.01it/s]Tokenizing corpus from database::   3%|▎         | 96187/2900744 [00:05<02:47, 16720.67it/s]Tokenizing corpus from database::   3%|▎         | 97861/2900744 [00:05<02:47, 16725.41it/s]Tokenizing corpus from database::   3%|▎         | 99534/2900744 [00:05<02:47, 16675.61it/s]Tokenizing corpus from database::   4%|▎         | 101677/2900744 [00:06<02:34, 18095.39it/s]Tokenizing corpus from database::   4%|▎         | 103488/2900744 [00:06<02:38, 17630.13it/s]Tokenizing corpus from database::   4%|▎         | 105254/2900744 [00:06<02:41, 17340.61it/s]Tokenizing corpus from database::   4%|▎         | 106991/2900744 [00:06<02:43, 17132.18it/s]Tokenizing corpus from database::   4%|▎         | 108707/2900744 [00:06<02:44, 16986.53it/s]Tokenizing corpus from database::   4%|▍         | 110407/2900744 [00:06<02:44, 16912.31it/s]Tokenizing corpus from database::   4%|▍         | 112099/2900744 [00:06<02:46, 16728.47it/s]Tokenizing corpus from database::   4%|▍         | 113773/2900744 [00:06<02:46, 16717.30it/s]Tokenizing corpus from database::   4%|▍         | 115446/2900744 [00:06<02:47, 16652.81it/s]Tokenizing corpus from database::   4%|▍         | 117115/2900744 [00:06<02:47, 16660.78it/s]Tokenizing corpus from database::   4%|▍         | 118782/2900744 [00:07<02:47, 16620.59it/s]Tokenizing corpus from database::   4%|▍         | 120445/2900744 [00:07<02:47, 16554.87it/s]Tokenizing corpus from database::   4%|▍         | 122119/2900744 [00:07<02:47, 16609.53it/s]Tokenizing corpus from database::   4%|▍         | 123816/2900744 [00:07<02:46, 16714.17it/s]Tokenizing corpus from database::   4%|▍         | 125530/2900744 [00:07<02:44, 16839.44it/s]Tokenizing corpus from database::   4%|▍         | 127215/2900744 [00:07<02:44, 16818.26it/s]Tokenizing corpus from database::   4%|▍         | 128897/2900744 [00:07<02:45, 16767.35it/s]Tokenizing corpus from database::   5%|▍         | 130591/2900744 [00:07<02:44, 16816.96it/s]Tokenizing corpus from database::   5%|▍         | 132299/2900744 [00:07<02:43, 16893.39it/s]Tokenizing corpus from database::   5%|▍         | 134002/2900744 [00:07<02:43, 16932.87it/s]Tokenizing corpus from database::   5%|▍         | 135717/2900744 [00:08<02:42, 16996.72it/s]Tokenizing corpus from database::   5%|▍         | 137417/2900744 [00:08<02:43, 16927.37it/s]Tokenizing corpus from database::   5%|▍         | 139112/2900744 [00:08<02:43, 16932.39it/s]Tokenizing corpus from database::   5%|▍         | 140806/2900744 [00:08<02:44, 16826.52it/s]Tokenizing corpus from database::   5%|▍         | 142489/2900744 [00:08<02:44, 16812.18it/s]Tokenizing corpus from database::   5%|▍         | 144177/2900744 [00:08<02:43, 16829.80it/s]Tokenizing corpus from database::   5%|▌         | 145861/2900744 [00:08<02:43, 16803.39it/s]Tokenizing corpus from database::   5%|▌         | 147568/2900744 [00:08<02:43, 16880.28it/s]Tokenizing corpus from database::   5%|▌         | 149287/2900744 [00:08<02:42, 16970.68it/s]Tokenizing corpus from database::   5%|▌         | 150998/2900744 [00:08<02:41, 17011.44it/s]Tokenizing corpus from database::   5%|▌         | 152712/2900744 [00:09<02:41, 17048.52it/s]Tokenizing corpus from database::   5%|▌         | 154417/2900744 [00:09<02:41, 17002.61it/s]Tokenizing corpus from database::   5%|▌         | 156118/2900744 [00:09<02:41, 16948.77it/s]Tokenizing corpus from database::   5%|▌         | 157813/2900744 [00:09<02:42, 16930.29it/s]Tokenizing corpus from database::   5%|▌         | 159507/2900744 [00:09<02:41, 16926.27it/s]Tokenizing corpus from database::   6%|▌         | 161200/2900744 [00:09<02:41, 16924.18it/s]Tokenizing corpus from database::   6%|▌         | 162893/2900744 [00:09<02:43, 16774.04it/s]Tokenizing corpus from database::   6%|▌         | 164585/2900744 [00:09<02:42, 16816.74it/s]Tokenizing corpus from database::   6%|▌         | 166273/2900744 [00:09<02:42, 16832.55it/s]Tokenizing corpus from database::   6%|▌         | 167961/2900744 [00:09<02:42, 16844.41it/s]Tokenizing corpus from database::   6%|▌         | 169646/2900744 [00:10<02:42, 16844.27it/s]Tokenizing corpus from database::   6%|▌         | 171331/2900744 [00:10<02:42, 16794.86it/s]Tokenizing corpus from database::   6%|▌         | 173035/2900744 [00:10<02:41, 16865.91it/s]Tokenizing corpus from database::   6%|▌         | 174726/2900744 [00:10<02:41, 16878.29it/s]Tokenizing corpus from database::   6%|▌         | 176414/2900744 [00:10<02:41, 16857.66it/s]Tokenizing corpus from database::   6%|▌         | 178100/2900744 [00:10<02:41, 16849.02it/s]Tokenizing corpus from database::   6%|▌         | 179785/2900744 [00:10<02:42, 16768.91it/s]Tokenizing corpus from database::   6%|▋         | 181482/2900744 [00:10<02:41, 16828.79it/s]Tokenizing corpus from database::   6%|▋         | 183171/2900744 [00:10<02:41, 16845.44it/s]Tokenizing corpus from database::   6%|▋         | 184874/2900744 [00:10<02:40, 16900.30it/s]Tokenizing corpus from database::   6%|▋         | 186565/2900744 [00:11<02:40, 16897.52it/s]Tokenizing corpus from database::   6%|▋         | 188256/2900744 [00:11<02:40, 16898.96it/s]Tokenizing corpus from database::   7%|▋         | 189946/2900744 [00:11<02:40, 16886.17it/s]Tokenizing corpus from database::   7%|▋         | 191635/2900744 [00:11<02:40, 16877.10it/s]Tokenizing corpus from database::   7%|▋         | 193325/2900744 [00:11<02:40, 16882.23it/s]Tokenizing corpus from database::   7%|▋         | 195014/2900744 [00:11<02:40, 16879.00it/s]Tokenizing corpus from database::   7%|▋         | 196702/2900744 [00:11<02:40, 16849.15it/s]Tokenizing corpus from database::   7%|▋         | 198400/2900744 [00:11<02:40, 16885.87it/s]Tokenizing corpus from database::   7%|▋         | 200089/2900744 [00:11<02:40, 16873.15it/s]Tokenizing corpus from database::   7%|▋         | 201777/2900744 [00:11<02:40, 16865.28it/s]Tokenizing corpus from database::   7%|▋         | 203470/2900744 [00:12<02:39, 16881.67it/s]Tokenizing corpus from database::   7%|▋         | 205164/2900744 [00:12<02:39, 16897.17it/s]Tokenizing corpus from database::   7%|▋         | 206854/2900744 [00:12<02:39, 16894.07it/s]Tokenizing corpus from database::   7%|▋         | 208544/2900744 [00:12<02:39, 16886.42it/s]Tokenizing corpus from database::   7%|▋         | 210233/2900744 [00:12<02:39, 16876.31it/s]Tokenizing corpus from database::   7%|▋         | 211921/2900744 [00:12<02:39, 16825.45it/s]Tokenizing corpus from database::   7%|▋         | 213604/2900744 [00:12<02:40, 16788.30it/s]Tokenizing corpus from database::   7%|▋         | 215291/2900744 [00:12<02:39, 16810.64it/s]Tokenizing corpus from database::   7%|▋         | 216997/2900744 [00:12<02:38, 16882.88it/s]Tokenizing corpus from database::   8%|▊         | 218686/2900744 [00:12<02:39, 16844.82it/s]Tokenizing corpus from database::   8%|▊         | 220371/2900744 [00:13<02:39, 16815.96it/s]Tokenizing corpus from database::   8%|▊         | 222053/2900744 [00:13<02:39, 16814.16it/s]Tokenizing corpus from database::   8%|▊         | 223736/2900744 [00:13<02:39, 16817.81it/s]Tokenizing corpus from database::   8%|▊         | 225418/2900744 [00:13<02:39, 16814.94it/s]Tokenizing corpus from database::   8%|▊         | 227100/2900744 [00:13<02:39, 16793.23it/s]Tokenizing corpus from database::   8%|▊         | 228781/2900744 [00:13<02:39, 16797.56it/s]Tokenizing corpus from database::   8%|▊         | 230461/2900744 [00:13<02:39, 16738.93it/s]Tokenizing corpus from database::   8%|▊         | 232135/2900744 [00:13<02:39, 16737.46it/s]Tokenizing corpus from database::   8%|▊         | 233815/2900744 [00:13<02:39, 16754.15it/s]Tokenizing corpus from database::   8%|▊         | 235491/2900744 [00:13<02:39, 16753.59it/s]Tokenizing corpus from database::   8%|▊         | 237168/2900744 [00:14<02:38, 16756.67it/s]Tokenizing corpus from database::   8%|▊         | 238844/2900744 [00:14<02:39, 16739.89it/s]Tokenizing corpus from database::   8%|▊         | 240522/2900744 [00:14<02:38, 16749.38it/s]Tokenizing corpus from database::   8%|▊         | 242211/2900744 [00:14<02:38, 16790.10it/s]Tokenizing corpus from database::   8%|▊         | 243891/2900744 [00:14<02:38, 16781.58it/s]Tokenizing corpus from database::   8%|▊         | 245574/2900744 [00:14<02:38, 16794.97it/s]Tokenizing corpus from database::   9%|▊         | 247254/2900744 [00:14<02:38, 16740.05it/s]Tokenizing corpus from database::   9%|▊         | 248933/2900744 [00:14<02:38, 16752.00it/s]Tokenizing corpus from database::   9%|▊         | 250622/2900744 [00:14<02:37, 16791.72it/s]Tokenizing corpus from database::   9%|▊         | 252311/2900744 [00:14<02:37, 16819.77it/s]Tokenizing corpus from database::   9%|▉         | 254003/2900744 [00:15<02:37, 16849.18it/s]Tokenizing corpus from database::   9%|▉         | 255697/2900744 [00:15<02:36, 16873.45it/s]Tokenizing corpus from database::   9%|▉         | 257397/2900744 [00:15<02:36, 16908.85it/s]Tokenizing corpus from database::   9%|▉         | 259088/2900744 [00:15<02:36, 16865.21it/s]Tokenizing corpus from database::   9%|▉         | 260775/2900744 [00:15<02:36, 16854.33it/s]Tokenizing corpus from database::   9%|▉         | 262461/2900744 [00:15<02:37, 16767.05it/s]Tokenizing corpus from database::   9%|▉         | 264138/2900744 [00:15<02:37, 16742.37it/s]Tokenizing corpus from database::   9%|▉         | 265831/2900744 [00:15<02:36, 16795.72it/s]Tokenizing corpus from database::   9%|▉         | 267518/2900744 [00:15<02:36, 16817.08it/s]Tokenizing corpus from database::   9%|▉         | 269234/2900744 [00:15<02:35, 16918.63it/s]Tokenizing corpus from database::   9%|▉         | 270940/2900744 [00:16<02:35, 16959.32it/s]Tokenizing corpus from database::   9%|▉         | 272636/2900744 [00:16<02:35, 16938.70it/s]Tokenizing corpus from database::   9%|▉         | 274330/2900744 [00:16<02:35, 16927.46it/s]Tokenizing corpus from database::  10%|▉         | 276023/2900744 [00:16<02:35, 16911.69it/s]Tokenizing corpus from database::  10%|▉         | 277715/2900744 [00:16<02:35, 16907.75it/s]Tokenizing corpus from database::  10%|▉         | 279406/2900744 [00:16<02:35, 16896.66it/s]Tokenizing corpus from database::  10%|▉         | 281096/2900744 [00:16<02:35, 16825.74it/s]Tokenizing corpus from database::  10%|▉         | 282797/2900744 [00:16<02:35, 16879.10it/s]Tokenizing corpus from database::  10%|▉         | 284511/2900744 [00:16<02:34, 16955.98it/s]Tokenizing corpus from database::  10%|▉         | 286234/2900744 [00:16<02:33, 17036.77it/s]Tokenizing corpus from database::  10%|▉         | 287938/2900744 [00:17<02:33, 17011.71it/s]Tokenizing corpus from database::  10%|▉         | 289640/2900744 [00:17<02:33, 16967.01it/s]Tokenizing corpus from database::  10%|█         | 291342/2900744 [00:17<02:33, 16980.40it/s]Tokenizing corpus from database::  10%|█         | 293041/2900744 [00:17<02:33, 16975.54it/s]Tokenizing corpus from database::  10%|█         | 294739/2900744 [00:17<02:33, 16936.27it/s]Tokenizing corpus from database::  10%|█         | 296433/2900744 [00:17<02:34, 16829.91it/s]Tokenizing corpus from database::  10%|█         | 298117/2900744 [00:17<02:35, 16760.53it/s]Tokenizing corpus from database::  10%|█         | 299803/2900744 [00:17<02:34, 16789.07it/s]Tokenizing corpus from database::  10%|█         | 301517/2900744 [00:17<02:33, 16891.27it/s]Tokenizing corpus from database::  10%|█         | 303235/2900744 [00:17<02:33, 16975.62it/s]Tokenizing corpus from database::  11%|█         | 304933/2900744 [00:18<02:33, 16939.45it/s]Tokenizing corpus from database::  11%|█         | 306628/2900744 [00:18<02:33, 16939.05it/s]Tokenizing corpus from database::  11%|█         | 308329/2900744 [00:18<02:32, 16957.28it/s]Tokenizing corpus from database::  11%|█         | 310025/2900744 [00:18<02:32, 16948.13it/s]Tokenizing corpus from database::  11%|█         | 311720/2900744 [00:18<02:32, 16923.90it/s]Tokenizing corpus from database::  11%|█         | 313413/2900744 [00:18<02:33, 16820.86it/s]Tokenizing corpus from database::  11%|█         | 315103/2900744 [00:18<02:33, 16844.28it/s]Tokenizing corpus from database::  11%|█         | 316789/2900744 [00:18<02:33, 16848.02it/s]Tokenizing corpus from database::  11%|█         | 318474/2900744 [00:18<02:33, 16833.54it/s]Tokenizing corpus from database::  11%|█         | 320173/2900744 [00:18<02:32, 16878.44it/s]Tokenizing corpus from database::  11%|█         | 321869/2900744 [00:19<02:32, 16901.09it/s]Tokenizing corpus from database::  11%|█         | 323571/2900744 [00:19<02:32, 16934.52it/s]Tokenizing corpus from database::  11%|█         | 325286/2900744 [00:19<02:31, 16996.05it/s]Tokenizing corpus from database::  11%|█▏        | 326992/2900744 [00:19<02:31, 17012.42it/s]Tokenizing corpus from database::  11%|█▏        | 328694/2900744 [00:19<02:31, 16973.47it/s]Tokenizing corpus from database::  11%|█▏        | 330392/2900744 [00:19<02:32, 16896.70it/s]Tokenizing corpus from database::  11%|█▏        | 332089/2900744 [00:19<02:31, 16917.51it/s]Tokenizing corpus from database::  12%|█▏        | 333781/2900744 [00:19<02:31, 16903.83it/s]Tokenizing corpus from database::  12%|█▏        | 335491/2900744 [00:19<02:31, 16960.29it/s]Tokenizing corpus from database::  12%|█▏        | 337202/2900744 [00:19<02:30, 17003.98it/s]Tokenizing corpus from database::  12%|█▏        | 338912/2900744 [00:20<02:30, 17031.71it/s]Tokenizing corpus from database::  12%|█▏        | 340616/2900744 [00:20<02:30, 16995.09it/s]Tokenizing corpus from database::  12%|█▏        | 342316/2900744 [00:20<02:30, 16984.96it/s]Tokenizing corpus from database::  12%|█▏        | 344015/2900744 [00:20<02:30, 16957.59it/s]Tokenizing corpus from database::  12%|█▏        | 345711/2900744 [00:20<02:30, 16934.84it/s]Tokenizing corpus from database::  12%|█▏        | 347405/2900744 [00:20<02:31, 16855.98it/s]Tokenizing corpus from database::  12%|█▏        | 349095/2900744 [00:20<02:31, 16867.97it/s]Tokenizing corpus from database::  12%|█▏        | 350782/2900744 [00:20<02:31, 16848.75it/s]Tokenizing corpus from database::  12%|█▏        | 352470/2900744 [00:20<02:31, 16855.20it/s]Tokenizing corpus from database::  12%|█▏        | 354171/2900744 [00:21<02:30, 16900.20it/s]Tokenizing corpus from database::  12%|█▏        | 355862/2900744 [00:21<02:30, 16894.06it/s]Tokenizing corpus from database::  12%|█▏        | 357552/2900744 [00:21<02:30, 16888.67it/s]Tokenizing corpus from database::  12%|█▏        | 359245/2900744 [00:21<02:30, 16899.64it/s]Tokenizing corpus from database::  12%|█▏        | 360936/2900744 [00:21<02:30, 16899.89it/s]Tokenizing corpus from database::  13%|█▎        | 362626/2900744 [00:21<02:30, 16896.71it/s]Tokenizing corpus from database::  13%|█▎        | 364316/2900744 [00:21<02:31, 16775.79it/s]Tokenizing corpus from database::  13%|█▎        | 366013/2900744 [00:21<02:30, 16831.25it/s]Tokenizing corpus from database::  13%|█▎        | 367697/2900744 [00:21<02:30, 16827.66it/s]Tokenizing corpus from database::  13%|█▎        | 369392/2900744 [00:21<02:30, 16861.85it/s]Tokenizing corpus from database::  13%|█▎        | 371079/2900744 [00:22<02:30, 16841.87it/s]Tokenizing corpus from database::  13%|█▎        | 372764/2900744 [00:22<02:30, 16831.38it/s]Tokenizing corpus from database::  13%|█▎        | 374448/2900744 [00:22<02:30, 16817.47it/s]Tokenizing corpus from database::  13%|█▎        | 376130/2900744 [00:22<02:30, 16800.98it/s]Tokenizing corpus from database::  13%|█▎        | 377814/2900744 [00:22<02:30, 16810.71it/s]Tokenizing corpus from database::  13%|█▎        | 379496/2900744 [00:22<02:30, 16795.45it/s]Tokenizing corpus from database::  13%|█▎        | 381176/2900744 [00:22<02:30, 16769.30it/s]Tokenizing corpus from database::  13%|█▎        | 382861/2900744 [00:22<02:29, 16792.92it/s]Tokenizing corpus from database::  13%|█▎        | 384543/2900744 [00:22<02:29, 16799.34it/s]Tokenizing corpus from database::  13%|█▎        | 386238/2900744 [00:22<02:29, 16844.11it/s]Tokenizing corpus from database::  13%|█▎        | 387950/2900744 [00:23<02:28, 16924.13it/s]Tokenizing corpus from database::  13%|█▎        | 389663/2900744 [00:23<02:27, 16984.78it/s]Tokenizing corpus from database::  13%|█▎        | 391362/2900744 [00:23<02:28, 16901.63it/s]Tokenizing corpus from database::  14%|█▎        | 393054/2900744 [00:23<02:28, 16905.17it/s]Tokenizing corpus from database::  14%|█▎        | 394750/2900744 [00:23<02:28, 16920.02it/s]Tokenizing corpus from database::  14%|█▎        | 396443/2900744 [00:23<02:28, 16915.96it/s]Tokenizing corpus from database::  14%|█▎        | 398135/2900744 [00:23<02:28, 16865.88it/s]Tokenizing corpus from database::  14%|█▍        | 399822/2900744 [00:23<02:28, 16856.89it/s]Tokenizing corpus from database::  14%|█▍        | 401508/2900744 [00:23<02:28, 16854.16it/s]Tokenizing corpus from database::  14%|█▍        | 403194/2900744 [00:23<02:28, 16819.82it/s]Tokenizing corpus from database::  14%|█▍        | 404879/2900744 [00:24<02:28, 16827.16it/s]Tokenizing corpus from database::  14%|█▍        | 406562/2900744 [00:24<02:28, 16804.08it/s]Tokenizing corpus from database::  14%|█▍        | 408252/2900744 [00:24<02:28, 16830.84it/s]Tokenizing corpus from database::  14%|█▍        | 409940/2900744 [00:24<02:27, 16845.21it/s]Tokenizing corpus from database::  14%|█▍        | 411625/2900744 [00:24<02:27, 16832.42it/s]Tokenizing corpus from database::  14%|█▍        | 413315/2900744 [00:24<02:27, 16849.61it/s]Tokenizing corpus from database::  14%|█▍        | 415000/2900744 [00:24<02:28, 16759.36it/s]Tokenizing corpus from database::  14%|█▍        | 416684/2900744 [00:24<02:28, 16781.99it/s]Tokenizing corpus from database::  14%|█▍        | 418367/2900744 [00:24<02:27, 16795.06it/s]Tokenizing corpus from database::  14%|█▍        | 420058/2900744 [00:24<02:27, 16828.61it/s]Tokenizing corpus from database::  15%|█▍        | 421744/2900744 [00:25<02:27, 16834.78it/s]Tokenizing corpus from database::  15%|█▍        | 423430/2900744 [00:25<02:27, 16842.16it/s]Tokenizing corpus from database::  15%|█▍        | 425115/2900744 [00:25<02:27, 16839.99it/s]Tokenizing corpus from database::  15%|█▍        | 426800/2900744 [00:25<02:27, 16797.13it/s]Tokenizing corpus from database::  15%|█▍        | 428480/2900744 [00:25<02:27, 16792.78it/s]Tokenizing corpus from database::  15%|█▍        | 430172/2900744 [00:25<02:26, 16829.59it/s]Tokenizing corpus from database::  15%|█▍        | 431855/2900744 [00:25<02:27, 16719.67it/s]Tokenizing corpus from database::  15%|█▍        | 433541/2900744 [00:25<02:27, 16760.76it/s]Tokenizing corpus from database::  15%|█▌        | 435230/2900744 [00:25<02:26, 16797.14it/s]Tokenizing corpus from database::  15%|█▌        | 436927/2900744 [00:25<02:26, 16845.95it/s]Tokenizing corpus from database::  15%|█▌        | 438638/2900744 [00:26<02:25, 16923.61it/s]Tokenizing corpus from database::  15%|█▌        | 440348/2900744 [00:26<02:24, 16976.18it/s]Tokenizing corpus from database::  15%|█▌        | 442046/2900744 [00:26<02:24, 16972.59it/s]Tokenizing corpus from database::  15%|█▌        | 443744/2900744 [00:26<02:24, 16954.40it/s]Tokenizing corpus from database::  15%|█▌        | 445440/2900744 [00:26<02:25, 16914.49it/s]Tokenizing corpus from database::  15%|█▌        | 447132/2900744 [00:26<02:25, 16890.34it/s]Tokenizing corpus from database::  15%|█▌        | 448822/2900744 [00:26<02:25, 16819.20it/s]Tokenizing corpus from database::  16%|█▌        | 450510/2900744 [00:26<02:25, 16835.01it/s]Tokenizing corpus from database::  16%|█▌        | 452194/2900744 [00:26<02:25, 16832.77it/s]Tokenizing corpus from database::  16%|█▌        | 453891/2900744 [00:26<02:25, 16871.32it/s]Tokenizing corpus from database::  16%|█▌        | 455602/2900744 [00:27<02:24, 16941.54it/s]Tokenizing corpus from database::  16%|█▌        | 457297/2900744 [00:27<02:24, 16915.76it/s]Tokenizing corpus from database::  16%|█▌        | 458989/2900744 [00:27<02:24, 16899.87it/s]Tokenizing corpus from database::  16%|█▌        | 460680/2900744 [00:27<02:24, 16892.30it/s]Tokenizing corpus from database::  16%|█▌        | 462375/2900744 [00:27<02:24, 16906.78it/s]Tokenizing corpus from database::  16%|█▌        | 464066/2900744 [00:27<02:24, 16889.32it/s]Tokenizing corpus from database::  16%|█▌        | 465755/2900744 [00:27<02:25, 16789.62it/s]Tokenizing corpus from database::  16%|█▌        | 467444/2900744 [00:27<02:24, 16818.42it/s]Tokenizing corpus from database::  16%|█▌        | 469158/2900744 [00:27<02:23, 16913.61it/s]Tokenizing corpus from database::  16%|█▌        | 470879/2900744 [00:27<02:22, 17001.62it/s]Tokenizing corpus from database::  16%|█▋        | 472597/2900744 [00:28<02:22, 17054.59it/s]Tokenizing corpus from database::  16%|█▋        | 474306/2900744 [00:28<02:22, 17064.48it/s]Tokenizing corpus from database::  16%|█▋        | 476013/2900744 [00:28<02:22, 16998.90it/s]Tokenizing corpus from database::  16%|█▋        | 477713/2900744 [00:28<02:23, 16919.53it/s]Tokenizing corpus from database::  17%|█▋        | 479406/2900744 [00:28<02:23, 16858.60it/s]Tokenizing corpus from database::  17%|█▋        | 481092/2900744 [00:28<02:23, 16847.71it/s]Tokenizing corpus from database::  17%|█▋        | 482777/2900744 [00:28<02:23, 16802.69it/s]Tokenizing corpus from database::  17%|█▋        | 484458/2900744 [00:28<02:24, 16759.04it/s]Tokenizing corpus from database::  17%|█▋        | 486135/2900744 [00:28<02:24, 16761.16it/s]Tokenizing corpus from database::  17%|█▋        | 487844/2900744 [00:28<02:23, 16856.54it/s]Tokenizing corpus from database::  17%|█▋        | 489530/2900744 [00:29<02:24, 16733.04it/s]Tokenizing corpus from database::  17%|█▋        | 491223/2900744 [00:29<02:23, 16788.76it/s]Tokenizing corpus from database::  17%|█▋        | 492903/2900744 [00:29<02:23, 16741.29it/s]Tokenizing corpus from database::  17%|█▋        | 494578/2900744 [00:29<02:25, 16562.66it/s]Tokenizing corpus from database::  17%|█▋        | 496269/2900744 [00:29<02:24, 16662.76it/s]Tokenizing corpus from database::  17%|█▋        | 497965/2900744 [00:29<02:23, 16748.89it/s]Tokenizing corpus from database::  17%|█▋        | 499642/2900744 [00:29<02:23, 16754.61it/s]Tokenizing corpus from database::  17%|█▋        | 501335/2900744 [00:29<02:22, 16803.67it/s]Tokenizing corpus from database::  17%|█▋        | 503022/2900744 [00:29<02:22, 16821.14it/s]Tokenizing corpus from database::  17%|█▋        | 504714/2900744 [00:29<02:22, 16849.70it/s]Tokenizing corpus from database::  17%|█▋        | 506400/2900744 [00:30<02:22, 16846.88it/s]Tokenizing corpus from database::  18%|█▊        | 508118/2900744 [00:30<02:21, 16945.32it/s]Tokenizing corpus from database::  18%|█▊        | 509813/2900744 [00:30<02:21, 16910.65it/s]Tokenizing corpus from database::  18%|█▊        | 511505/2900744 [00:30<02:21, 16906.30it/s]Tokenizing corpus from database::  18%|█▊        | 513196/2900744 [00:30<02:21, 16901.87it/s]Tokenizing corpus from database::  18%|█▊        | 514887/2900744 [00:30<02:21, 16874.91it/s]Tokenizing corpus from database::  18%|█▊        | 516575/2900744 [00:30<02:23, 16613.92it/s]Tokenizing corpus from database::  18%|█▊        | 518273/2900744 [00:30<02:22, 16720.00it/s]Tokenizing corpus from database::  18%|█▊        | 519995/2900744 [00:30<02:21, 16866.46it/s]Tokenizing corpus from database::  18%|█▊        | 521708/2900744 [00:30<02:20, 16943.69it/s]Tokenizing corpus from database::  18%|█▊        | 523416/2900744 [00:31<02:19, 16982.19it/s]Tokenizing corpus from database::  18%|█▊        | 525132/2900744 [00:31<02:19, 17034.51it/s]Tokenizing corpus from database::  18%|█▊        | 526836/2900744 [00:31<02:19, 17035.73it/s]Tokenizing corpus from database::  18%|█▊        | 528540/2900744 [00:31<02:19, 16986.53it/s]Tokenizing corpus from database::  18%|█▊        | 530239/2900744 [00:31<02:20, 16931.01it/s]Tokenizing corpus from database::  18%|█▊        | 531933/2900744 [00:31<02:20, 16891.46it/s]Tokenizing corpus from database::  18%|█▊        | 533623/2900744 [00:31<02:20, 16790.68it/s]Tokenizing corpus from database::  18%|█▊        | 535306/2900744 [00:31<02:20, 16802.15it/s]Tokenizing corpus from database::  19%|█▊        | 537013/2900744 [00:31<02:20, 16881.32it/s]Tokenizing corpus from database::  19%|█▊        | 538720/2900744 [00:31<02:19, 16934.92it/s]Tokenizing corpus from database::  19%|█▊        | 540429/2900744 [00:32<02:19, 16979.64it/s]Tokenizing corpus from database::  19%|█▊        | 542140/2900744 [00:32<02:18, 17017.18it/s]Tokenizing corpus from database::  19%|█▊        | 543842/2900744 [00:32<02:18, 16981.64it/s]Tokenizing corpus from database::  19%|█▉        | 545541/2900744 [00:32<02:19, 16894.58it/s]Tokenizing corpus from database::  19%|█▉        | 547231/2900744 [00:32<02:19, 16872.65it/s]Tokenizing corpus from database::  19%|█▉        | 548919/2900744 [00:32<02:19, 16835.98it/s]Tokenizing corpus from database::  19%|█▉        | 550603/2900744 [00:32<02:19, 16797.06it/s]Tokenizing corpus from database::  19%|█▉        | 552300/2900744 [00:32<02:19, 16846.25it/s]Tokenizing corpus from database::  19%|█▉        | 554019/2900744 [00:32<02:18, 16948.13it/s]Tokenizing corpus from database::  19%|█▉        | 555733/2900744 [00:32<02:17, 17004.55it/s]Tokenizing corpus from database::  19%|█▉        | 557434/2900744 [00:33<02:18, 16964.67it/s]Tokenizing corpus from database::  19%|█▉        | 559131/2900744 [00:33<02:18, 16964.62it/s]Tokenizing corpus from database::  19%|█▉        | 560828/2900744 [00:33<02:18, 16909.87it/s]Tokenizing corpus from database::  19%|█▉        | 562520/2900744 [00:33<02:18, 16872.81it/s]Tokenizing corpus from database::  19%|█▉        | 564217/2900744 [00:33<02:18, 16899.58it/s]Tokenizing corpus from database::  20%|█▉        | 565908/2900744 [00:33<02:18, 16895.56it/s]Tokenizing corpus from database::  20%|█▉        | 567598/2900744 [00:33<02:19, 16784.20it/s]Tokenizing corpus from database::  20%|█▉        | 569293/2900744 [00:33<02:18, 16831.91it/s]Tokenizing corpus from database::  20%|█▉        | 571000/2900744 [00:33<02:17, 16900.14it/s]Tokenizing corpus from database::  20%|█▉        | 572716/2900744 [00:33<02:17, 16977.46it/s]Tokenizing corpus from database::  20%|█▉        | 574414/2900744 [00:34<02:17, 16957.43it/s]Tokenizing corpus from database::  20%|█▉        | 576110/2900744 [00:34<02:17, 16924.10it/s]Tokenizing corpus from database::  20%|█▉        | 577811/2900744 [00:34<02:17, 16949.02it/s]Tokenizing corpus from database::  20%|█▉        | 579509/2900744 [00:34<02:16, 16957.35it/s]Tokenizing corpus from database::  20%|██        | 581205/2900744 [00:34<02:16, 16949.83it/s]Tokenizing corpus from database::  20%|██        | 582901/2900744 [00:34<02:17, 16914.36it/s]Tokenizing corpus from database::  20%|██        | 584593/2900744 [00:34<02:17, 16834.69it/s]Tokenizing corpus from database::  20%|██        | 586280/2900744 [00:34<02:17, 16842.98it/s]Tokenizing corpus from database::  20%|██        | 587988/2900744 [00:34<02:16, 16912.44it/s]Tokenizing corpus from database::  20%|██        | 589691/2900744 [00:34<02:16, 16944.27it/s]Tokenizing corpus from database::  20%|██        | 591386/2900744 [00:35<02:16, 16927.19it/s]Tokenizing corpus from database::  20%|██        | 593079/2900744 [00:35<02:16, 16882.25it/s]Tokenizing corpus from database::  21%|██        | 594768/2900744 [00:35<02:16, 16856.25it/s]Tokenizing corpus from database::  21%|██        | 596454/2900744 [00:35<02:16, 16844.24it/s]Tokenizing corpus from database::  21%|██        | 598139/2900744 [00:35<02:16, 16817.07it/s]Tokenizing corpus from database::  21%|██        | 599824/2900744 [00:35<02:16, 16824.09it/s]Tokenizing corpus from database::  21%|██        | 601507/2900744 [00:35<02:17, 16776.93it/s]Tokenizing corpus from database::  21%|██        | 603189/2900744 [00:35<02:16, 16786.88it/s]Tokenizing corpus from database::  21%|██        | 604908/2900744 [00:35<02:15, 16906.32it/s]Tokenizing corpus from database::  21%|██        | 606626/2900744 [00:35<02:15, 16987.71it/s]Tokenizing corpus from database::  21%|██        | 608349/2900744 [00:36<02:14, 17058.90it/s]Tokenizing corpus from database::  21%|██        | 610064/2900744 [00:36<02:14, 17084.37it/s]Tokenizing corpus from database::  21%|██        | 611773/2900744 [00:36<02:14, 17039.54it/s]Tokenizing corpus from database::  21%|██        | 613478/2900744 [00:36<02:14, 16991.05it/s]Tokenizing corpus from database::  21%|██        | 615178/2900744 [00:36<02:14, 16947.58it/s]Tokenizing corpus from database::  21%|██▏       | 616873/2900744 [00:36<02:15, 16885.42it/s]Tokenizing corpus from database::  21%|██▏       | 618562/2900744 [00:36<02:15, 16815.74it/s]Tokenizing corpus from database::  21%|██▏       | 620250/2900744 [00:36<02:15, 16833.04it/s]Tokenizing corpus from database::  21%|██▏       | 621944/2900744 [00:36<02:15, 16863.10it/s]Tokenizing corpus from database::  21%|██▏       | 623631/2900744 [00:36<02:15, 16786.99it/s]Tokenizing corpus from database::  22%|██▏       | 625310/2900744 [00:37<02:15, 16749.46it/s]Tokenizing corpus from database::  22%|██▏       | 626989/2900744 [00:37<02:15, 16759.87it/s]Tokenizing corpus from database::  22%|██▏       | 628666/2900744 [00:37<02:15, 16753.30it/s]Tokenizing corpus from database::  22%|██▏       | 630348/2900744 [00:37<02:15, 16771.01it/s]Tokenizing corpus from database::  22%|██▏       | 632032/2900744 [00:37<02:15, 16790.75it/s]Tokenizing corpus from database::  22%|██▏       | 633712/2900744 [00:37<02:15, 16756.68it/s]Tokenizing corpus from database::  22%|██▏       | 635388/2900744 [00:37<02:15, 16724.61it/s]Tokenizing corpus from database::  22%|██▏       | 637072/2900744 [00:37<02:15, 16756.29it/s]Tokenizing corpus from database::  22%|██▏       | 638757/2900744 [00:37<02:14, 16782.49it/s]Tokenizing corpus from database::  22%|██▏       | 640436/2900744 [00:37<02:14, 16774.42it/s]Tokenizing corpus from database::  22%|██▏       | 642123/2900744 [00:38<02:14, 16801.55it/s]Tokenizing corpus from database::  22%|██▏       | 643804/2900744 [00:38<02:14, 16792.61it/s]Tokenizing corpus from database::  22%|██▏       | 645492/2900744 [00:38<02:14, 16816.80it/s]Tokenizing corpus from database::  22%|██▏       | 647177/2900744 [00:38<02:13, 16824.24it/s]Tokenizing corpus from database::  22%|██▏       | 648861/2900744 [00:38<02:13, 16826.42it/s]Tokenizing corpus from database::  22%|██▏       | 650549/2900744 [00:38<02:13, 16840.41it/s]Tokenizing corpus from database::  22%|██▏       | 652234/2900744 [00:38<02:13, 16795.10it/s]Tokenizing corpus from database::  23%|██▎       | 653919/2900744 [00:38<02:13, 16809.36it/s]Tokenizing corpus from database::  23%|██▎       | 655604/2900744 [00:38<02:13, 16820.76it/s]Tokenizing corpus from database::  23%|██▎       | 657292/2900744 [00:38<02:13, 16837.68it/s]Tokenizing corpus from database::  23%|██▎       | 658986/2900744 [00:39<02:12, 16867.87it/s]Tokenizing corpus from database::  23%|██▎       | 660677/2900744 [00:39<02:12, 16877.83it/s]Tokenizing corpus from database::  23%|██▎       | 662368/2900744 [00:39<02:12, 16884.90it/s]Tokenizing corpus from database::  23%|██▎       | 664057/2900744 [00:39<02:12, 16875.43it/s]Tokenizing corpus from database::  23%|██▎       | 665752/2900744 [00:39<02:12, 16897.35it/s]Tokenizing corpus from database::  23%|██▎       | 667442/2900744 [00:39<02:12, 16867.98it/s]Tokenizing corpus from database::  23%|██▎       | 669129/2900744 [00:39<02:12, 16810.23it/s]Tokenizing corpus from database::  23%|██▎       | 670814/2900744 [00:39<02:12, 16820.76it/s]Tokenizing corpus from database::  23%|██▎       | 672505/2900744 [00:39<02:12, 16845.17it/s]Tokenizing corpus from database::  23%|██▎       | 674190/2900744 [00:39<02:12, 16843.01it/s]Tokenizing corpus from database::  23%|██▎       | 675875/2900744 [00:40<02:12, 16825.07it/s]Tokenizing corpus from database::  23%|██▎       | 677562/2900744 [00:40<02:12, 16836.94it/s]Tokenizing corpus from database::  23%|██▎       | 679253/2900744 [00:40<02:11, 16858.51it/s]Tokenizing corpus from database::  23%|██▎       | 680941/2900744 [00:40<02:11, 16864.79it/s]Tokenizing corpus from database::  24%|██▎       | 682628/2900744 [00:40<02:11, 16860.40it/s]Tokenizing corpus from database::  24%|██▎       | 684315/2900744 [00:40<02:11, 16848.89it/s]Tokenizing corpus from database::  24%|██▎       | 686000/2900744 [00:40<02:12, 16768.47it/s]Tokenizing corpus from database::  24%|██▎       | 687691/2900744 [00:40<02:11, 16807.73it/s]Tokenizing corpus from database::  24%|██▍       | 689382/2900744 [00:40<02:11, 16835.52it/s]Tokenizing corpus from database::  24%|██▍       | 691066/2900744 [00:40<02:11, 16819.87it/s]Tokenizing corpus from database::  24%|██▍       | 692749/2900744 [00:41<02:11, 16807.51it/s]Tokenizing corpus from database::  24%|██▍       | 694438/2900744 [00:41<02:11, 16830.81it/s]Tokenizing corpus from database::  24%|██▍       | 696126/2900744 [00:41<02:10, 16843.26it/s]Tokenizing corpus from database::  24%|██▍       | 697823/2900744 [00:41<02:10, 16878.23it/s]Tokenizing corpus from database::  24%|██▍       | 699515/2900744 [00:41<02:10, 16889.21it/s]Tokenizing corpus from database::  24%|██▍       | 701211/2900744 [00:41<02:10, 16908.36it/s]Tokenizing corpus from database::  24%|██▍       | 702902/2900744 [00:41<02:10, 16898.08it/s]Tokenizing corpus from database::  24%|██▍       | 704597/2900744 [00:41<02:09, 16912.86it/s]Tokenizing corpus from database::  24%|██▍       | 706308/2900744 [00:41<02:09, 16970.40it/s]Tokenizing corpus from database::  24%|██▍       | 708006/2900744 [00:41<02:09, 16933.71it/s]Tokenizing corpus from database::  24%|██▍       | 709700/2900744 [00:42<02:09, 16929.26it/s]Tokenizing corpus from database::  25%|██▍       | 711393/2900744 [00:42<02:09, 16910.50it/s]Tokenizing corpus from database::  25%|██▍       | 713085/2900744 [00:42<02:09, 16893.22it/s]Tokenizing corpus from database::  25%|██▍       | 714775/2900744 [00:42<02:09, 16883.57it/s]Tokenizing corpus from database::  25%|██▍       | 716464/2900744 [00:42<02:09, 16879.33it/s]Tokenizing corpus from database::  25%|██▍       | 718152/2900744 [00:42<02:09, 16795.40it/s]Tokenizing corpus from database::  25%|██▍       | 719835/2900744 [00:42<02:09, 16802.79it/s]Tokenizing corpus from database::  25%|██▍       | 721522/2900744 [00:42<02:09, 16822.42it/s]Tokenizing corpus from database::  25%|██▍       | 723217/2900744 [00:42<02:09, 16859.81it/s]Tokenizing corpus from database::  25%|██▍       | 724904/2900744 [00:42<02:09, 16833.60it/s]Tokenizing corpus from database::  25%|██▌       | 726596/2900744 [00:43<02:08, 16857.42it/s]Tokenizing corpus from database::  25%|██▌       | 728282/2900744 [00:43<02:08, 16846.88it/s]Tokenizing corpus from database::  25%|██▌       | 729972/2900744 [00:43<02:08, 16861.97it/s]Tokenizing corpus from database::  25%|██▌       | 731666/2900744 [00:43<02:08, 16883.38it/s]Tokenizing corpus from database::  25%|██▌       | 733357/2900744 [00:43<02:08, 16890.90it/s]Tokenizing corpus from database::  25%|██▌       | 735047/2900744 [00:43<02:08, 16883.29it/s]Tokenizing corpus from database::  25%|██▌       | 736736/2900744 [00:43<02:08, 16843.72it/s]Tokenizing corpus from database::  25%|██▌       | 738434/2900744 [00:43<02:08, 16882.06it/s]Tokenizing corpus from database::  26%|██▌       | 740148/2900744 [00:43<02:07, 16958.85it/s]Tokenizing corpus from database::  26%|██▌       | 741861/2900744 [00:43<02:06, 17007.79it/s]Tokenizing corpus from database::  26%|██▌       | 743573/2900744 [00:44<02:06, 17038.67it/s]Tokenizing corpus from database::  26%|██▌       | 745288/2900744 [00:44<02:06, 17069.45it/s]Tokenizing corpus from database::  26%|██▌       | 746999/2900744 [00:44<02:06, 17081.11it/s]Tokenizing corpus from database::  26%|██▌       | 748708/2900744 [00:44<02:06, 17021.83it/s]Tokenizing corpus from database::  26%|██▌       | 750411/2900744 [00:44<02:06, 16985.65it/s]Tokenizing corpus from database::  26%|██▌       | 752110/2900744 [00:44<02:06, 16970.61it/s]Tokenizing corpus from database::  26%|██▌       | 753808/2900744 [00:44<02:06, 16926.53it/s]Tokenizing corpus from database::  26%|██▌       | 755501/2900744 [00:44<02:06, 16911.85it/s]Tokenizing corpus from database::  26%|██▌       | 757193/2900744 [00:44<02:06, 16908.94it/s]Tokenizing corpus from database::  26%|██▌       | 758884/2900744 [00:44<02:06, 16907.43it/s]Tokenizing corpus from database::  26%|██▌       | 760575/2900744 [00:45<02:06, 16876.82it/s]Tokenizing corpus from database::  26%|██▋       | 762263/2900744 [00:45<02:06, 16860.63it/s]Tokenizing corpus from database::  26%|██▋       | 763950/2900744 [00:45<02:06, 16857.48it/s]Tokenizing corpus from database::  26%|██▋       | 765636/2900744 [00:45<02:06, 16850.23it/s]Tokenizing corpus from database::  26%|██▋       | 767322/2900744 [00:45<02:06, 16851.56it/s]Tokenizing corpus from database::  27%|██▋       | 769008/2900744 [00:45<02:07, 16773.92it/s]Tokenizing corpus from database::  27%|██▋       | 770686/2900744 [00:45<02:06, 16774.44it/s]Tokenizing corpus from database::  27%|██▋       | 772374/2900744 [00:45<02:06, 16803.98it/s]Tokenizing corpus from database::  27%|██▋       | 774066/2900744 [00:45<02:06, 16837.18it/s]Tokenizing corpus from database::  27%|██▋       | 775753/2900744 [00:46<02:06, 16845.59it/s]Tokenizing corpus from database::  27%|██▋       | 777463/2900744 [00:46<02:05, 16918.81it/s]Tokenizing corpus from database::  27%|██▋       | 779168/2900744 [00:46<02:05, 16957.33it/s]Tokenizing corpus from database::  27%|██▋       | 780877/2900744 [00:46<02:04, 16994.58it/s]Tokenizing corpus from database::  27%|██▋       | 782577/2900744 [00:46<02:05, 16930.29it/s]Tokenizing corpus from database::  27%|██▋       | 784271/2900744 [00:46<02:05, 16929.73it/s]Tokenizing corpus from database::  27%|██▋       | 785973/2900744 [00:46<02:04, 16956.38it/s]Tokenizing corpus from database::  27%|██▋       | 787669/2900744 [00:46<02:04, 16919.63it/s]Tokenizing corpus from database::  27%|██▋       | 789363/2900744 [00:46<02:04, 16923.34it/s]Tokenizing corpus from database::  27%|██▋       | 791056/2900744 [00:46<02:04, 16890.78it/s]Tokenizing corpus from database::  27%|██▋       | 792746/2900744 [00:47<02:05, 16855.74it/s]Tokenizing corpus from database::  27%|██▋       | 794432/2900744 [00:47<02:05, 16817.53it/s]Tokenizing corpus from database::  27%|██▋       | 796114/2900744 [00:47<02:05, 16808.28it/s]Tokenizing corpus from database::  28%|██▊       | 797795/2900744 [00:47<02:05, 16803.17it/s]Tokenizing corpus from database::  28%|██▊       | 799508/2900744 [00:47<02:04, 16899.43it/s]Tokenizing corpus from database::  28%|██▊       | 801198/2900744 [00:47<02:04, 16898.84it/s]Tokenizing corpus from database::  28%|██▊       | 802915/2900744 [00:47<02:03, 16978.21it/s]Tokenizing corpus from database::  28%|██▊       | 804613/2900744 [00:47<02:03, 16910.78it/s]Tokenizing corpus from database::  28%|██▊       | 806305/2900744 [00:47<02:04, 16863.74it/s]Tokenizing corpus from database::  28%|██▊       | 807992/2900744 [00:47<02:04, 16845.47it/s]Tokenizing corpus from database::  28%|██▊       | 809689/2900744 [00:48<02:03, 16881.58it/s]Tokenizing corpus from database::  28%|██▊       | 811392/2900744 [00:48<02:03, 16924.98it/s]Tokenizing corpus from database::  28%|██▊       | 813107/2900744 [00:48<02:02, 16991.55it/s]Tokenizing corpus from database::  28%|██▊       | 814809/2900744 [00:48<02:02, 16998.02it/s]Tokenizing corpus from database::  28%|██▊       | 816509/2900744 [00:48<02:03, 16911.02it/s]Tokenizing corpus from database::  28%|██▊       | 818201/2900744 [00:48<02:03, 16861.31it/s]Tokenizing corpus from database::  28%|██▊       | 819888/2900744 [00:48<02:04, 16769.91it/s]Tokenizing corpus from database::  28%|██▊       | 821569/2900744 [00:48<02:03, 16780.42it/s]Tokenizing corpus from database::  28%|██▊       | 823248/2900744 [00:48<02:03, 16769.32it/s]Tokenizing corpus from database::  28%|██▊       | 824939/2900744 [00:48<02:03, 16810.58it/s]Tokenizing corpus from database::  28%|██▊       | 826641/2900744 [00:49<02:02, 16872.15it/s]Tokenizing corpus from database::  29%|██▊       | 828347/2900744 [00:49<02:02, 16925.90it/s]Tokenizing corpus from database::  29%|██▊       | 830044/2900744 [00:49<02:02, 16937.84it/s]Tokenizing corpus from database::  29%|██▊       | 831758/2900744 [00:49<02:01, 16997.81it/s]Tokenizing corpus from database::  29%|██▊       | 833459/2900744 [00:49<02:01, 16999.99it/s]Tokenizing corpus from database::  29%|██▉       | 835160/2900744 [00:49<02:01, 16978.73it/s]Tokenizing corpus from database::  29%|██▉       | 836858/2900744 [00:49<02:01, 16944.24it/s]Tokenizing corpus from database::  29%|██▉       | 838553/2900744 [00:49<02:02, 16805.26it/s]Tokenizing corpus from database::  29%|██▉       | 840242/2900744 [00:49<02:02, 16828.99it/s]Tokenizing corpus from database::  29%|██▉       | 841926/2900744 [00:49<02:02, 16817.66it/s]Tokenizing corpus from database::  29%|██▉       | 843608/2900744 [00:50<02:04, 16587.51it/s]Tokenizing corpus from database::  29%|██▉       | 845300/2900744 [00:50<02:03, 16684.36it/s]Tokenizing corpus from database::  29%|██▉       | 846997/2900744 [00:50<02:02, 16766.92it/s]Tokenizing corpus from database::  29%|██▉       | 848695/2900744 [00:50<02:01, 16828.17it/s]Tokenizing corpus from database::  29%|██▉       | 850394/2900744 [00:50<02:01, 16874.30it/s]Tokenizing corpus from database::  29%|██▉       | 852084/2900744 [00:50<02:01, 16881.47it/s]Tokenizing corpus from database::  29%|██▉       | 853773/2900744 [00:50<02:01, 16875.47it/s]Tokenizing corpus from database::  29%|██▉       | 855466/2900744 [00:50<02:01, 16891.41it/s]Tokenizing corpus from database::  30%|██▉       | 857161/2900744 [00:50<02:00, 16908.02it/s]Tokenizing corpus from database::  30%|██▉       | 858856/2900744 [00:50<02:00, 16918.37it/s]Tokenizing corpus from database::  30%|██▉       | 860553/2900744 [00:51<02:00, 16930.86it/s]Tokenizing corpus from database::  30%|██▉       | 862250/2900744 [00:51<02:00, 16941.09it/s]Tokenizing corpus from database::  30%|██▉       | 863969/2900744 [00:51<01:59, 17014.15it/s]Tokenizing corpus from database::  30%|██▉       | 865682/2900744 [00:51<01:59, 17048.18it/s]Tokenizing corpus from database::  30%|██▉       | 867387/2900744 [00:51<01:59, 16986.06it/s]Tokenizing corpus from database::  30%|██▉       | 869086/2900744 [00:51<01:59, 16972.77it/s]Tokenizing corpus from database::  30%|███       | 870784/2900744 [00:51<02:00, 16844.13it/s]Tokenizing corpus from database::  30%|███       | 872480/2900744 [00:51<02:00, 16878.19it/s]Tokenizing corpus from database::  30%|███       | 874187/2900744 [00:51<01:59, 16933.94it/s]Tokenizing corpus from database::  30%|███       | 875882/2900744 [00:51<01:59, 16937.79it/s]Tokenizing corpus from database::  30%|███       | 877576/2900744 [00:52<01:59, 16933.58it/s]Tokenizing corpus from database::  30%|███       | 879273/2900744 [00:52<01:59, 16941.48it/s]Tokenizing corpus from database::  30%|███       | 880968/2900744 [00:52<01:59, 16897.32it/s]Tokenizing corpus from database::  30%|███       | 882661/2900744 [00:52<01:59, 16905.04it/s]Tokenizing corpus from database::  30%|███       | 884364/2900744 [00:52<01:59, 16940.95it/s]Tokenizing corpus from database::  31%|███       | 886059/2900744 [00:52<01:59, 16905.53it/s]Tokenizing corpus from database::  31%|███       | 887750/2900744 [00:52<01:59, 16878.83it/s]Tokenizing corpus from database::  31%|███       | 889440/2900744 [00:52<01:59, 16882.64it/s]Tokenizing corpus from database::  31%|███       | 891133/2900744 [00:52<01:58, 16895.92it/s]Tokenizing corpus from database::  31%|███       | 892830/2900744 [00:52<01:58, 16915.74it/s]Tokenizing corpus from database::  31%|███       | 894529/2900744 [00:53<01:58, 16934.43it/s]Tokenizing corpus from database::  31%|███       | 896223/2900744 [00:53<01:58, 16893.79it/s]Tokenizing corpus from database::  31%|███       | 897915/2900744 [00:53<01:58, 16900.92it/s]Tokenizing corpus from database::  31%|███       | 899607/2900744 [00:53<01:58, 16904.28it/s]Tokenizing corpus from database::  31%|███       | 901301/2900744 [00:53<01:58, 16911.99it/s]Tokenizing corpus from database::  31%|███       | 902999/2900744 [00:53<01:58, 16929.89it/s]Tokenizing corpus from database::  31%|███       | 904697/2900744 [00:53<01:57, 16942.62it/s]Tokenizing corpus from database::  31%|███       | 906392/2900744 [00:53<01:57, 16932.31it/s]Tokenizing corpus from database::  31%|███▏      | 908088/2900744 [00:53<01:57, 16937.93it/s]Tokenizing corpus from database::  31%|███▏      | 909785/2900744 [00:53<01:57, 16946.75it/s]Tokenizing corpus from database::  31%|███▏      | 911495/2900744 [00:54<01:57, 16990.86it/s]Tokenizing corpus from database::  31%|███▏      | 913211/2900744 [00:54<01:56, 17038.91it/s]Tokenizing corpus from database::  32%|███▏      | 914937/2900744 [00:54<01:56, 17102.38it/s]Tokenizing corpus from database::  32%|███▏      | 916648/2900744 [00:54<01:56, 17067.68it/s]Tokenizing corpus from database::  32%|███▏      | 918355/2900744 [00:54<01:56, 17055.02it/s]Tokenizing corpus from database::  32%|███▏      | 920061/2900744 [00:54<01:56, 17019.99it/s]Tokenizing corpus from database::  32%|███▏      | 921764/2900744 [00:54<01:56, 16934.07it/s]Tokenizing corpus from database::  32%|███▏      | 923461/2900744 [00:54<01:56, 16943.24it/s]Tokenizing corpus from database::  32%|███▏      | 925156/2900744 [00:54<01:56, 16942.04it/s]Tokenizing corpus from database::  32%|███▏      | 926851/2900744 [00:54<01:56, 16942.38it/s]Tokenizing corpus from database::  32%|███▏      | 928546/2900744 [00:55<01:56, 16944.06it/s]Tokenizing corpus from database::  32%|███▏      | 930241/2900744 [00:55<01:56, 16924.72it/s]Tokenizing corpus from database::  32%|███▏      | 931934/2900744 [00:55<01:56, 16922.43it/s]Tokenizing corpus from database::  32%|███▏      | 933627/2900744 [00:55<01:56, 16909.16it/s]Tokenizing corpus from database::  32%|███▏      | 935320/2900744 [00:55<01:56, 16913.71it/s]Tokenizing corpus from database::  32%|███▏      | 937020/2900744 [00:55<01:55, 16936.21it/s]Tokenizing corpus from database::  32%|███▏      | 938722/2900744 [00:55<01:55, 16956.92it/s]Tokenizing corpus from database::  32%|███▏      | 940418/2900744 [00:55<01:55, 16939.49it/s]Tokenizing corpus from database::  32%|███▏      | 942115/2900744 [00:55<01:55, 16948.03it/s]Tokenizing corpus from database::  33%|███▎      | 943817/2900744 [00:55<01:55, 16966.88it/s]Tokenizing corpus from database::  33%|███▎      | 945518/2900744 [00:56<01:55, 16978.97it/s]Tokenizing corpus from database::  33%|███▎      | 947216/2900744 [00:56<01:55, 16951.40it/s]Tokenizing corpus from database::  33%|███▎      | 948912/2900744 [00:56<01:55, 16933.53it/s]Tokenizing corpus from database::  33%|███▎      | 950606/2900744 [00:56<01:55, 16926.77it/s]Tokenizing corpus from database::  33%|███▎      | 952299/2900744 [00:56<01:55, 16911.84it/s]Tokenizing corpus from database::  33%|███▎      | 953998/2900744 [00:56<01:54, 16933.36it/s]Tokenizing corpus from database::  33%|███▎      | 955693/2900744 [00:56<01:54, 16937.94it/s]Tokenizing corpus from database::  33%|███▎      | 957387/2900744 [00:56<01:54, 16934.12it/s]Tokenizing corpus from database::  33%|███▎      | 959081/2900744 [00:56<01:54, 16919.82it/s]Tokenizing corpus from database::  33%|███▎      | 960773/2900744 [00:56<01:55, 16837.33it/s]Tokenizing corpus from database::  33%|███▎      | 962461/2900744 [00:57<01:55, 16847.79it/s]Tokenizing corpus from database::  33%|███▎      | 964151/2900744 [00:57<01:54, 16860.88it/s]Tokenizing corpus from database::  33%|███▎      | 965846/2900744 [00:57<01:54, 16885.72it/s]Tokenizing corpus from database::  33%|███▎      | 967543/2900744 [00:57<01:54, 16908.25it/s]Tokenizing corpus from database::  33%|███▎      | 969244/2900744 [00:57<01:54, 16937.66it/s]Tokenizing corpus from database::  33%|███▎      | 970938/2900744 [00:57<01:54, 16906.43it/s]Tokenizing corpus from database::  34%|███▎      | 972629/2900744 [00:57<01:54, 16800.56it/s]Tokenizing corpus from database::  34%|███▎      | 974313/2900744 [00:57<01:54, 16809.39it/s]Tokenizing corpus from database::  34%|███▎      | 976002/2900744 [00:57<01:54, 16831.82it/s]Tokenizing corpus from database::  34%|███▎      | 977691/2900744 [00:57<01:54, 16846.54it/s]Tokenizing corpus from database::  34%|███▍      | 979376/2900744 [00:58<01:54, 16840.22it/s]Tokenizing corpus from database::  34%|███▍      | 981069/2900744 [00:58<01:53, 16865.17it/s]Tokenizing corpus from database::  34%|███▍      | 982766/2900744 [00:58<01:53, 16894.65it/s]Tokenizing corpus from database::  34%|███▍      | 984458/2900744 [00:58<01:53, 16901.52it/s]Tokenizing corpus from database::  34%|███▍      | 986151/2900744 [00:58<01:53, 16907.99it/s]Tokenizing corpus from database::  34%|███▍      | 987844/2900744 [00:58<01:53, 16914.33it/s]Tokenizing corpus from database::  34%|███▍      | 989536/2900744 [00:58<01:53, 16895.84it/s]Tokenizing corpus from database::  34%|███▍      | 991226/2900744 [00:58<01:53, 16873.34it/s]Tokenizing corpus from database::  34%|███▍      | 992922/2900744 [00:58<01:52, 16897.78it/s]Tokenizing corpus from database::  34%|███▍      | 994615/2900744 [00:58<01:52, 16906.11it/s]Tokenizing corpus from database::  34%|███▍      | 996306/2900744 [00:59<01:52, 16905.67it/s]Tokenizing corpus from database::  34%|███▍      | 997997/2900744 [00:59<01:52, 16869.16it/s]Tokenizing corpus from database::  34%|███▍      | 999690/2900744 [00:59<01:52, 16885.60it/s]Tokenizing corpus from database::  35%|███▍      | 1001379/2900744 [00:59<01:52, 16885.34it/s]Tokenizing corpus from database::  35%|███▍      | 1003071/2900744 [00:59<01:52, 16894.33it/s]Tokenizing corpus from database::  35%|███▍      | 1004767/2900744 [00:59<01:52, 16912.18it/s]Tokenizing corpus from database::  35%|███▍      | 1006461/2900744 [00:59<01:51, 16918.34it/s]Tokenizing corpus from database::  35%|███▍      | 1008154/2900744 [00:59<01:51, 16920.57it/s]Tokenizing corpus from database::  35%|███▍      | 1009850/2900744 [00:59<01:51, 16931.21it/s]Tokenizing corpus from database::  35%|███▍      | 1011550/2900744 [00:59<01:51, 16950.89it/s]Tokenizing corpus from database::  35%|███▍      | 1013246/2900744 [01:00<01:51, 16943.50it/s]Tokenizing corpus from database::  35%|███▍      | 1014941/2900744 [01:00<01:51, 16926.40it/s]Tokenizing corpus from database::  35%|███▌      | 1016650/2900744 [01:00<01:50, 16974.17it/s]Tokenizing corpus from database::  35%|███▌      | 1018348/2900744 [01:00<01:51, 16864.13it/s]Tokenizing corpus from database::  35%|███▌      | 1020035/2900744 [01:00<01:51, 16855.15it/s]Tokenizing corpus from database::  35%|███▌      | 1021721/2900744 [01:00<01:51, 16845.18it/s]Tokenizing corpus from database::  35%|███▌      | 1023406/2900744 [01:00<01:51, 16793.77it/s]Tokenizing corpus from database::  35%|███▌      | 1025109/2900744 [01:00<01:51, 16862.09it/s]Tokenizing corpus from database::  35%|███▌      | 1026822/2900744 [01:00<01:50, 16941.44it/s]Tokenizing corpus from database::  35%|███▌      | 1028525/2900744 [01:00<01:50, 16965.96it/s]Tokenizing corpus from database::  36%|███▌      | 1030242/2900744 [01:01<01:49, 17026.05it/s]Tokenizing corpus from database::  36%|███▌      | 1031959/2900744 [01:01<01:49, 17066.76it/s]Tokenizing corpus from database::  36%|███▌      | 1033678/2900744 [01:01<01:49, 17100.94it/s]Tokenizing corpus from database::  36%|███▌      | 1035389/2900744 [01:01<01:49, 16966.07it/s]Tokenizing corpus from database::  36%|███▌      | 1037101/2900744 [01:01<01:49, 17010.64it/s]Tokenizing corpus from database::  36%|███▌      | 1038803/2900744 [01:01<01:49, 16979.16it/s]Tokenizing corpus from database::  36%|███▌      | 1040502/2900744 [01:01<01:49, 16925.94it/s]Tokenizing corpus from database::  36%|███▌      | 1042195/2900744 [01:01<01:49, 16920.28it/s]Tokenizing corpus from database::  36%|███▌      | 1043888/2900744 [01:01<01:49, 16918.64it/s]Tokenizing corpus from database::  36%|███▌      | 1045580/2900744 [01:01<01:49, 16894.39it/s]Tokenizing corpus from database::  36%|███▌      | 1047270/2900744 [01:02<01:49, 16890.29it/s]Tokenizing corpus from database::  36%|███▌      | 1048960/2900744 [01:02<01:49, 16882.71it/s]Tokenizing corpus from database::  36%|███▌      | 1050654/2900744 [01:02<01:49, 16899.59it/s]Tokenizing corpus from database::  36%|███▋      | 1052344/2900744 [01:02<01:49, 16881.44it/s]Tokenizing corpus from database::  36%|███▋      | 1054039/2900744 [01:02<01:49, 16900.10it/s]Tokenizing corpus from database::  36%|███▋      | 1055730/2900744 [01:02<01:49, 16891.77it/s]Tokenizing corpus from database::  36%|███▋      | 1057425/2900744 [01:02<01:49, 16907.44it/s]Tokenizing corpus from database::  37%|███▋      | 1059116/2900744 [01:02<01:48, 16902.33it/s]Tokenizing corpus from database::  37%|███▋      | 1060817/2900744 [01:02<01:48, 16932.69it/s]Tokenizing corpus from database::  37%|███▋      | 1062528/2900744 [01:02<01:48, 16983.40it/s]Tokenizing corpus from database::  37%|███▋      | 1064233/2900744 [01:03<01:48, 17001.75it/s]Tokenizing corpus from database::  37%|███▋      | 1065934/2900744 [01:03<01:48, 16932.72it/s]Tokenizing corpus from database::  37%|███▋      | 1067628/2900744 [01:03<01:48, 16925.08it/s]Tokenizing corpus from database::  37%|███▋      | 1069321/2900744 [01:03<01:48, 16864.96it/s]Tokenizing corpus from database::  37%|███▋      | 1071014/2900744 [01:03<01:48, 16884.03it/s]Tokenizing corpus from database::  37%|███▋      | 1072706/2900744 [01:03<01:48, 16892.53it/s]Tokenizing corpus from database::  37%|███▋      | 1074396/2900744 [01:03<01:48, 16803.18it/s]Tokenizing corpus from database::  37%|███▋      | 1076086/2900744 [01:03<01:48, 16831.32it/s]Tokenizing corpus from database::  37%|███▋      | 1077800/2900744 [01:03<01:47, 16923.25it/s]Tokenizing corpus from database::  37%|███▋      | 1079514/2900744 [01:03<01:47, 16986.86it/s]Tokenizing corpus from database::  37%|███▋      | 1081220/2900744 [01:04<01:46, 17006.80it/s]Tokenizing corpus from database::  37%|███▋      | 1082921/2900744 [01:04<01:47, 16986.50it/s]Tokenizing corpus from database::  37%|███▋      | 1084620/2900744 [01:04<01:47, 16950.29it/s]Tokenizing corpus from database::  37%|███▋      | 1086316/2900744 [01:04<01:47, 16906.64it/s]Tokenizing corpus from database::  38%|███▊      | 1088007/2900744 [01:04<01:47, 16907.46it/s]Tokenizing corpus from database::  38%|███▊      | 1089700/2900744 [01:04<01:47, 16913.82it/s]Tokenizing corpus from database::  38%|███▊      | 1091392/2900744 [01:04<01:47, 16870.33it/s]Tokenizing corpus from database::  38%|███▊      | 1093080/2900744 [01:04<01:47, 16865.39it/s]Tokenizing corpus from database::  38%|███▊      | 1094769/2900744 [01:04<01:47, 16869.99it/s]Tokenizing corpus from database::  38%|███▊      | 1096457/2900744 [01:04<01:47, 16835.27it/s]Tokenizing corpus from database::  38%|███▊      | 1098148/2900744 [01:05<01:46, 16857.46it/s]Tokenizing corpus from database::  38%|███▊      | 1099852/2900744 [01:05<01:46, 16910.68it/s]Tokenizing corpus from database::  38%|███▊      | 1101567/2900744 [01:05<01:45, 16979.40it/s]Tokenizing corpus from database::  38%|███▊      | 1103267/2900744 [01:05<01:45, 16982.79it/s]Tokenizing corpus from database::  38%|███▊      | 1104966/2900744 [01:05<01:45, 16962.64it/s]Tokenizing corpus from database::  38%|███▊      | 1106663/2900744 [01:05<01:45, 16943.73it/s]Tokenizing corpus from database::  38%|███▊      | 1108358/2900744 [01:05<01:46, 16881.28it/s]Tokenizing corpus from database::  38%|███▊      | 1110047/2900744 [01:05<01:46, 16869.86it/s]Tokenizing corpus from database::  38%|███▊      | 1111735/2900744 [01:05<01:46, 16859.72it/s]Tokenizing corpus from database::  38%|███▊      | 1113424/2900744 [01:05<01:45, 16866.58it/s]Tokenizing corpus from database::  38%|███▊      | 1115116/2900744 [01:06<01:45, 16879.85it/s]Tokenizing corpus from database::  39%|███▊      | 1116808/2900744 [01:06<01:45, 16889.12it/s]Tokenizing corpus from database::  39%|███▊      | 1118502/2900744 [01:06<01:45, 16902.35it/s]Tokenizing corpus from database::  39%|███▊      | 1120193/2900744 [01:06<01:45, 16869.07it/s]Tokenizing corpus from database::  39%|███▊      | 1121882/2900744 [01:06<01:45, 16872.35it/s]Tokenizing corpus from database::  39%|███▊      | 1123570/2900744 [01:06<01:45, 16854.54it/s]Tokenizing corpus from database::  39%|███▉      | 1125256/2900744 [01:06<01:46, 16745.35it/s]Tokenizing corpus from database::  39%|███▉      | 1126938/2900744 [01:06<01:45, 16759.30it/s]Tokenizing corpus from database::  39%|███▉      | 1128619/2900744 [01:06<01:45, 16774.17it/s]Tokenizing corpus from database::  39%|███▉      | 1130309/2900744 [01:06<01:45, 16808.88it/s]Tokenizing corpus from database::  39%|███▉      | 1132018/2900744 [01:07<01:44, 16890.06it/s]Tokenizing corpus from database::  39%|███▉      | 1133716/2900744 [01:07<01:44, 16914.88it/s]Tokenizing corpus from database::  39%|███▉      | 1135408/2900744 [01:07<01:44, 16882.84it/s]Tokenizing corpus from database::  39%|███▉      | 1137100/2900744 [01:07<01:44, 16893.22it/s]Tokenizing corpus from database::  39%|███▉      | 1138790/2900744 [01:07<01:44, 16867.05it/s]Tokenizing corpus from database::  39%|███▉      | 1140480/2900744 [01:07<01:44, 16875.42it/s]Tokenizing corpus from database::  39%|███▉      | 1142168/2900744 [01:07<01:44, 16804.49it/s]Tokenizing corpus from database::  39%|███▉      | 1143863/2900744 [01:07<01:44, 16847.75it/s]Tokenizing corpus from database::  39%|███▉      | 1145566/2900744 [01:07<01:43, 16899.99it/s]Tokenizing corpus from database::  40%|███▉      | 1147282/2900744 [01:07<01:43, 16976.86it/s]Tokenizing corpus from database::  40%|███▉      | 1148999/2900744 [01:08<01:42, 17033.88it/s]Tokenizing corpus from database::  40%|███▉      | 1150717/2900744 [01:08<01:42, 17075.96it/s]Tokenizing corpus from database::  40%|███▉      | 1152438/2900744 [01:08<01:42, 17116.02it/s]Tokenizing corpus from database::  40%|███▉      | 1154150/2900744 [01:08<01:42, 17025.24it/s]Tokenizing corpus from database::  40%|███▉      | 1155853/2900744 [01:08<01:42, 16975.95it/s]Tokenizing corpus from database::  40%|███▉      | 1157551/2900744 [01:08<01:42, 16959.12it/s]Tokenizing corpus from database::  40%|███▉      | 1159247/2900744 [01:08<01:43, 16892.74it/s]Tokenizing corpus from database::  40%|████      | 1160943/2900744 [01:08<01:42, 16911.28it/s]Tokenizing corpus from database::  40%|████      | 1162658/2900744 [01:08<01:42, 16981.65it/s]Tokenizing corpus from database::  40%|████      | 1164378/2900744 [01:08<01:41, 17044.33it/s]Tokenizing corpus from database::  40%|████      | 1166097/2900744 [01:09<01:41, 17087.71it/s]Tokenizing corpus from database::  40%|████      | 1167820/2900744 [01:09<01:41, 17130.14it/s]Tokenizing corpus from database::  40%|████      | 1169534/2900744 [01:09<01:41, 17121.91it/s]Tokenizing corpus from database::  40%|████      | 1171247/2900744 [01:09<01:41, 17051.03it/s]Tokenizing corpus from database::  40%|████      | 1172953/2900744 [01:09<01:41, 16982.24it/s]Tokenizing corpus from database::  40%|████      | 1174652/2900744 [01:09<01:42, 16915.02it/s]Tokenizing corpus from database::  41%|████      | 1176344/2900744 [01:09<01:42, 16887.06it/s]Tokenizing corpus from database::  41%|████      | 1178035/2900744 [01:09<01:41, 16891.28it/s]Tokenizing corpus from database::  41%|████      | 1179746/2900744 [01:09<01:41, 16956.05it/s]Tokenizing corpus from database::  41%|████      | 1181446/2900744 [01:09<01:41, 16968.07it/s]Tokenizing corpus from database::  41%|████      | 1183143/2900744 [01:10<01:41, 16937.70it/s]Tokenizing corpus from database::  41%|████      | 1184869/2900744 [01:10<01:40, 17031.49it/s]Tokenizing corpus from database::  41%|████      | 1186589/2900744 [01:10<01:40, 17079.94it/s]Tokenizing corpus from database::  41%|████      | 1188298/2900744 [01:10<01:40, 17015.44it/s]Tokenizing corpus from database::  41%|████      | 1190000/2900744 [01:10<01:40, 16988.86it/s]Tokenizing corpus from database::  41%|████      | 1191699/2900744 [01:10<01:40, 16957.55it/s]Tokenizing corpus from database::  41%|████      | 1193395/2900744 [01:10<01:40, 16908.29it/s]Tokenizing corpus from database::  41%|████      | 1195092/2900744 [01:10<01:40, 16924.25it/s]Tokenizing corpus from database::  41%|████▏     | 1196791/2900744 [01:10<01:40, 16942.46it/s]Tokenizing corpus from database::  41%|████▏     | 1198489/2900744 [01:10<01:40, 16953.29it/s]Tokenizing corpus from database::  41%|████▏     | 1200185/2900744 [01:11<01:40, 16951.26it/s]Tokenizing corpus from database::  41%|████▏     | 1201881/2900744 [01:11<01:40, 16917.79it/s]Tokenizing corpus from database::  41%|████▏     | 1203591/2900744 [01:11<01:40, 16969.72it/s]Tokenizing corpus from database::  42%|████▏     | 1205288/2900744 [01:11<01:40, 16913.89it/s]Tokenizing corpus from database::  42%|████▏     | 1206982/2900744 [01:11<01:40, 16920.58it/s]Tokenizing corpus from database::  42%|████▏     | 1208675/2900744 [01:11<01:40, 16849.02it/s]Tokenizing corpus from database::  42%|████▏     | 1210360/2900744 [01:11<01:40, 16828.59it/s]Tokenizing corpus from database::  42%|████▏     | 1212043/2900744 [01:11<01:40, 16809.29it/s]Tokenizing corpus from database::  42%|████▏     | 1213729/2900744 [01:11<01:40, 16822.60it/s]Tokenizing corpus from database::  42%|████▏     | 1215433/2900744 [01:11<01:39, 16887.24it/s]Tokenizing corpus from database::  42%|████▏     | 1217139/2900744 [01:12<01:39, 16938.57it/s]Tokenizing corpus from database::  42%|████▏     | 1218837/2900744 [01:12<01:39, 16948.08it/s]Tokenizing corpus from database::  42%|████▏     | 1220532/2900744 [01:12<01:39, 16895.20it/s]Tokenizing corpus from database::  42%|████▏     | 1222222/2900744 [01:12<01:39, 16894.46it/s]Tokenizing corpus from database::  42%|████▏     | 1223912/2900744 [01:12<01:39, 16808.48it/s]Tokenizing corpus from database::  42%|████▏     | 1225593/2900744 [01:12<01:40, 16639.25it/s]Tokenizing corpus from database::  42%|████▏     | 1227267/2900744 [01:12<01:40, 16666.48it/s]Tokenizing corpus from database::  42%|████▏     | 1228938/2900744 [01:12<01:40, 16677.49it/s]Tokenizing corpus from database::  42%|████▏     | 1230606/2900744 [01:12<01:40, 16665.86it/s]Tokenizing corpus from database::  42%|████▏     | 1232286/2900744 [01:12<01:39, 16705.55it/s]Tokenizing corpus from database::  43%|████▎     | 1233957/2900744 [01:13<01:40, 16607.80it/s]Tokenizing corpus from database::  43%|████▎     | 1235640/2900744 [01:13<01:39, 16672.22it/s]Tokenizing corpus from database::  43%|████▎     | 1237327/2900744 [01:13<01:39, 16725.10it/s]Tokenizing corpus from database::  43%|████▎     | 1239000/2900744 [01:13<01:40, 16593.60it/s]Tokenizing corpus from database::  43%|████▎     | 1240670/2900744 [01:13<01:39, 16623.76it/s]Tokenizing corpus from database::  43%|████▎     | 1242350/2900744 [01:13<01:39, 16675.27it/s]Tokenizing corpus from database::  43%|████▎     | 1244031/2900744 [01:13<01:39, 16712.54it/s]Tokenizing corpus from database::  43%|████▎     | 1245731/2900744 [01:13<01:38, 16795.50it/s]Tokenizing corpus from database::  43%|████▎     | 1247430/2900744 [01:13<01:38, 16851.91it/s]Tokenizing corpus from database::  43%|████▎     | 1249129/2900744 [01:14<01:37, 16893.13it/s]Tokenizing corpus from database::  43%|████▎     | 1250848/2900744 [01:14<01:37, 16979.89it/s]Tokenizing corpus from database::  43%|████▎     | 1252570/2900744 [01:14<01:36, 17049.63it/s]Tokenizing corpus from database::  43%|████▎     | 1254297/2900744 [01:14<01:36, 17113.45it/s]Tokenizing corpus from database::  43%|████▎     | 1256009/2900744 [01:14<01:36, 17053.19it/s]Tokenizing corpus from database::  43%|████▎     | 1257715/2900744 [01:14<01:36, 17004.90it/s]Tokenizing corpus from database::  43%|████▎     | 1259416/2900744 [01:14<01:36, 16993.32it/s]Tokenizing corpus from database::  43%|████▎     | 1261116/2900744 [01:14<01:36, 16935.16it/s]Tokenizing corpus from database::  44%|████▎     | 1262810/2900744 [01:14<01:36, 16890.93it/s]Tokenizing corpus from database::  44%|████▎     | 1264500/2900744 [01:14<01:37, 16863.78it/s]Tokenizing corpus from database::  44%|████▎     | 1266187/2900744 [01:15<01:36, 16856.10it/s]Tokenizing corpus from database::  44%|████▎     | 1267886/2900744 [01:15<01:36, 16895.06it/s]Tokenizing corpus from database::  44%|████▍     | 1269576/2900744 [01:15<01:36, 16883.93it/s]Tokenizing corpus from database::  44%|████▍     | 1271265/2900744 [01:15<01:36, 16863.68it/s]Tokenizing corpus from database::  44%|████▍     | 1272952/2900744 [01:15<01:36, 16856.25it/s]Tokenizing corpus from database::  44%|████▍     | 1274640/2900744 [01:15<01:36, 16861.55it/s]Tokenizing corpus from database::  44%|████▍     | 1276327/2900744 [01:15<01:36, 16783.70it/s]Tokenizing corpus from database::  44%|████▍     | 1278020/2900744 [01:15<01:36, 16825.45it/s]Tokenizing corpus from database::  44%|████▍     | 1279703/2900744 [01:15<01:36, 16773.73it/s]Tokenizing corpus from database::  44%|████▍     | 1281393/2900744 [01:15<01:36, 16809.04it/s]Tokenizing corpus from database::  44%|████▍     | 1283111/2900744 [01:16<01:35, 16917.96it/s]Tokenizing corpus from database::  44%|████▍     | 1284830/2900744 [01:16<01:35, 16996.66it/s]Tokenizing corpus from database::  44%|████▍     | 1286536/2900744 [01:16<01:34, 17013.87it/s]Tokenizing corpus from database::  44%|████▍     | 1288252/2900744 [01:16<01:34, 17056.07it/s]Tokenizing corpus from database::  44%|████▍     | 1289958/2900744 [01:16<01:34, 17028.85it/s]Tokenizing corpus from database::  45%|████▍     | 1291661/2900744 [01:16<01:34, 16985.93it/s]Tokenizing corpus from database::  45%|████▍     | 1293360/2900744 [01:16<01:35, 16903.89it/s]Tokenizing corpus from database::  45%|████▍     | 1295058/2900744 [01:16<01:34, 16923.57it/s]Tokenizing corpus from database::  45%|████▍     | 1296780/2900744 [01:16<01:34, 17010.09it/s]Tokenizing corpus from database::  45%|████▍     | 1298502/2900744 [01:16<01:33, 17072.22it/s]Tokenizing corpus from database::  45%|████▍     | 1300217/2900744 [01:17<01:33, 17093.72it/s]Tokenizing corpus from database::  45%|████▍     | 1301927/2900744 [01:17<01:33, 17061.27it/s]Tokenizing corpus from database::  45%|████▍     | 1303634/2900744 [01:17<01:33, 17006.49it/s]Tokenizing corpus from database::  45%|████▌     | 1305335/2900744 [01:17<01:33, 16972.82it/s]Tokenizing corpus from database::  45%|████▌     | 1307036/2900744 [01:17<01:33, 16982.76it/s]Tokenizing corpus from database::  45%|████▌     | 1308735/2900744 [01:17<01:33, 16950.65it/s]Tokenizing corpus from database::  45%|████▌     | 1310431/2900744 [01:17<01:33, 16934.60it/s]Tokenizing corpus from database::  45%|████▌     | 1312125/2900744 [01:17<01:33, 16927.96it/s]Tokenizing corpus from database::  45%|████▌     | 1313841/2900744 [01:17<01:33, 16997.09it/s]Tokenizing corpus from database::  45%|████▌     | 1315541/2900744 [01:17<01:33, 16987.15it/s]Tokenizing corpus from database::  45%|████▌     | 1317262/2900744 [01:18<01:32, 17052.97it/s]Tokenizing corpus from database::  45%|████▌     | 1318978/2900744 [01:18<01:32, 17083.72it/s]Tokenizing corpus from database::  46%|████▌     | 1320688/2900744 [01:18<01:32, 17087.78it/s]Tokenizing corpus from database::  46%|████▌     | 1322397/2900744 [01:18<01:32, 17002.55it/s]Tokenizing corpus from database::  46%|████▌     | 1324098/2900744 [01:18<01:32, 16963.71it/s]Tokenizing corpus from database::  46%|████▌     | 1325795/2900744 [01:18<01:32, 16938.60it/s]Tokenizing corpus from database::  46%|████▌     | 1327489/2900744 [01:18<01:33, 16870.62it/s]Tokenizing corpus from database::  46%|████▌     | 1329178/2900744 [01:18<01:33, 16875.59it/s]Tokenizing corpus from database::  46%|████▌     | 1330872/2900744 [01:18<01:32, 16892.43it/s]Tokenizing corpus from database::  46%|████▌     | 1332562/2900744 [01:18<01:32, 16874.48it/s]Tokenizing corpus from database::  46%|████▌     | 1334250/2900744 [01:19<01:32, 16875.46it/s]Tokenizing corpus from database::  46%|████▌     | 1335938/2900744 [01:19<01:32, 16863.15it/s]Tokenizing corpus from database::  46%|████▌     | 1337643/2900744 [01:19<01:32, 16918.11it/s]Tokenizing corpus from database::  46%|████▌     | 1339335/2900744 [01:19<01:32, 16916.65it/s]Tokenizing corpus from database::  46%|████▌     | 1341027/2900744 [01:19<01:32, 16905.75it/s]Tokenizing corpus from database::  46%|████▋     | 1342721/2900744 [01:19<01:32, 16915.79it/s]Tokenizing corpus from database::  46%|████▋     | 1344413/2900744 [01:19<01:32, 16869.10it/s]Tokenizing corpus from database::  46%|████▋     | 1346100/2900744 [01:19<01:32, 16835.10it/s]Tokenizing corpus from database::  46%|████▋     | 1347803/2900744 [01:19<01:31, 16891.69it/s]Tokenizing corpus from database::  47%|████▋     | 1349507/2900744 [01:19<01:31, 16934.06it/s]Tokenizing corpus from database::  47%|████▋     | 1351202/2900744 [01:20<01:31, 16937.64it/s]Tokenizing corpus from database::  47%|████▋     | 1352897/2900744 [01:20<01:31, 16939.74it/s]Tokenizing corpus from database::  47%|████▋     | 1354605/2900744 [01:20<01:31, 16979.74it/s]Tokenizing corpus from database::  47%|████▋     | 1356308/2900744 [01:20<01:30, 16993.76it/s]Tokenizing corpus from database::  47%|████▋     | 1358008/2900744 [01:20<01:31, 16940.93it/s]Tokenizing corpus from database::  47%|████▋     | 1359703/2900744 [01:20<01:31, 16923.81it/s]Tokenizing corpus from database::  47%|████▋     | 1361396/2900744 [01:20<01:31, 16890.81it/s]Tokenizing corpus from database::  47%|████▋     | 1363093/2900744 [01:20<01:30, 16913.76it/s]Tokenizing corpus from database::  47%|████▋     | 1364800/2900744 [01:20<01:30, 16960.15it/s]Tokenizing corpus from database::  47%|████▋     | 1366497/2900744 [01:20<01:30, 16944.35it/s]Tokenizing corpus from database::  47%|████▋     | 1368193/2900744 [01:21<01:30, 16946.39it/s]Tokenizing corpus from database::  47%|████▋     | 1369888/2900744 [01:21<01:30, 16927.28it/s]Tokenizing corpus from database::  47%|████▋     | 1371584/2900744 [01:21<01:30, 16934.15it/s]Tokenizing corpus from database::  47%|████▋     | 1373282/2900744 [01:21<01:30, 16946.73it/s]Tokenizing corpus from database::  47%|████▋     | 1374977/2900744 [01:21<01:30, 16935.97it/s]Tokenizing corpus from database::  47%|████▋     | 1376671/2900744 [01:21<01:30, 16919.22it/s]Tokenizing corpus from database::  48%|████▊     | 1378363/2900744 [01:21<01:30, 16851.77it/s]Tokenizing corpus from database::  48%|████▊     | 1380056/2900744 [01:21<01:30, 16872.65it/s]Tokenizing corpus from database::  48%|████▊     | 1381776/2900744 [01:21<01:29, 16969.16it/s]Tokenizing corpus from database::  48%|████▊     | 1383487/2900744 [01:21<01:29, 17009.34it/s]Tokenizing corpus from database::  48%|████▊     | 1385188/2900744 [01:22<01:29, 16982.79it/s]Tokenizing corpus from database::  48%|████▊     | 1386887/2900744 [01:22<01:29, 16958.53it/s]Tokenizing corpus from database::  48%|████▊     | 1388583/2900744 [01:22<01:29, 16934.25it/s]Tokenizing corpus from database::  48%|████▊     | 1390284/2900744 [01:22<01:29, 16956.36it/s]Tokenizing corpus from database::  48%|████▊     | 1391980/2900744 [01:22<01:29, 16911.72it/s]Tokenizing corpus from database::  48%|████▊     | 1393672/2900744 [01:22<01:29, 16882.97it/s]Tokenizing corpus from database::  48%|████▊     | 1395361/2900744 [01:22<01:29, 16811.45it/s]Tokenizing corpus from database::  48%|████▊     | 1397048/2900744 [01:22<01:29, 16827.08it/s]Tokenizing corpus from database::  48%|████▊     | 1398732/2900744 [01:22<01:29, 16830.78it/s]Tokenizing corpus from database::  48%|████▊     | 1400428/2900744 [01:22<01:28, 16867.58it/s]Tokenizing corpus from database::  48%|████▊     | 1402130/2900744 [01:23<01:28, 16910.04it/s]Tokenizing corpus from database::  48%|████▊     | 1403851/2900744 [01:23<01:28, 16997.63it/s]Tokenizing corpus from database::  48%|████▊     | 1405560/2900744 [01:23<01:27, 17023.67it/s]Tokenizing corpus from database::  49%|████▊     | 1407274/2900744 [01:23<01:27, 17055.66it/s]Tokenizing corpus from database::  49%|████▊     | 1408980/2900744 [01:23<01:27, 17014.46it/s]Tokenizing corpus from database::  49%|████▊     | 1410682/2900744 [01:23<01:27, 16964.20it/s]Tokenizing corpus from database::  49%|████▊     | 1412379/2900744 [01:23<01:28, 16896.72it/s]Tokenizing corpus from database::  49%|████▊     | 1414074/2900744 [01:23<01:27, 16912.38it/s]Tokenizing corpus from database::  49%|████▉     | 1415773/2900744 [01:23<01:27, 16934.56it/s]Tokenizing corpus from database::  49%|████▉     | 1417467/2900744 [01:23<01:27, 16927.75it/s]Tokenizing corpus from database::  49%|████▉     | 1419160/2900744 [01:24<01:27, 16900.33it/s]Tokenizing corpus from database::  49%|████▉     | 1420851/2900744 [01:24<01:27, 16899.57it/s]Tokenizing corpus from database::  49%|████▉     | 1422541/2900744 [01:24<01:27, 16894.48it/s]Tokenizing corpus from database::  49%|████▉     | 1424231/2900744 [01:24<01:27, 16873.89it/s]Tokenizing corpus from database::  49%|████▉     | 1425919/2900744 [01:24<01:27, 16868.15it/s]Tokenizing corpus from database::  49%|████▉     | 1427606/2900744 [01:24<01:27, 16852.75it/s]Tokenizing corpus from database::  49%|████▉     | 1429292/2900744 [01:24<01:27, 16759.25it/s]Tokenizing corpus from database::  49%|████▉     | 1430980/2900744 [01:24<01:27, 16794.25it/s]Tokenizing corpus from database::  49%|████▉     | 1432676/2900744 [01:24<01:27, 16843.59it/s]Tokenizing corpus from database::  49%|████▉     | 1434376/2900744 [01:24<01:26, 16889.95it/s]Tokenizing corpus from database::  50%|████▉     | 1436066/2900744 [01:25<01:26, 16882.09it/s]Tokenizing corpus from database::  50%|████▉     | 1437758/2900744 [01:25<01:26, 16891.28it/s]Tokenizing corpus from database::  50%|████▉     | 1439458/2900744 [01:25<01:26, 16921.08it/s]Tokenizing corpus from database::  50%|████▉     | 1441151/2900744 [01:25<01:26, 16869.67it/s]Tokenizing corpus from database::  50%|████▉     | 1442845/2900744 [01:25<01:26, 16887.68it/s]Tokenizing corpus from database::  50%|████▉     | 1444534/2900744 [01:25<01:26, 16872.66it/s]Tokenizing corpus from database::  50%|████▉     | 1446222/2900744 [01:25<01:26, 16793.88it/s]Tokenizing corpus from database::  50%|████▉     | 1447906/2900744 [01:25<01:26, 16806.28it/s]Tokenizing corpus from database::  50%|████▉     | 1449590/2900744 [01:25<01:26, 16813.38it/s]Tokenizing corpus from database::  50%|█████     | 1451277/2900744 [01:25<01:26, 16829.16it/s]Tokenizing corpus from database::  50%|█████     | 1452964/2900744 [01:26<01:25, 16840.93it/s]Tokenizing corpus from database::  50%|█████     | 1454653/2900744 [01:26<01:25, 16854.56it/s]Tokenizing corpus from database::  50%|█████     | 1456345/2900744 [01:26<01:25, 16871.48it/s]Tokenizing corpus from database::  50%|█████     | 1458033/2900744 [01:26<01:25, 16857.87it/s]Tokenizing corpus from database::  50%|█████     | 1459729/2900744 [01:26<01:25, 16885.81it/s]Tokenizing corpus from database::  50%|█████     | 1461418/2900744 [01:26<01:25, 16884.81it/s]Tokenizing corpus from database::  50%|█████     | 1463107/2900744 [01:26<01:25, 16835.57it/s]Tokenizing corpus from database::  50%|█████     | 1464797/2900744 [01:26<01:25, 16853.98it/s]Tokenizing corpus from database::  51%|█████     | 1466485/2900744 [01:26<01:25, 16861.55it/s]Tokenizing corpus from database::  51%|█████     | 1468180/2900744 [01:26<01:24, 16886.23it/s]Tokenizing corpus from database::  51%|█████     | 1469875/2900744 [01:27<01:24, 16904.44it/s]Tokenizing corpus from database::  51%|█████     | 1471566/2900744 [01:27<01:24, 16904.00it/s]Tokenizing corpus from database::  51%|█████     | 1473261/2900744 [01:27<01:24, 16915.16it/s]Tokenizing corpus from database::  51%|█████     | 1474953/2900744 [01:27<01:24, 16908.12it/s]Tokenizing corpus from database::  51%|█████     | 1476644/2900744 [01:27<01:24, 16883.88it/s]Tokenizing corpus from database::  51%|█████     | 1478344/2900744 [01:27<01:24, 16916.68it/s]Tokenizing corpus from database::  51%|█████     | 1480036/2900744 [01:27<01:24, 16773.72it/s]Tokenizing corpus from database::  51%|█████     | 1481715/2900744 [01:27<01:24, 16776.19it/s]Tokenizing corpus from database::  51%|█████     | 1483397/2900744 [01:27<01:24, 16788.89it/s]Tokenizing corpus from database::  51%|█████     | 1485083/2900744 [01:27<01:24, 16807.73it/s]Tokenizing corpus from database::  51%|█████▏    | 1486764/2900744 [01:28<01:24, 16801.96it/s]Tokenizing corpus from database::  51%|█████▏    | 1488445/2900744 [01:28<01:24, 16794.54it/s]Tokenizing corpus from database::  51%|█████▏    | 1490132/2900744 [01:28<01:23, 16814.38it/s]Tokenizing corpus from database::  51%|█████▏    | 1491817/2900744 [01:28<01:23, 16822.71it/s]Tokenizing corpus from database::  51%|█████▏    | 1493500/2900744 [01:28<01:23, 16821.92it/s]Tokenizing corpus from database::  52%|█████▏    | 1495183/2900744 [01:28<01:23, 16806.99it/s]Tokenizing corpus from database::  52%|█████▏    | 1496869/2900744 [01:28<01:23, 16820.64it/s]Tokenizing corpus from database::  52%|█████▏    | 1498552/2900744 [01:28<01:23, 16808.16it/s]Tokenizing corpus from database::  52%|█████▏    | 1500233/2900744 [01:28<01:23, 16791.77it/s]Tokenizing corpus from database::  52%|█████▏    | 1501937/2900744 [01:28<01:22, 16864.80it/s]Tokenizing corpus from database::  52%|█████▏    | 1503624/2900744 [01:29<01:22, 16841.41it/s]Tokenizing corpus from database::  52%|█████▏    | 1505309/2900744 [01:29<01:23, 16801.82it/s]Tokenizing corpus from database::  52%|█████▏    | 1506990/2900744 [01:29<01:22, 16802.21it/s]Tokenizing corpus from database::  52%|█████▏    | 1508671/2900744 [01:29<01:22, 16798.95it/s]Tokenizing corpus from database::  52%|█████▏    | 1510351/2900744 [01:29<01:22, 16786.95it/s]Tokenizing corpus from database::  52%|█████▏    | 1512036/2900744 [01:29<01:22, 16803.29it/s]Tokenizing corpus from database::  52%|█████▏    | 1513717/2900744 [01:29<01:22, 16804.18it/s]Tokenizing corpus from database::  52%|█████▏    | 1515398/2900744 [01:29<01:22, 16796.58it/s]Tokenizing corpus from database::  52%|█████▏    | 1517095/2900744 [01:29<01:22, 16845.01it/s]Tokenizing corpus from database::  52%|█████▏    | 1518798/2900744 [01:29<01:21, 16899.66it/s]Tokenizing corpus from database::  52%|█████▏    | 1520511/2900744 [01:30<01:21, 16966.09it/s]Tokenizing corpus from database::  52%|█████▏    | 1522226/2900744 [01:30<01:20, 17019.75it/s]Tokenizing corpus from database::  53%|█████▎    | 1523943/2900744 [01:30<01:20, 17062.89it/s]Tokenizing corpus from database::  53%|█████▎    | 1525650/2900744 [01:30<01:20, 17050.94it/s]Tokenizing corpus from database::  53%|█████▎    | 1527356/2900744 [01:30<01:20, 17016.25it/s]Tokenizing corpus from database::  53%|█████▎    | 1529058/2900744 [01:30<01:20, 16937.36it/s]Tokenizing corpus from database::  53%|█████▎    | 1530752/2900744 [01:30<01:21, 16852.49it/s]Tokenizing corpus from database::  53%|█████▎    | 1532438/2900744 [01:30<01:21, 16848.45it/s]Tokenizing corpus from database::  53%|█████▎    | 1534131/2900744 [01:30<01:20, 16872.29it/s]Tokenizing corpus from database::  53%|█████▎    | 1535819/2900744 [01:30<01:20, 16873.45it/s]Tokenizing corpus from database::  53%|█████▎    | 1537515/2900744 [01:31<01:20, 16897.92it/s]Tokenizing corpus from database::  53%|█████▎    | 1539213/2900744 [01:31<01:20, 16919.47it/s]Tokenizing corpus from database::  53%|█████▎    | 1540905/2900744 [01:31<01:20, 16913.46it/s]Tokenizing corpus from database::  53%|█████▎    | 1542597/2900744 [01:31<01:20, 16869.53it/s]Tokenizing corpus from database::  53%|█████▎    | 1544286/2900744 [01:31<01:20, 16874.34it/s]Tokenizing corpus from database::  53%|█████▎    | 1545986/2900744 [01:31<01:20, 16910.61it/s]Tokenizing corpus from database::  53%|█████▎    | 1547681/2900744 [01:31<01:19, 16921.06it/s]Tokenizing corpus from database::  53%|█████▎    | 1549374/2900744 [01:31<01:19, 16912.81it/s]Tokenizing corpus from database::  53%|█████▎    | 1551066/2900744 [01:31<01:19, 16888.07it/s]Tokenizing corpus from database::  54%|█████▎    | 1552758/2900744 [01:31<01:19, 16895.56it/s]Tokenizing corpus from database::  54%|█████▎    | 1554448/2900744 [01:32<01:20, 16757.82it/s]Tokenizing corpus from database::  54%|█████▎    | 1556136/2900744 [01:32<01:20, 16791.52it/s]Tokenizing corpus from database::  54%|█████▎    | 1557816/2900744 [01:32<01:20, 16785.88it/s]Tokenizing corpus from database::  54%|█████▍    | 1559501/2900744 [01:32<01:19, 16803.87it/s]Tokenizing corpus from database::  54%|█████▍    | 1561182/2900744 [01:32<01:19, 16800.64it/s]Tokenizing corpus from database::  54%|█████▍    | 1562866/2900744 [01:32<01:19, 16812.23it/s]Tokenizing corpus from database::  54%|█████▍    | 1564555/2900744 [01:32<01:19, 16833.08it/s]Tokenizing corpus from database::  54%|█████▍    | 1566251/2900744 [01:32<01:19, 16870.60it/s]Tokenizing corpus from database::  54%|█████▍    | 1567945/2900744 [01:32<01:18, 16890.25it/s]Tokenizing corpus from database::  54%|█████▍    | 1569635/2900744 [01:32<01:18, 16878.99it/s]Tokenizing corpus from database::  54%|█████▍    | 1571327/2900744 [01:33<01:18, 16889.11it/s]Tokenizing corpus from database::  54%|█████▍    | 1573019/2900744 [01:33<01:18, 16897.71it/s]Tokenizing corpus from database::  54%|█████▍    | 1574713/2900744 [01:33<01:18, 16908.23it/s]Tokenizing corpus from database::  54%|█████▍    | 1576407/2900744 [01:33<01:18, 16917.07it/s]Tokenizing corpus from database::  54%|█████▍    | 1578099/2900744 [01:33<01:18, 16893.21it/s]Tokenizing corpus from database::  54%|█████▍    | 1579792/2900744 [01:33<01:18, 16901.40it/s]Tokenizing corpus from database::  55%|█████▍    | 1581483/2900744 [01:33<01:18, 16822.99it/s]Tokenizing corpus from database::  55%|█████▍    | 1583166/2900744 [01:33<01:18, 16814.79it/s]Tokenizing corpus from database::  55%|█████▍    | 1584853/2900744 [01:33<01:18, 16830.39it/s]Tokenizing corpus from database::  55%|█████▍    | 1586537/2900744 [01:33<01:18, 16796.76it/s]Tokenizing corpus from database::  55%|█████▍    | 1588226/2900744 [01:34<01:18, 16823.67it/s]Tokenizing corpus from database::  55%|█████▍    | 1589912/2900744 [01:34<01:17, 16834.21it/s]Tokenizing corpus from database::  55%|█████▍    | 1591599/2900744 [01:34<01:17, 16843.09it/s]Tokenizing corpus from database::  55%|█████▍    | 1593284/2900744 [01:34<01:17, 16839.51it/s]Tokenizing corpus from database::  55%|█████▍    | 1594981/2900744 [01:34<01:17, 16877.19it/s]Tokenizing corpus from database::  55%|█████▌    | 1596671/2900744 [01:34<01:17, 16882.26it/s]Tokenizing corpus from database::  55%|█████▌    | 1598365/2900744 [01:34<01:17, 16897.40it/s]Tokenizing corpus from database::  55%|█████▌    | 1600066/2900744 [01:34<01:16, 16928.83it/s]Tokenizing corpus from database::  55%|█████▌    | 1601759/2900744 [01:34<01:16, 16897.14it/s]Tokenizing corpus from database::  55%|█████▌    | 1603449/2900744 [01:34<01:16, 16886.74it/s]Tokenizing corpus from database::  55%|█████▌    | 1605138/2900744 [01:35<01:16, 16886.30it/s]Tokenizing corpus from database::  55%|█████▌    | 1606827/2900744 [01:35<01:16, 16876.39it/s]Tokenizing corpus from database::  55%|█████▌    | 1608519/2900744 [01:35<01:16, 16886.62it/s]Tokenizing corpus from database::  56%|█████▌    | 1610208/2900744 [01:35<01:16, 16879.46it/s]Tokenizing corpus from database::  56%|█████▌    | 1611897/2900744 [01:35<01:16, 16881.97it/s]Tokenizing corpus from database::  56%|█████▌    | 1613586/2900744 [01:35<01:16, 16866.10it/s]Tokenizing corpus from database::  56%|█████▌    | 1615273/2900744 [01:35<01:16, 16824.28it/s]Tokenizing corpus from database::  56%|█████▌    | 1616959/2900744 [01:35<01:16, 16832.78it/s]Tokenizing corpus from database::  56%|█████▌    | 1618643/2900744 [01:35<01:16, 16820.07it/s]Tokenizing corpus from database::  56%|█████▌    | 1620326/2900744 [01:35<01:16, 16804.75it/s]Tokenizing corpus from database::  56%|█████▌    | 1622009/2900744 [01:36<01:16, 16810.35it/s]Tokenizing corpus from database::  56%|█████▌    | 1623693/2900744 [01:36<01:15, 16816.27it/s]Tokenizing corpus from database::  56%|█████▌    | 1625380/2900744 [01:36<01:15, 16830.26it/s]Tokenizing corpus from database::  56%|█████▌    | 1627068/2900744 [01:36<01:15, 16844.75it/s]Tokenizing corpus from database::  56%|█████▌    | 1628760/2900744 [01:36<01:15, 16865.05it/s]Tokenizing corpus from database::  56%|█████▌    | 1630448/2900744 [01:36<01:15, 16867.76it/s]Tokenizing corpus from database::  56%|█████▋    | 1632135/2900744 [01:36<01:15, 16816.69it/s]Tokenizing corpus from database::  56%|█████▋    | 1633819/2900744 [01:36<01:15, 16821.93it/s]Tokenizing corpus from database::  56%|█████▋    | 1635511/2900744 [01:36<01:15, 16850.32it/s]Tokenizing corpus from database::  56%|█████▋    | 1637199/2900744 [01:36<01:14, 16856.43it/s]Tokenizing corpus from database::  56%|█████▋    | 1638892/2900744 [01:37<01:14, 16876.94it/s]Tokenizing corpus from database::  57%|█████▋    | 1640580/2900744 [01:37<01:14, 16855.60it/s]Tokenizing corpus from database::  57%|█████▋    | 1642269/2900744 [01:37<01:14, 16864.08it/s]Tokenizing corpus from database::  57%|█████▋    | 1643958/2900744 [01:37<01:14, 16868.79it/s]Tokenizing corpus from database::  57%|█████▋    | 1645650/2900744 [01:37<01:14, 16883.54it/s]Tokenizing corpus from database::  57%|█████▋    | 1647339/2900744 [01:37<01:14, 16868.28it/s]Tokenizing corpus from database::  57%|█████▋    | 1649032/2900744 [01:37<01:14, 16884.64it/s]Tokenizing corpus from database::  57%|█████▋    | 1650734/2900744 [01:37<01:13, 16923.34it/s]Tokenizing corpus from database::  57%|█████▋    | 1652427/2900744 [01:37<01:13, 16924.57it/s]Tokenizing corpus from database::  57%|█████▋    | 1654120/2900744 [01:37<01:13, 16905.55it/s]Tokenizing corpus from database::  57%|█████▋    | 1655811/2900744 [01:38<01:13, 16891.95it/s]Tokenizing corpus from database::  57%|█████▋    | 1657501/2900744 [01:38<01:13, 16849.50it/s]Tokenizing corpus from database::  57%|█████▋    | 1659186/2900744 [01:38<01:14, 16740.22it/s]Tokenizing corpus from database::  57%|█████▋    | 1660861/2900744 [01:38<01:14, 16693.13it/s]Tokenizing corpus from database::  57%|█████▋    | 1662532/2900744 [01:38<01:14, 16696.11it/s]Tokenizing corpus from database::  57%|█████▋    | 1664202/2900744 [01:38<01:14, 16672.17it/s]Tokenizing corpus from database::  57%|█████▋    | 1665882/2900744 [01:38<01:13, 16708.13it/s]Tokenizing corpus from database::  57%|█████▋    | 1667562/2900744 [01:38<01:13, 16732.71it/s]Tokenizing corpus from database::  58%|█████▊    | 1669236/2900744 [01:38<01:13, 16727.22it/s]Tokenizing corpus from database::  58%|█████▊    | 1670918/2900744 [01:38<01:13, 16754.04it/s]Tokenizing corpus from database::  58%|█████▊    | 1672594/2900744 [01:39<01:13, 16734.49it/s]Tokenizing corpus from database::  58%|█████▊    | 1674296/2900744 [01:39<01:12, 16818.32it/s]Tokenizing corpus from database::  58%|█████▊    | 1675992/2900744 [01:39<01:12, 16859.49it/s]Tokenizing corpus from database::  58%|█████▊    | 1677678/2900744 [01:39<01:13, 16673.17it/s]Tokenizing corpus from database::  58%|█████▊    | 1679358/2900744 [01:39<01:13, 16710.73it/s]Tokenizing corpus from database::  58%|█████▊    | 1681030/2900744 [01:39<01:13, 16685.52it/s]Tokenizing corpus from database::  58%|█████▊    | 1682707/2900744 [01:39<01:12, 16707.78it/s]Tokenizing corpus from database::  58%|█████▊    | 1684386/2900744 [01:39<01:12, 16731.23it/s]Tokenizing corpus from database::  58%|█████▊    | 1686063/2900744 [01:39<01:12, 16742.32it/s]Tokenizing corpus from database::  58%|█████▊    | 1687743/2900744 [01:39<01:12, 16757.33it/s]Tokenizing corpus from database::  58%|█████▊    | 1689420/2900744 [01:40<01:12, 16760.49it/s]Tokenizing corpus from database::  58%|█████▊    | 1691107/2900744 [01:40<01:12, 16791.25it/s]Tokenizing corpus from database::  58%|█████▊    | 1692789/2900744 [01:40<01:11, 16798.33it/s]Tokenizing corpus from database::  58%|█████▊    | 1694469/2900744 [01:40<01:11, 16782.79it/s]Tokenizing corpus from database::  58%|█████▊    | 1696161/2900744 [01:40<01:11, 16821.29it/s]Tokenizing corpus from database::  59%|█████▊    | 1697851/2900744 [01:40<01:11, 16842.95it/s]Tokenizing corpus from database::  59%|█████▊    | 1699546/2900744 [01:40<01:11, 16873.13it/s]Tokenizing corpus from database::  59%|█████▊    | 1701241/2900744 [01:40<01:10, 16894.96it/s]Tokenizing corpus from database::  59%|█████▊    | 1702931/2900744 [01:40<01:10, 16877.39it/s]Tokenizing corpus from database::  59%|█████▉    | 1704619/2900744 [01:40<01:10, 16869.10it/s]Tokenizing corpus from database::  59%|█████▉    | 1706306/2900744 [01:41<01:10, 16866.41it/s]Tokenizing corpus from database::  59%|█████▉    | 1708001/2900744 [01:41<01:10, 16888.65it/s]Tokenizing corpus from database::  59%|█████▉    | 1709690/2900744 [01:41<01:10, 16819.61it/s]Tokenizing corpus from database::  59%|█████▉    | 1711377/2900744 [01:41<01:10, 16832.66it/s]Tokenizing corpus from database::  59%|█████▉    | 1713065/2900744 [01:41<01:10, 16846.39it/s]Tokenizing corpus from database::  59%|█████▉    | 1714752/2900744 [01:41<01:10, 16850.43it/s]Tokenizing corpus from database::  59%|█████▉    | 1716439/2900744 [01:41<01:10, 16854.17it/s]Tokenizing corpus from database::  59%|█████▉    | 1718125/2900744 [01:41<01:10, 16827.56it/s]Tokenizing corpus from database::  59%|█████▉    | 1719813/2900744 [01:41<01:10, 16840.97it/s]Tokenizing corpus from database::  59%|█████▉    | 1721498/2900744 [01:41<01:10, 16833.00it/s]Tokenizing corpus from database::  59%|█████▉    | 1723187/2900744 [01:42<01:09, 16847.39it/s]Tokenizing corpus from database::  59%|█████▉    | 1724872/2900744 [01:42<01:09, 16823.38it/s]Tokenizing corpus from database::  60%|█████▉    | 1726555/2900744 [01:42<01:09, 16799.05it/s]Tokenizing corpus from database::  60%|█████▉    | 1728235/2900744 [01:42<01:09, 16777.71it/s]Tokenizing corpus from database::  60%|█████▉    | 1729918/2900744 [01:42<01:09, 16793.04it/s]Tokenizing corpus from database::  60%|█████▉    | 1731598/2900744 [01:42<01:09, 16768.80it/s]Tokenizing corpus from database::  60%|█████▉    | 1733287/2900744 [01:42<01:09, 16801.84it/s]Tokenizing corpus from database::  60%|█████▉    | 1735000/2900744 [01:42<01:08, 16897.70it/s]Tokenizing corpus from database::  60%|█████▉    | 1736701/2900744 [01:42<01:08, 16929.67it/s]Tokenizing corpus from database::  60%|█████▉    | 1738394/2900744 [01:42<01:08, 16899.60it/s]Tokenizing corpus from database::  60%|█████▉    | 1740084/2900744 [01:43<01:09, 16721.69it/s]Tokenizing corpus from database::  60%|██████    | 1741757/2900744 [01:43<01:09, 16655.14it/s]Tokenizing corpus from database::  60%|██████    | 1743444/2900744 [01:43<01:09, 16716.20it/s]Tokenizing corpus from database::  60%|██████    | 1745116/2900744 [01:43<01:09, 16696.56it/s]Tokenizing corpus from database::  60%|██████    | 1746796/2900744 [01:43<01:08, 16724.95it/s]Tokenizing corpus from database::  60%|██████    | 1748494/2900744 [01:43<01:08, 16799.29it/s]Tokenizing corpus from database::  60%|██████    | 1750177/2900744 [01:43<01:08, 16805.65it/s]Tokenizing corpus from database::  60%|██████    | 1751858/2900744 [01:43<01:08, 16803.33it/s]Tokenizing corpus from database::  60%|██████    | 1753539/2900744 [01:43<01:08, 16799.04it/s]Tokenizing corpus from database::  61%|██████    | 1755223/2900744 [01:43<01:08, 16808.39it/s]Tokenizing corpus from database::  61%|██████    | 1756913/2900744 [01:44<01:07, 16833.91it/s]Tokenizing corpus from database::  61%|██████    | 1758603/2900744 [01:44<01:07, 16853.50it/s]Tokenizing corpus from database::  61%|██████    | 1760289/2900744 [01:44<01:07, 16848.18it/s]Tokenizing corpus from database::  61%|██████    | 1761985/2900744 [01:44<01:07, 16880.39it/s]Tokenizing corpus from database::  61%|██████    | 1763674/2900744 [01:44<01:07, 16881.18it/s]Tokenizing corpus from database::  61%|██████    | 1765363/2900744 [01:44<01:07, 16859.27it/s]Tokenizing corpus from database::  61%|██████    | 1767050/2900744 [01:44<01:07, 16860.84it/s]Tokenizing corpus from database::  61%|██████    | 1768759/2900744 [01:44<01:06, 16927.07it/s]Tokenizing corpus from database::  61%|██████    | 1770452/2900744 [01:44<01:06, 16916.90it/s]Tokenizing corpus from database::  61%|██████    | 1772144/2900744 [01:45<01:06, 16896.83it/s]Tokenizing corpus from database::  61%|██████    | 1773836/2900744 [01:45<01:06, 16902.66it/s]Tokenizing corpus from database::  61%|██████    | 1775528/2900744 [01:45<01:06, 16905.17it/s]Tokenizing corpus from database::  61%|██████▏   | 1777219/2900744 [01:45<01:06, 16894.47it/s]Tokenizing corpus from database::  61%|██████▏   | 1778913/2900744 [01:45<01:06, 16906.35it/s]Tokenizing corpus from database::  61%|██████▏   | 1780604/2900744 [01:45<01:06, 16901.94it/s]Tokenizing corpus from database::  61%|██████▏   | 1782295/2900744 [01:45<01:06, 16832.13it/s]Tokenizing corpus from database::  62%|██████▏   | 1783999/2900744 [01:45<01:06, 16891.74it/s]Tokenizing corpus from database::  62%|██████▏   | 1785702/2900744 [01:45<01:05, 16930.47it/s]Tokenizing corpus from database::  62%|██████▏   | 1787396/2900744 [01:45<01:05, 16917.44it/s]Tokenizing corpus from database::  62%|██████▏   | 1789088/2900744 [01:46<01:05, 16914.79it/s]Tokenizing corpus from database::  62%|██████▏   | 1790780/2900744 [01:46<01:05, 16897.45it/s]Tokenizing corpus from database::  62%|██████▏   | 1792470/2900744 [01:46<01:05, 16894.38it/s]Tokenizing corpus from database::  62%|██████▏   | 1794160/2900744 [01:46<01:05, 16889.23it/s]Tokenizing corpus from database::  62%|██████▏   | 1795853/2900744 [01:46<01:05, 16898.41it/s]Tokenizing corpus from database::  62%|██████▏   | 1797543/2900744 [01:46<01:05, 16893.98it/s]Tokenizing corpus from database::  62%|██████▏   | 1799233/2900744 [01:46<01:05, 16872.79it/s]Tokenizing corpus from database::  62%|██████▏   | 1800921/2900744 [01:46<01:05, 16851.02it/s]Tokenizing corpus from database::  62%|██████▏   | 1802607/2900744 [01:46<01:05, 16835.05it/s]Tokenizing corpus from database::  62%|██████▏   | 1804291/2900744 [01:46<01:05, 16833.56it/s]Tokenizing corpus from database::  62%|██████▏   | 1805975/2900744 [01:47<01:05, 16808.21it/s]Tokenizing corpus from database::  62%|██████▏   | 1807665/2900744 [01:47<01:04, 16833.84it/s]Tokenizing corpus from database::  62%|██████▏   | 1809349/2900744 [01:47<01:04, 16824.88it/s]Tokenizing corpus from database::  62%|██████▏   | 1811034/2900744 [01:47<01:04, 16830.95it/s]Tokenizing corpus from database::  62%|██████▏   | 1812719/2900744 [01:47<01:04, 16836.28it/s]Tokenizing corpus from database::  63%|██████▎   | 1814403/2900744 [01:47<01:04, 16834.01it/s]Tokenizing corpus from database::  63%|██████▎   | 1816087/2900744 [01:47<01:04, 16832.58it/s]Tokenizing corpus from database::  63%|██████▎   | 1817774/2900744 [01:47<01:04, 16842.36it/s]Tokenizing corpus from database::  63%|██████▎   | 1819475/2900744 [01:47<01:04, 16890.57it/s]Tokenizing corpus from database::  63%|██████▎   | 1821165/2900744 [01:47<01:04, 16857.37it/s]Tokenizing corpus from database::  63%|██████▎   | 1822851/2900744 [01:48<01:04, 16824.86it/s]Tokenizing corpus from database::  63%|██████▎   | 1824534/2900744 [01:48<01:04, 16806.71it/s]Tokenizing corpus from database::  63%|██████▎   | 1826215/2900744 [01:48<01:04, 16786.06it/s]Tokenizing corpus from database::  63%|██████▎   | 1827894/2900744 [01:48<01:03, 16785.77it/s]Tokenizing corpus from database::  63%|██████▎   | 1829575/2900744 [01:48<01:03, 16790.12it/s]Tokenizing corpus from database::  63%|██████▎   | 1831266/2900744 [01:48<01:03, 16824.43it/s]Tokenizing corpus from database::  63%|██████▎   | 1832949/2900744 [01:48<01:03, 16771.80it/s]Tokenizing corpus from database::  63%|██████▎   | 1834635/2900744 [01:48<01:03, 16797.21it/s]Tokenizing corpus from database::  63%|██████▎   | 1836326/2900744 [01:48<01:03, 16828.38it/s]Tokenizing corpus from database::  63%|██████▎   | 1838012/2900744 [01:48<01:03, 16837.26it/s]Tokenizing corpus from database::  63%|██████▎   | 1839703/2900744 [01:49<01:02, 16857.29it/s]Tokenizing corpus from database::  63%|██████▎   | 1841393/2900744 [01:49<01:02, 16869.00it/s]Tokenizing corpus from database::  64%|██████▎   | 1843083/2900744 [01:49<01:02, 16877.97it/s]Tokenizing corpus from database::  64%|██████▎   | 1844773/2900744 [01:49<01:02, 16883.77it/s]Tokenizing corpus from database::  64%|██████▎   | 1846462/2900744 [01:49<01:02, 16882.56it/s]Tokenizing corpus from database::  64%|██████▎   | 1848151/2900744 [01:49<01:02, 16844.39it/s]Tokenizing corpus from database::  64%|██████▍   | 1849836/2900744 [01:49<01:02, 16814.71it/s]Tokenizing corpus from database::  64%|██████▍   | 1851518/2900744 [01:49<01:02, 16803.67it/s]Tokenizing corpus from database::  64%|██████▍   | 1853212/2900744 [01:49<01:02, 16843.02it/s]Tokenizing corpus from database::  64%|██████▍   | 1854927/2900744 [01:49<01:01, 16933.00it/s]Tokenizing corpus from database::  64%|██████▍   | 1856621/2900744 [01:50<01:01, 16922.41it/s]Tokenizing corpus from database::  64%|██████▍   | 1858314/2900744 [01:50<01:01, 16896.62it/s]Tokenizing corpus from database::  64%|██████▍   | 1860006/2900744 [01:50<01:01, 16901.51it/s]Tokenizing corpus from database::  64%|██████▍   | 1861697/2900744 [01:50<01:01, 16882.58it/s]Tokenizing corpus from database::  64%|██████▍   | 1863398/2900744 [01:50<01:01, 16919.16it/s]Tokenizing corpus from database::  64%|██████▍   | 1865090/2900744 [01:50<01:01, 16906.50it/s]Tokenizing corpus from database::  64%|██████▍   | 1866794/2900744 [01:50<01:01, 16945.49it/s]Tokenizing corpus from database::  64%|██████▍   | 1868489/2900744 [01:50<01:01, 16910.77it/s]Tokenizing corpus from database::  64%|██████▍   | 1870181/2900744 [01:50<01:00, 16899.21it/s]Tokenizing corpus from database::  65%|██████▍   | 1871871/2900744 [01:50<01:00, 16880.64it/s]Tokenizing corpus from database::  65%|██████▍   | 1873560/2900744 [01:51<01:01, 16837.13it/s]Tokenizing corpus from database::  65%|██████▍   | 1875244/2900744 [01:51<01:00, 16833.75it/s]Tokenizing corpus from database::  65%|██████▍   | 1876954/2900744 [01:51<01:00, 16912.72it/s]Tokenizing corpus from database::  65%|██████▍   | 1878659/2900744 [01:51<01:00, 16951.95it/s]Tokenizing corpus from database::  65%|██████▍   | 1880355/2900744 [01:51<01:00, 16952.10it/s]Tokenizing corpus from database::  65%|██████▍   | 1882051/2900744 [01:51<01:00, 16933.27it/s]Tokenizing corpus from database::  65%|██████▍   | 1883745/2900744 [01:51<01:00, 16863.10it/s]Tokenizing corpus from database::  65%|██████▍   | 1885432/2900744 [01:51<01:00, 16854.59it/s]Tokenizing corpus from database::  65%|██████▌   | 1887139/2900744 [01:51<00:59, 16916.65it/s]Tokenizing corpus from database::  65%|██████▌   | 1888855/2900744 [01:51<00:59, 16989.15it/s]Tokenizing corpus from database::  65%|██████▌   | 1890554/2900744 [01:52<00:59, 16965.22it/s]Tokenizing corpus from database::  65%|██████▌   | 1892251/2900744 [01:52<00:59, 16963.59it/s]Tokenizing corpus from database::  65%|██████▌   | 1893948/2900744 [01:52<00:59, 16935.19it/s]Tokenizing corpus from database::  65%|██████▌   | 1895651/2900744 [01:52<00:59, 16963.19it/s]Tokenizing corpus from database::  65%|██████▌   | 1897356/2900744 [01:52<00:59, 16988.31it/s]Tokenizing corpus from database::  65%|██████▌   | 1899055/2900744 [01:52<00:59, 16958.15it/s]Tokenizing corpus from database::  66%|██████▌   | 1900751/2900744 [01:52<00:59, 16932.06it/s]Tokenizing corpus from database::  66%|██████▌   | 1902445/2900744 [01:52<00:58, 16921.54it/s]Tokenizing corpus from database::  66%|██████▌   | 1904149/2900744 [01:52<00:58, 16956.23it/s]Tokenizing corpus from database::  66%|██████▌   | 1905845/2900744 [01:52<00:58, 16951.46it/s]Tokenizing corpus from database::  66%|██████▌   | 1907541/2900744 [01:53<00:58, 16943.74it/s]Tokenizing corpus from database::  66%|██████▌   | 1909236/2900744 [01:53<00:58, 16920.70it/s]Tokenizing corpus from database::  66%|██████▌   | 1910929/2900744 [01:53<00:58, 16886.88it/s]Tokenizing corpus from database::  66%|██████▌   | 1912618/2900744 [01:53<00:58, 16872.63it/s]Tokenizing corpus from database::  66%|██████▌   | 1914312/2900744 [01:53<00:58, 16890.05it/s]Tokenizing corpus from database::  66%|██████▌   | 1916002/2900744 [01:53<00:58, 16873.80it/s]Tokenizing corpus from database::  66%|██████▌   | 1917693/2900744 [01:53<00:58, 16882.64it/s]Tokenizing corpus from database::  66%|██████▌   | 1919383/2900744 [01:53<00:58, 16885.13it/s]Tokenizing corpus from database::  66%|██████▌   | 1921072/2900744 [01:53<00:58, 16883.33it/s]Tokenizing corpus from database::  66%|██████▋   | 1922777/2900744 [01:53<00:57, 16930.14it/s]Tokenizing corpus from database::  66%|██████▋   | 1924471/2900744 [01:54<00:57, 16928.84it/s]Tokenizing corpus from database::  66%|██████▋   | 1926164/2900744 [01:54<00:57, 16887.95it/s]Tokenizing corpus from database::  66%|██████▋   | 1927857/2900744 [01:54<00:57, 16899.48it/s]Tokenizing corpus from database::  67%|██████▋   | 1929547/2900744 [01:54<00:57, 16896.08it/s]Tokenizing corpus from database::  67%|██████▋   | 1931243/2900744 [01:54<00:57, 16913.00it/s]Tokenizing corpus from database::  67%|██████▋   | 1932935/2900744 [01:54<00:57, 16903.86it/s]Tokenizing corpus from database::  67%|██████▋   | 1934626/2900744 [01:54<00:57, 16851.58it/s]Tokenizing corpus from database::  67%|██████▋   | 1936316/2900744 [01:54<00:57, 16865.28it/s]Tokenizing corpus from database::  67%|██████▋   | 1938005/2900744 [01:54<00:57, 16870.49it/s]Tokenizing corpus from database::  67%|██████▋   | 1939693/2900744 [01:54<00:57, 16830.27it/s]Tokenizing corpus from database::  67%|██████▋   | 1941380/2900744 [01:55<00:56, 16840.77it/s]Tokenizing corpus from database::  67%|██████▋   | 1943067/2900744 [01:55<00:56, 16847.41it/s]Tokenizing corpus from database::  67%|██████▋   | 1944752/2900744 [01:55<00:56, 16824.09it/s]Tokenizing corpus from database::  67%|██████▋   | 1946435/2900744 [01:55<00:56, 16814.03it/s]Tokenizing corpus from database::  67%|██████▋   | 1948117/2900744 [01:55<00:56, 16815.56it/s]Tokenizing corpus from database::  67%|██████▋   | 1949817/2900744 [01:55<00:56, 16869.61it/s]Tokenizing corpus from database::  67%|██████▋   | 1951504/2900744 [01:55<00:56, 16851.89it/s]Tokenizing corpus from database::  67%|██████▋   | 1953197/2900744 [01:55<00:56, 16874.15it/s]Tokenizing corpus from database::  67%|██████▋   | 1954891/2900744 [01:55<00:55, 16891.99it/s]Tokenizing corpus from database::  67%|██████▋   | 1956581/2900744 [01:55<00:55, 16868.71it/s]Tokenizing corpus from database::  68%|██████▊   | 1958269/2900744 [01:56<00:55, 16869.49it/s]Tokenizing corpus from database::  68%|██████▊   | 1959960/2900744 [01:56<00:55, 16878.85it/s]Tokenizing corpus from database::  68%|██████▊   | 1961652/2900744 [01:56<00:55, 16890.95it/s]Tokenizing corpus from database::  68%|██████▊   | 1963364/2900744 [01:56<00:55, 16957.34it/s]Tokenizing corpus from database::  68%|██████▊   | 1965060/2900744 [01:56<00:55, 16939.26it/s]Tokenizing corpus from database::  68%|██████▊   | 1966754/2900744 [01:56<00:55, 16919.63it/s]Tokenizing corpus from database::  68%|██████▊   | 1968446/2900744 [01:56<00:55, 16904.15it/s]Tokenizing corpus from database::  68%|██████▊   | 1970137/2900744 [01:56<00:55, 16867.38it/s]Tokenizing corpus from database::  68%|██████▊   | 1971828/2900744 [01:56<00:55, 16877.42it/s]Tokenizing corpus from database::  68%|██████▊   | 1973524/2900744 [01:56<00:54, 16900.36it/s]Tokenizing corpus from database::  68%|██████▊   | 1975215/2900744 [01:57<00:54, 16859.85it/s]Tokenizing corpus from database::  68%|██████▊   | 1976909/2900744 [01:57<00:54, 16881.65it/s]Tokenizing corpus from database::  68%|██████▊   | 1978598/2900744 [01:57<00:54, 16868.59it/s]Tokenizing corpus from database::  68%|██████▊   | 1980285/2900744 [01:57<00:54, 16859.42it/s]Tokenizing corpus from database::  68%|██████▊   | 1981971/2900744 [01:57<00:54, 16859.36it/s]Tokenizing corpus from database::  68%|██████▊   | 1983658/2900744 [01:57<00:54, 16859.41it/s]Tokenizing corpus from database::  68%|██████▊   | 1985344/2900744 [01:57<00:54, 16804.66it/s]Tokenizing corpus from database::  69%|██████▊   | 1987034/2900744 [01:57<00:54, 16830.41it/s]Tokenizing corpus from database::  69%|██████▊   | 1988742/2900744 [01:57<00:53, 16904.83it/s]Tokenizing corpus from database::  69%|██████▊   | 1990460/2900744 [01:57<00:53, 16984.64it/s]Tokenizing corpus from database::  69%|██████▊   | 1992159/2900744 [01:58<00:53, 16975.97it/s]Tokenizing corpus from database::  69%|██████▊   | 1993857/2900744 [01:58<00:53, 16967.24it/s]Tokenizing corpus from database::  69%|██████▉   | 1995554/2900744 [01:58<00:53, 16955.43it/s]Tokenizing corpus from database::  69%|██████▉   | 1997263/2900744 [01:58<00:53, 16994.80it/s]Tokenizing corpus from database::  69%|██████▉   | 1998963/2900744 [01:58<00:53, 16980.72it/s]Tokenizing corpus from database::  69%|██████▉   | 2000662/2900744 [01:58<00:53, 16961.10it/s]Tokenizing corpus from database::  69%|██████▉   | 2002359/2900744 [01:58<00:53, 16902.31it/s]Tokenizing corpus from database::  69%|██████▉   | 2004050/2900744 [01:58<00:53, 16871.33it/s]Tokenizing corpus from database::  69%|██████▉   | 2005754/2900744 [01:58<00:52, 16919.81it/s]Tokenizing corpus from database::  69%|██████▉   | 2007461/2900744 [01:58<00:52, 16962.13it/s]Tokenizing corpus from database::  69%|██████▉   | 2009158/2900744 [01:59<00:52, 16948.67it/s]Tokenizing corpus from database::  69%|██████▉   | 2010853/2900744 [01:59<00:52, 16924.18it/s]Tokenizing corpus from database::  69%|██████▉   | 2012546/2900744 [01:59<00:52, 16909.70it/s]Tokenizing corpus from database::  69%|██████▉   | 2014239/2900744 [01:59<00:52, 16913.62it/s]Tokenizing corpus from database::  69%|██████▉   | 2015931/2900744 [01:59<00:52, 16914.07it/s]Tokenizing corpus from database::  70%|██████▉   | 2017623/2900744 [01:59<00:52, 16910.97it/s]Tokenizing corpus from database::  70%|██████▉   | 2019315/2900744 [01:59<00:52, 16893.91it/s]Tokenizing corpus from database::  70%|██████▉   | 2021010/2900744 [01:59<00:52, 16909.84it/s]Tokenizing corpus from database::  70%|██████▉   | 2022705/2900744 [01:59<00:51, 16920.33it/s]Tokenizing corpus from database::  70%|██████▉   | 2024399/2900744 [01:59<00:51, 16924.14it/s]Tokenizing corpus from database::  70%|██████▉   | 2026096/2900744 [02:00<00:51, 16935.28it/s]Tokenizing corpus from database::  70%|██████▉   | 2027793/2900744 [02:00<00:51, 16943.97it/s]Tokenizing corpus from database::  70%|██████▉   | 2029514/2900744 [02:00<00:51, 17020.67it/s]Tokenizing corpus from database::  70%|███████   | 2031217/2900744 [02:00<00:51, 17007.69it/s]Tokenizing corpus from database::  70%|███████   | 2032918/2900744 [02:00<00:51, 16976.29it/s]Tokenizing corpus from database::  70%|███████   | 2034624/2900744 [02:00<00:50, 16999.72it/s]Tokenizing corpus from database::  70%|███████   | 2036324/2900744 [02:00<00:50, 16964.43it/s]Tokenizing corpus from database::  70%|███████   | 2038021/2900744 [02:00<00:50, 16943.83it/s]Tokenizing corpus from database::  70%|███████   | 2039716/2900744 [02:00<00:50, 16914.43it/s]Tokenizing corpus from database::  70%|███████   | 2041408/2900744 [02:00<00:50, 16899.59it/s]Tokenizing corpus from database::  70%|███████   | 2043098/2900744 [02:01<00:50, 16899.24it/s]Tokenizing corpus from database::  70%|███████   | 2044791/2900744 [02:01<00:50, 16906.92it/s]Tokenizing corpus from database::  71%|███████   | 2046490/2900744 [02:01<00:50, 16930.25it/s]Tokenizing corpus from database::  71%|███████   | 2048184/2900744 [02:01<00:50, 16883.42it/s]Tokenizing corpus from database::  71%|███████   | 2049873/2900744 [02:01<00:50, 16875.99it/s]Tokenizing corpus from database::  71%|███████   | 2051561/2900744 [02:01<00:50, 16850.12it/s]Tokenizing corpus from database::  71%|███████   | 2053247/2900744 [02:01<00:50, 16835.66it/s]Tokenizing corpus from database::  71%|███████   | 2054931/2900744 [02:01<00:50, 16835.74it/s]Tokenizing corpus from database::  71%|███████   | 2056635/2900744 [02:01<00:49, 16896.35it/s]Tokenizing corpus from database::  71%|███████   | 2058329/2900744 [02:01<00:49, 16907.18it/s]Tokenizing corpus from database::  71%|███████   | 2060020/2900744 [02:02<00:49, 16887.10it/s]Tokenizing corpus from database::  71%|███████   | 2061709/2900744 [02:02<00:49, 16886.43it/s]Tokenizing corpus from database::  71%|███████   | 2063398/2900744 [02:02<00:49, 16871.88it/s]Tokenizing corpus from database::  71%|███████   | 2065086/2900744 [02:02<00:49, 16867.84it/s]Tokenizing corpus from database::  71%|███████   | 2066773/2900744 [02:02<00:49, 16837.98it/s]Tokenizing corpus from database::  71%|███████▏  | 2068459/2900744 [02:02<00:49, 16842.77it/s]Tokenizing corpus from database::  71%|███████▏  | 2070144/2900744 [02:02<00:49, 16808.28it/s]Tokenizing corpus from database::  71%|███████▏  | 2071836/2900744 [02:02<00:49, 16838.98it/s]Tokenizing corpus from database::  71%|███████▏  | 2073520/2900744 [02:02<00:49, 16832.69it/s]Tokenizing corpus from database::  72%|███████▏  | 2075214/2900744 [02:02<00:48, 16863.40it/s]Tokenizing corpus from database::  72%|███████▏  | 2076909/2900744 [02:03<00:48, 16887.26it/s]Tokenizing corpus from database::  72%|███████▏  | 2078609/2900744 [02:03<00:48, 16919.86it/s]Tokenizing corpus from database::  72%|███████▏  | 2080301/2900744 [02:03<00:48, 16919.26it/s]Tokenizing corpus from database::  72%|███████▏  | 2081994/2900744 [02:03<00:48, 16921.11it/s]Tokenizing corpus from database::  72%|███████▏  | 2083687/2900744 [02:03<00:48, 16915.59it/s]Tokenizing corpus from database::  72%|███████▏  | 2085382/2900744 [02:03<00:48, 16922.90it/s]Tokenizing corpus from database::  72%|███████▏  | 2087075/2900744 [02:03<00:48, 16752.05it/s]Tokenizing corpus from database::  72%|███████▏  | 2088766/2900744 [02:03<00:48, 16798.78it/s]Tokenizing corpus from database::  72%|███████▏  | 2090494/2900744 [02:03<00:47, 16940.83it/s]Tokenizing corpus from database::  72%|███████▏  | 2092202/2900744 [02:03<00:47, 16979.54it/s]Tokenizing corpus from database::  72%|███████▏  | 2093901/2900744 [02:04<00:47, 16945.55it/s]Tokenizing corpus from database::  72%|███████▏  | 2095599/2900744 [02:04<00:47, 16953.97it/s]Tokenizing corpus from database::  72%|███████▏  | 2097301/2900744 [02:04<00:47, 16970.30it/s]Tokenizing corpus from database::  72%|███████▏  | 2098999/2900744 [02:04<00:47, 16957.24it/s]Tokenizing corpus from database::  72%|███████▏  | 2100695/2900744 [02:04<00:47, 16930.42it/s]Tokenizing corpus from database::  72%|███████▏  | 2102389/2900744 [02:04<00:47, 16912.65it/s]Tokenizing corpus from database::  73%|███████▎  | 2104083/2900744 [02:04<00:47, 16918.60it/s]Tokenizing corpus from database::  73%|███████▎  | 2105784/2900744 [02:04<00:46, 16942.99it/s]Tokenizing corpus from database::  73%|███████▎  | 2107497/2900744 [02:04<00:46, 16996.83it/s]Tokenizing corpus from database::  73%|███████▎  | 2109210/2900744 [02:04<00:46, 17034.88it/s]Tokenizing corpus from database::  73%|███████▎  | 2110914/2900744 [02:05<00:46, 17014.66it/s]Tokenizing corpus from database::  73%|███████▎  | 2112616/2900744 [02:05<00:46, 16981.80it/s]Tokenizing corpus from database::  73%|███████▎  | 2114315/2900744 [02:05<00:46, 16970.83it/s]Tokenizing corpus from database::  73%|███████▎  | 2116014/2900744 [02:05<00:46, 16974.00it/s]Tokenizing corpus from database::  73%|███████▎  | 2117712/2900744 [02:05<00:46, 16975.27it/s]Tokenizing corpus from database::  73%|███████▎  | 2119410/2900744 [02:05<00:46, 16973.82it/s]Tokenizing corpus from database::  73%|███████▎  | 2121108/2900744 [02:05<00:45, 16959.06it/s]Tokenizing corpus from database::  73%|███████▎  | 2122807/2900744 [02:05<00:45, 16967.33it/s]Tokenizing corpus from database::  73%|███████▎  | 2124528/2900744 [02:05<00:45, 17038.88it/s]Tokenizing corpus from database::  73%|███████▎  | 2126237/2900744 [02:05<00:45, 17053.04it/s]Tokenizing corpus from database::  73%|███████▎  | 2127943/2900744 [02:06<00:45, 17022.67it/s]Tokenizing corpus from database::  73%|███████▎  | 2129646/2900744 [02:06<00:45, 16999.05it/s]Tokenizing corpus from database::  73%|███████▎  | 2131364/2900744 [02:06<00:45, 17051.78it/s]Tokenizing corpus from database::  74%|███████▎  | 2133071/2900744 [02:06<00:45, 17054.00it/s]Tokenizing corpus from database::  74%|███████▎  | 2134777/2900744 [02:06<00:44, 17028.27it/s]Tokenizing corpus from database::  74%|███████▎  | 2136480/2900744 [02:06<00:44, 17007.92it/s]Tokenizing corpus from database::  74%|███████▎  | 2138181/2900744 [02:06<00:45, 16923.56it/s]Tokenizing corpus from database::  74%|███████▍  | 2139881/2900744 [02:06<00:44, 16945.65it/s]Tokenizing corpus from database::  74%|███████▍  | 2141580/2900744 [02:06<00:44, 16957.81it/s]Tokenizing corpus from database::  74%|███████▍  | 2143276/2900744 [02:06<00:45, 16812.12it/s]Tokenizing corpus from database::  74%|███████▍  | 2144976/2900744 [02:07<00:44, 16867.35it/s]Tokenizing corpus from database::  74%|███████▍  | 2146673/2900744 [02:07<00:44, 16895.47it/s]Tokenizing corpus from database::  74%|███████▍  | 2148363/2900744 [02:07<00:45, 16707.35it/s]Tokenizing corpus from database::  74%|███████▍  | 2150050/2900744 [02:07<00:44, 16753.09it/s]Tokenizing corpus from database::  74%|███████▍  | 2151742/2900744 [02:07<00:44, 16800.91it/s]Tokenizing corpus from database::  74%|███████▍  | 2153439/2900744 [02:07<00:44, 16850.14it/s]Tokenizing corpus from database::  74%|███████▍  | 2155128/2900744 [02:07<00:44, 16859.58it/s]Tokenizing corpus from database::  74%|███████▍  | 2156828/2900744 [02:07<00:44, 16899.39it/s]Tokenizing corpus from database::  74%|███████▍  | 2158548/2900744 [02:07<00:43, 16988.62it/s]Tokenizing corpus from database::  74%|███████▍  | 2160267/2900744 [02:07<00:43, 17045.99it/s]Tokenizing corpus from database::  75%|███████▍  | 2161995/2900744 [02:08<00:43, 17113.95it/s]Tokenizing corpus from database::  75%|███████▍  | 2163713/2900744 [02:08<00:43, 17131.94it/s]Tokenizing corpus from database::  75%|███████▍  | 2165427/2900744 [02:08<00:42, 17108.32it/s]Tokenizing corpus from database::  75%|███████▍  | 2167153/2900744 [02:08<00:42, 17151.36it/s]Tokenizing corpus from database::  75%|███████▍  | 2168869/2900744 [02:08<00:42, 17106.29it/s]Tokenizing corpus from database::  75%|███████▍  | 2170580/2900744 [02:08<00:42, 17058.31it/s]Tokenizing corpus from database::  75%|███████▍  | 2172286/2900744 [02:08<00:42, 17043.93it/s]Tokenizing corpus from database::  75%|███████▍  | 2173997/2900744 [02:08<00:42, 17062.78it/s]Tokenizing corpus from database::  75%|███████▌  | 2175704/2900744 [02:08<00:42, 17000.81it/s]Tokenizing corpus from database::  75%|███████▌  | 2177405/2900744 [02:08<00:42, 16951.54it/s]Tokenizing corpus from database::  75%|███████▌  | 2179101/2900744 [02:09<00:42, 16940.70it/s]Tokenizing corpus from database::  75%|███████▌  | 2180796/2900744 [02:09<00:42, 16910.19it/s]Tokenizing corpus from database::  75%|███████▌  | 2182498/2900744 [02:09<00:42, 16940.36it/s]Tokenizing corpus from database::  75%|███████▌  | 2184211/2900744 [02:09<00:42, 16996.88it/s]Tokenizing corpus from database::  75%|███████▌  | 2185911/2900744 [02:09<00:42, 16970.15it/s]Tokenizing corpus from database::  75%|███████▌  | 2187609/2900744 [02:09<00:42, 16929.86it/s]Tokenizing corpus from database::  75%|███████▌  | 2189303/2900744 [02:09<00:42, 16877.24it/s]Tokenizing corpus from database::  76%|███████▌  | 2190992/2900744 [02:09<00:42, 16878.98it/s]Tokenizing corpus from database::  76%|███████▌  | 2192706/2900744 [02:09<00:41, 16954.76it/s]Tokenizing corpus from database::  76%|███████▌  | 2194409/2900744 [02:09<00:41, 16975.56it/s]Tokenizing corpus from database::  76%|███████▌  | 2196109/2900744 [02:10<00:41, 16981.50it/s]Tokenizing corpus from database::  76%|███████▌  | 2197808/2900744 [02:10<00:41, 16929.02it/s]Tokenizing corpus from database::  76%|███████▌  | 2199501/2900744 [02:10<00:41, 16923.04it/s]Tokenizing corpus from database::  76%|███████▌  | 2201194/2900744 [02:10<00:41, 16885.35it/s]Tokenizing corpus from database::  76%|███████▌  | 2202886/2900744 [02:10<00:41, 16894.73it/s]Tokenizing corpus from database::  76%|███████▌  | 2204576/2900744 [02:10<00:41, 16856.74it/s]Tokenizing corpus from database::  76%|███████▌  | 2206262/2900744 [02:10<00:41, 16856.16it/s]Tokenizing corpus from database::  76%|███████▌  | 2207948/2900744 [02:10<00:41, 16831.84it/s]Tokenizing corpus from database::  76%|███████▌  | 2209640/2900744 [02:10<00:40, 16857.55it/s]Tokenizing corpus from database::  76%|███████▌  | 2211343/2900744 [02:10<00:40, 16908.02it/s]Tokenizing corpus from database::  76%|███████▋  | 2213040/2900744 [02:11<00:40, 16925.49it/s]Tokenizing corpus from database::  76%|███████▋  | 2214733/2900744 [02:11<00:40, 16878.97it/s]Tokenizing corpus from database::  76%|███████▋  | 2216431/2900744 [02:11<00:40, 16906.68it/s]Tokenizing corpus from database::  76%|███████▋  | 2218137/2900744 [02:11<00:40, 16950.91it/s]Tokenizing corpus from database::  77%|███████▋  | 2219833/2900744 [02:11<00:40, 16916.15it/s]Tokenizing corpus from database::  77%|███████▋  | 2221525/2900744 [02:11<00:40, 16880.08it/s]Tokenizing corpus from database::  77%|███████▋  | 2223214/2900744 [02:11<00:40, 16844.65it/s]Tokenizing corpus from database::  77%|███████▋  | 2224908/2900744 [02:11<00:40, 16871.62it/s]Tokenizing corpus from database::  77%|███████▋  | 2226611/2900744 [02:11<00:39, 16917.59it/s]Tokenizing corpus from database::  77%|███████▋  | 2228312/2900744 [02:11<00:39, 16944.26it/s]Tokenizing corpus from database::  77%|███████▋  | 2230031/2900744 [02:12<00:39, 17015.76it/s]Tokenizing corpus from database::  77%|███████▋  | 2231736/2900744 [02:12<00:39, 17024.99it/s]Tokenizing corpus from database::  77%|███████▋  | 2233439/2900744 [02:12<00:39, 17004.52it/s]Tokenizing corpus from database::  77%|███████▋  | 2235140/2900744 [02:12<00:39, 16949.93it/s]Tokenizing corpus from database::  77%|███████▋  | 2236836/2900744 [02:12<00:39, 16950.01it/s]Tokenizing corpus from database::  77%|███████▋  | 2238532/2900744 [02:12<00:39, 16911.69it/s]Tokenizing corpus from database::  77%|███████▋  | 2240224/2900744 [02:12<00:39, 16881.45it/s]Tokenizing corpus from database::  77%|███████▋  | 2241920/2900744 [02:12<00:38, 16903.71it/s]Tokenizing corpus from database::  77%|███████▋  | 2243613/2900744 [02:12<00:38, 16909.05it/s]Tokenizing corpus from database::  77%|███████▋  | 2245304/2900744 [02:12<00:38, 16886.55it/s]Tokenizing corpus from database::  77%|███████▋  | 2246999/2900744 [02:13<00:38, 16902.84it/s]Tokenizing corpus from database::  78%|███████▊  | 2248693/2900744 [02:13<00:38, 16912.84it/s]Tokenizing corpus from database::  78%|███████▊  | 2250385/2900744 [02:13<00:38, 16883.41it/s]Tokenizing corpus from database::  78%|███████▊  | 2252074/2900744 [02:13<00:38, 16847.18it/s]Tokenizing corpus from database::  78%|███████▊  | 2253759/2900744 [02:13<00:38, 16842.30it/s]Tokenizing corpus from database::  78%|███████▊  | 2255444/2900744 [02:13<00:38, 16833.67it/s]Tokenizing corpus from database::  78%|███████▊  | 2257132/2900744 [02:13<00:38, 16844.68it/s]Tokenizing corpus from database::  78%|███████▊  | 2258817/2900744 [02:13<00:38, 16825.91it/s]Tokenizing corpus from database::  78%|███████▊  | 2260503/2900744 [02:13<00:38, 16834.46it/s]Tokenizing corpus from database::  78%|███████▊  | 2262189/2900744 [02:13<00:37, 16834.44it/s]Tokenizing corpus from database::  78%|███████▊  | 2263876/2900744 [02:14<00:37, 16843.71it/s]Tokenizing corpus from database::  78%|███████▊  | 2265566/2900744 [02:14<00:37, 16859.48it/s]Tokenizing corpus from database::  78%|███████▊  | 2267266/2900744 [02:14<00:37, 16898.69it/s]Tokenizing corpus from database::  78%|███████▊  | 2268956/2900744 [02:14<00:37, 16852.96it/s]Tokenizing corpus from database::  78%|███████▊  | 2270642/2900744 [02:14<00:37, 16841.83it/s]Tokenizing corpus from database::  78%|███████▊  | 2272332/2900744 [02:14<00:37, 16858.25it/s]Tokenizing corpus from database::  78%|███████▊  | 2274018/2900744 [02:14<00:37, 16830.51it/s]Tokenizing corpus from database::  78%|███████▊  | 2275702/2900744 [02:14<00:37, 16786.23it/s]Tokenizing corpus from database::  79%|███████▊  | 2277386/2900744 [02:14<00:37, 16801.98it/s]Tokenizing corpus from database::  79%|███████▊  | 2279067/2900744 [02:14<00:37, 16737.90it/s]Tokenizing corpus from database::  79%|███████▊  | 2280758/2900744 [02:15<00:36, 16789.07it/s]Tokenizing corpus from database::  79%|███████▊  | 2282437/2900744 [02:15<00:36, 16787.09it/s]Tokenizing corpus from database::  79%|███████▊  | 2284129/2900744 [02:15<00:36, 16826.08it/s]Tokenizing corpus from database::  79%|███████▉  | 2285832/2900744 [02:15<00:36, 16885.84it/s]Tokenizing corpus from database::  79%|███████▉  | 2287521/2900744 [02:15<00:36, 16868.34it/s]Tokenizing corpus from database::  79%|███████▉  | 2289208/2900744 [02:15<00:36, 16807.20it/s]Tokenizing corpus from database::  79%|███████▉  | 2290894/2900744 [02:15<00:36, 16821.98it/s]Tokenizing corpus from database::  79%|███████▉  | 2292599/2900744 [02:15<00:36, 16887.93it/s]Tokenizing corpus from database::  79%|███████▉  | 2294303/2900744 [02:15<00:35, 16931.62it/s]Tokenizing corpus from database::  79%|███████▉  | 2295997/2900744 [02:15<00:35, 16919.53it/s]Tokenizing corpus from database::  79%|███████▉  | 2297689/2900744 [02:16<00:35, 16858.73it/s]Tokenizing corpus from database::  79%|███████▉  | 2299375/2900744 [02:16<00:35, 16839.39it/s]Tokenizing corpus from database::  79%|███████▉  | 2301061/2900744 [02:16<00:35, 16845.27it/s]Tokenizing corpus from database::  79%|███████▉  | 2302760/2900744 [02:16<00:35, 16886.73it/s]Tokenizing corpus from database::  79%|███████▉  | 2304458/2900744 [02:16<00:35, 16912.23it/s]Tokenizing corpus from database::  80%|███████▉  | 2306150/2900744 [02:16<00:35, 16866.27it/s]Tokenizing corpus from database::  80%|███████▉  | 2307844/2900744 [02:16<00:35, 16887.35it/s]Tokenizing corpus from database::  80%|███████▉  | 2309552/2900744 [02:16<00:34, 16942.96it/s]Tokenizing corpus from database::  80%|███████▉  | 2311263/2900744 [02:16<00:34, 16992.44it/s]Tokenizing corpus from database::  80%|███████▉  | 2312963/2900744 [02:16<00:34, 16987.69it/s]Tokenizing corpus from database::  80%|███████▉  | 2314662/2900744 [02:17<00:34, 16972.00it/s]Tokenizing corpus from database::  80%|███████▉  | 2316360/2900744 [02:17<00:34, 16945.59it/s]Tokenizing corpus from database::  80%|███████▉  | 2318055/2900744 [02:17<00:34, 16922.56it/s]Tokenizing corpus from database::  80%|███████▉  | 2319748/2900744 [02:17<00:34, 16893.54it/s]Tokenizing corpus from database::  80%|████████  | 2321438/2900744 [02:17<00:34, 16864.32it/s]Tokenizing corpus from database::  80%|████████  | 2323125/2900744 [02:17<00:34, 16795.95it/s]Tokenizing corpus from database::  80%|████████  | 2324813/2900744 [02:17<00:34, 16819.98it/s]Tokenizing corpus from database::  80%|████████  | 2326497/2900744 [02:17<00:34, 16823.20it/s]Tokenizing corpus from database::  80%|████████  | 2328180/2900744 [02:17<00:34, 16816.23it/s]Tokenizing corpus from database::  80%|████████  | 2329868/2900744 [02:18<00:33, 16833.04it/s]Tokenizing corpus from database::  80%|████████  | 2331552/2900744 [02:18<00:33, 16834.79it/s]Tokenizing corpus from database::  80%|████████  | 2333236/2900744 [02:18<00:33, 16813.72it/s]Tokenizing corpus from database::  80%|████████  | 2334923/2900744 [02:18<00:33, 16829.36it/s]Tokenizing corpus from database::  81%|████████  | 2336635/2900744 [02:18<00:33, 16915.42it/s]Tokenizing corpus from database::  81%|████████  | 2338327/2900744 [02:18<00:33, 16912.34it/s]Tokenizing corpus from database::  81%|████████  | 2340019/2900744 [02:18<00:33, 16823.91it/s]Tokenizing corpus from database::  81%|████████  | 2341708/2900744 [02:18<00:33, 16840.63it/s]Tokenizing corpus from database::  81%|████████  | 2343417/2900744 [02:18<00:32, 16913.92it/s]Tokenizing corpus from database::  81%|████████  | 2345137/2900744 [02:18<00:32, 16997.06it/s]Tokenizing corpus from database::  81%|████████  | 2346849/2900744 [02:19<00:32, 17033.50it/s]Tokenizing corpus from database::  81%|████████  | 2348553/2900744 [02:19<00:32, 16976.37it/s]Tokenizing corpus from database::  81%|████████  | 2350251/2900744 [02:19<00:32, 16946.31it/s]Tokenizing corpus from database::  81%|████████  | 2351946/2900744 [02:19<00:32, 16929.65it/s]Tokenizing corpus from database::  81%|████████  | 2353665/2900744 [02:19<00:32, 17005.10it/s]Tokenizing corpus from database::  81%|████████  | 2355366/2900744 [02:19<00:32, 16994.58it/s]Tokenizing corpus from database::  81%|████████▏ | 2357066/2900744 [02:19<00:32, 16965.51it/s]Tokenizing corpus from database::  81%|████████▏ | 2358764/2900744 [02:19<00:31, 16966.31it/s]Tokenizing corpus from database::  81%|████████▏ | 2360461/2900744 [02:19<00:31, 16935.84it/s]Tokenizing corpus from database::  81%|████████▏ | 2362160/2900744 [02:19<00:31, 16949.27it/s]Tokenizing corpus from database::  81%|████████▏ | 2363864/2900744 [02:20<00:31, 16974.56it/s]Tokenizing corpus from database::  82%|████████▏ | 2365565/2900744 [02:20<00:31, 16983.24it/s]Tokenizing corpus from database::  82%|████████▏ | 2367264/2900744 [02:20<00:31, 16981.50it/s]Tokenizing corpus from database::  82%|████████▏ | 2368963/2900744 [02:20<00:31, 16960.13it/s]Tokenizing corpus from database::  82%|████████▏ | 2370660/2900744 [02:20<00:31, 16930.24it/s]Tokenizing corpus from database::  82%|████████▏ | 2372354/2900744 [02:20<00:31, 16923.47it/s]Tokenizing corpus from database::  82%|████████▏ | 2374047/2900744 [02:20<00:31, 16909.73it/s]Tokenizing corpus from database::  82%|████████▏ | 2375740/2900744 [02:20<00:31, 16915.16it/s]Tokenizing corpus from database::  82%|████████▏ | 2377445/2900744 [02:20<00:30, 16954.97it/s]Tokenizing corpus from database::  82%|████████▏ | 2379141/2900744 [02:20<00:30, 16946.98it/s]Tokenizing corpus from database::  82%|████████▏ | 2380836/2900744 [02:21<00:30, 16932.01it/s]Tokenizing corpus from database::  82%|████████▏ | 2382530/2900744 [02:21<00:30, 16928.06it/s]Tokenizing corpus from database::  82%|████████▏ | 2384223/2900744 [02:21<00:30, 16926.03it/s]Tokenizing corpus from database::  82%|████████▏ | 2385916/2900744 [02:21<00:30, 16896.38it/s]Tokenizing corpus from database::  82%|████████▏ | 2387606/2900744 [02:21<00:30, 16879.76it/s]Tokenizing corpus from database::  82%|████████▏ | 2389294/2900744 [02:21<00:30, 16857.27it/s]Tokenizing corpus from database::  82%|████████▏ | 2390980/2900744 [02:21<00:30, 16827.69it/s]Tokenizing corpus from database::  82%|████████▏ | 2392663/2900744 [02:21<00:30, 16822.09it/s]Tokenizing corpus from database::  83%|████████▎ | 2394375/2900744 [02:21<00:29, 16909.24it/s]Tokenizing corpus from database::  83%|████████▎ | 2396097/2900744 [02:21<00:29, 17001.53it/s]Tokenizing corpus from database::  83%|████████▎ | 2397808/2900744 [02:22<00:29, 17033.21it/s]Tokenizing corpus from database::  83%|████████▎ | 2399531/2900744 [02:22<00:29, 17089.73it/s]Tokenizing corpus from database::  83%|████████▎ | 2401240/2900744 [02:22<00:29, 17065.51it/s]Tokenizing corpus from database::  83%|████████▎ | 2402947/2900744 [02:22<00:29, 17019.36it/s]Tokenizing corpus from database::  83%|████████▎ | 2404649/2900744 [02:22<00:29, 16987.62it/s]Tokenizing corpus from database::  83%|████████▎ | 2406348/2900744 [02:22<00:29, 16953.40it/s]Tokenizing corpus from database::  83%|████████▎ | 2408044/2900744 [02:22<00:29, 16955.21it/s]Tokenizing corpus from database::  83%|████████▎ | 2409740/2900744 [02:22<00:29, 16929.20it/s]Tokenizing corpus from database::  83%|████████▎ | 2411433/2900744 [02:22<00:29, 16871.19it/s]Tokenizing corpus from database::  83%|████████▎ | 2413123/2900744 [02:22<00:28, 16878.42it/s]Tokenizing corpus from database::  83%|████████▎ | 2414811/2900744 [02:23<00:28, 16830.41it/s]Tokenizing corpus from database::  83%|████████▎ | 2416495/2900744 [02:23<00:28, 16830.83it/s]Tokenizing corpus from database::  83%|████████▎ | 2418179/2900744 [02:23<00:28, 16833.15it/s]Tokenizing corpus from database::  83%|████████▎ | 2419863/2900744 [02:23<00:28, 16829.32it/s]Tokenizing corpus from database::  83%|████████▎ | 2421549/2900744 [02:23<00:28, 16837.36it/s]Tokenizing corpus from database::  84%|████████▎ | 2423233/2900744 [02:23<00:28, 16835.40it/s]Tokenizing corpus from database::  84%|████████▎ | 2424917/2900744 [02:23<00:28, 16832.55it/s]Tokenizing corpus from database::  84%|████████▎ | 2426608/2900744 [02:23<00:28, 16854.09it/s]Tokenizing corpus from database::  84%|████████▎ | 2428318/2900744 [02:23<00:27, 16925.55it/s]Tokenizing corpus from database::  84%|████████▍ | 2430034/2900744 [02:23<00:27, 16993.82it/s]Tokenizing corpus from database::  84%|████████▍ | 2431737/2900744 [02:24<00:27, 17003.07it/s]Tokenizing corpus from database::  84%|████████▍ | 2433438/2900744 [02:24<00:27, 16959.91it/s]Tokenizing corpus from database::  84%|████████▍ | 2435135/2900744 [02:24<00:27, 16939.78it/s]Tokenizing corpus from database::  84%|████████▍ | 2436830/2900744 [02:24<00:27, 16919.90it/s]Tokenizing corpus from database::  84%|████████▍ | 2438529/2900744 [02:24<00:27, 16939.72it/s]Tokenizing corpus from database::  84%|████████▍ | 2440223/2900744 [02:24<00:27, 16937.98it/s]Tokenizing corpus from database::  84%|████████▍ | 2441917/2900744 [02:24<00:27, 16864.68it/s]Tokenizing corpus from database::  84%|████████▍ | 2443604/2900744 [02:24<00:27, 16855.00it/s]Tokenizing corpus from database::  84%|████████▍ | 2445290/2900744 [02:24<00:27, 16851.32it/s]Tokenizing corpus from database::  84%|████████▍ | 2446976/2900744 [02:24<00:26, 16812.00it/s]Tokenizing corpus from database::  84%|████████▍ | 2448658/2900744 [02:25<00:26, 16812.33it/s]Tokenizing corpus from database::  84%|████████▍ | 2450344/2900744 [02:25<00:26, 16826.44it/s]Tokenizing corpus from database::  85%|████████▍ | 2452028/2900744 [02:25<00:26, 16830.24it/s]Tokenizing corpus from database::  85%|████████▍ | 2453717/2900744 [02:25<00:26, 16846.54it/s]Tokenizing corpus from database::  85%|████████▍ | 2455407/2900744 [02:25<00:26, 16857.07it/s]Tokenizing corpus from database::  85%|████████▍ | 2457103/2900744 [02:25<00:26, 16886.98it/s]Tokenizing corpus from database::  85%|████████▍ | 2458796/2900744 [02:25<00:26, 16896.96it/s]Tokenizing corpus from database::  85%|████████▍ | 2460489/2900744 [02:25<00:26, 16903.96it/s]Tokenizing corpus from database::  85%|████████▍ | 2462201/2900744 [02:25<00:25, 16966.94it/s]Tokenizing corpus from database::  85%|████████▍ | 2463900/2900744 [02:25<00:25, 16973.64it/s]Tokenizing corpus from database::  85%|████████▍ | 2465607/2900744 [02:26<00:25, 17000.15it/s]Tokenizing corpus from database::  85%|████████▌ | 2467308/2900744 [02:26<00:25, 16976.71it/s]Tokenizing corpus from database::  85%|████████▌ | 2469006/2900744 [02:26<00:25, 16951.57it/s]Tokenizing corpus from database::  85%|████████▌ | 2470702/2900744 [02:26<00:25, 16924.98it/s]Tokenizing corpus from database::  85%|████████▌ | 2472395/2900744 [02:26<00:25, 16865.40it/s]Tokenizing corpus from database::  85%|████████▌ | 2474088/2900744 [02:26<00:25, 16883.57it/s]Tokenizing corpus from database::  85%|████████▌ | 2475777/2900744 [02:26<00:25, 16859.80it/s]Tokenizing corpus from database::  85%|████████▌ | 2477464/2900744 [02:26<00:25, 16859.63it/s]Tokenizing corpus from database::  85%|████████▌ | 2479150/2900744 [02:26<00:25, 16840.86it/s]Tokenizing corpus from database::  86%|████████▌ | 2480850/2900744 [02:26<00:24, 16885.60it/s]Tokenizing corpus from database::  86%|████████▌ | 2482567/2900744 [02:27<00:24, 16969.75it/s]Tokenizing corpus from database::  86%|████████▌ | 2484280/2900744 [02:27<00:24, 17017.57it/s]Tokenizing corpus from database::  86%|████████▌ | 2485982/2900744 [02:27<00:24, 16979.38it/s]Tokenizing corpus from database::  86%|████████▌ | 2487680/2900744 [02:27<00:24, 16958.09it/s]Tokenizing corpus from database::  86%|████████▌ | 2489376/2900744 [02:27<00:24, 16932.44it/s]Tokenizing corpus from database::  86%|████████▌ | 2491070/2900744 [02:27<00:24, 16921.90it/s]Tokenizing corpus from database::  86%|████████▌ | 2492763/2900744 [02:27<00:24, 16859.35it/s]Tokenizing corpus from database::  86%|████████▌ | 2494456/2900744 [02:27<00:24, 16880.24it/s]Tokenizing corpus from database::  86%|████████▌ | 2496145/2900744 [02:27<00:23, 16880.97it/s]Tokenizing corpus from database::  86%|████████▌ | 2497834/2900744 [02:27<00:23, 16875.48it/s]Tokenizing corpus from database::  86%|████████▌ | 2499528/2900744 [02:28<00:23, 16894.31it/s]Tokenizing corpus from database::  86%|████████▌ | 2501221/2900744 [02:28<00:23, 16904.18it/s]Tokenizing corpus from database::  86%|████████▋ | 2502912/2900744 [02:28<00:23, 16895.03it/s]Tokenizing corpus from database::  86%|████████▋ | 2504602/2900744 [02:28<00:23, 16882.17it/s]Tokenizing corpus from database::  86%|████████▋ | 2506295/2900744 [02:28<00:23, 16895.39it/s]Tokenizing corpus from database::  86%|████████▋ | 2507988/2900744 [02:28<00:23, 16904.50it/s]Tokenizing corpus from database::  87%|████████▋ | 2509683/2900744 [02:28<00:23, 16917.20it/s]Tokenizing corpus from database::  87%|████████▋ | 2511375/2900744 [02:28<00:23, 16873.25it/s]Tokenizing corpus from database::  87%|████████▋ | 2513080/2900744 [02:28<00:22, 16925.33it/s]Tokenizing corpus from database::  87%|████████▋ | 2514781/2900744 [02:28<00:22, 16948.39it/s]Tokenizing corpus from database::  87%|████████▋ | 2516485/2900744 [02:29<00:22, 16975.24it/s]Tokenizing corpus from database::  87%|████████▋ | 2518183/2900744 [02:29<00:22, 16974.67it/s]Tokenizing corpus from database::  87%|████████▋ | 2519881/2900744 [02:29<00:22, 16930.58it/s]Tokenizing corpus from database::  87%|████████▋ | 2521575/2900744 [02:29<00:22, 16900.24it/s]Tokenizing corpus from database::  87%|████████▋ | 2523266/2900744 [02:29<00:22, 16901.75it/s]Tokenizing corpus from database::  87%|████████▋ | 2524965/2900744 [02:29<00:22, 16927.14it/s]Tokenizing corpus from database::  87%|████████▋ | 2526658/2900744 [02:29<00:22, 16910.83it/s]Tokenizing corpus from database::  87%|████████▋ | 2528352/2900744 [02:29<00:22, 16919.39it/s]Tokenizing corpus from database::  87%|████████▋ | 2530044/2900744 [02:29<00:21, 16869.80it/s]Tokenizing corpus from database::  87%|████████▋ | 2531732/2900744 [02:29<00:21, 16834.02it/s]Tokenizing corpus from database::  87%|████████▋ | 2533416/2900744 [02:30<00:21, 16805.85it/s]Tokenizing corpus from database::  87%|████████▋ | 2535108/2900744 [02:30<00:21, 16837.53it/s]Tokenizing corpus from database::  87%|████████▋ | 2536792/2900744 [02:30<00:21, 16837.26it/s]Tokenizing corpus from database::  88%|████████▊ | 2538485/2900744 [02:30<00:21, 16864.02it/s]Tokenizing corpus from database::  88%|████████▊ | 2540178/2900744 [02:30<00:21, 16882.00it/s]Tokenizing corpus from database::  88%|████████▊ | 2541869/2900744 [02:30<00:21, 16888.66it/s]Tokenizing corpus from database::  88%|████████▊ | 2543558/2900744 [02:30<00:21, 16816.25it/s]Tokenizing corpus from database::  88%|████████▊ | 2545243/2900744 [02:30<00:21, 16825.12it/s]Tokenizing corpus from database::  88%|████████▊ | 2546931/2900744 [02:30<00:21, 16838.54it/s]Tokenizing corpus from database::  88%|████████▊ | 2548623/2900744 [02:30<00:20, 16861.01it/s]Tokenizing corpus from database::  88%|████████▊ | 2550321/2900744 [02:31<00:20, 16894.03it/s]Tokenizing corpus from database::  88%|████████▊ | 2552025/2900744 [02:31<00:20, 16936.76it/s]Tokenizing corpus from database::  88%|████████▊ | 2553719/2900744 [02:31<00:20, 16911.70it/s]Tokenizing corpus from database::  88%|████████▊ | 2555411/2900744 [02:31<00:20, 16897.48it/s]Tokenizing corpus from database::  88%|████████▊ | 2557101/2900744 [02:31<00:20, 16855.95it/s]Tokenizing corpus from database::  88%|████████▊ | 2558788/2900744 [02:31<00:20, 16857.61it/s]Tokenizing corpus from database::  88%|████████▊ | 2560476/2900744 [02:31<00:20, 16862.61it/s]Tokenizing corpus from database::  88%|████████▊ | 2562169/2900744 [02:31<00:20, 16882.10it/s]Tokenizing corpus from database::  88%|████████▊ | 2563859/2900744 [02:31<00:19, 16884.54it/s]Tokenizing corpus from database::  88%|████████▊ | 2565578/2900744 [02:31<00:19, 16973.59it/s]Tokenizing corpus from database::  89%|████████▊ | 2567294/2900744 [02:32<00:19, 17028.43it/s]Tokenizing corpus from database::  89%|████████▊ | 2569014/2900744 [02:32<00:19, 17078.89it/s]Tokenizing corpus from database::  89%|████████▊ | 2570722/2900744 [02:32<00:19, 17039.74it/s]Tokenizing corpus from database::  89%|████████▊ | 2572430/2900744 [02:32<00:19, 17050.51it/s]Tokenizing corpus from database::  89%|████████▊ | 2574136/2900744 [02:32<00:19, 17016.85it/s]Tokenizing corpus from database::  89%|████████▉ | 2575838/2900744 [02:32<00:19, 17015.10it/s]Tokenizing corpus from database::  89%|████████▉ | 2577540/2900744 [02:32<00:19, 16988.16it/s]Tokenizing corpus from database::  89%|████████▉ | 2579239/2900744 [02:32<00:18, 16985.53it/s]Tokenizing corpus from database::  89%|████████▉ | 2580938/2900744 [02:32<00:18, 16983.81it/s]Tokenizing corpus from database::  89%|████████▉ | 2582637/2900744 [02:32<00:18, 16961.93it/s]Tokenizing corpus from database::  89%|████████▉ | 2584338/2900744 [02:33<00:18, 16973.71it/s]Tokenizing corpus from database::  89%|████████▉ | 2586036/2900744 [02:33<00:18, 16973.46it/s]Tokenizing corpus from database::  89%|████████▉ | 2587734/2900744 [02:33<00:18, 16942.59it/s]Tokenizing corpus from database::  89%|████████▉ | 2589429/2900744 [02:33<00:18, 16914.27it/s]Tokenizing corpus from database::  89%|████████▉ | 2591121/2900744 [02:33<00:18, 16837.00it/s]Tokenizing corpus from database::  89%|████████▉ | 2592818/2900744 [02:33<00:18, 16874.08it/s]Tokenizing corpus from database::  89%|████████▉ | 2594506/2900744 [02:33<00:18, 16844.28it/s]Tokenizing corpus from database::  90%|████████▉ | 2596198/2900744 [02:33<00:18, 16865.73it/s]Tokenizing corpus from database::  90%|████████▉ | 2597893/2900744 [02:33<00:17, 16890.04it/s]Tokenizing corpus from database::  90%|████████▉ | 2599586/2900744 [02:33<00:17, 16898.95it/s]Tokenizing corpus from database::  90%|████████▉ | 2601289/2900744 [02:34<00:17, 16937.86it/s]Tokenizing corpus from database::  90%|████████▉ | 2603004/2900744 [02:34<00:17, 17000.09it/s]Tokenizing corpus from database::  90%|████████▉ | 2604725/2900744 [02:34<00:17, 17062.60it/s]Tokenizing corpus from database::  90%|████████▉ | 2606444/2900744 [02:34<00:17, 17098.58it/s]Tokenizing corpus from database::  90%|████████▉ | 2608154/2900744 [02:34<00:17, 17061.31it/s]Tokenizing corpus from database::  90%|████████▉ | 2609861/2900744 [02:34<00:17, 17040.56it/s]Tokenizing corpus from database::  90%|█████████ | 2611566/2900744 [02:34<00:16, 17029.37it/s]Tokenizing corpus from database::  90%|█████████ | 2613269/2900744 [02:34<00:16, 17011.92it/s]Tokenizing corpus from database::  90%|█████████ | 2614975/2900744 [02:34<00:16, 17024.74it/s]Tokenizing corpus from database::  90%|█████████ | 2616696/2900744 [02:34<00:16, 17077.28it/s]Tokenizing corpus from database::  90%|█████████ | 2618404/2900744 [02:35<00:16, 16965.28it/s]Tokenizing corpus from database::  90%|█████████ | 2620101/2900744 [02:35<00:17, 16238.62it/s]Tokenizing corpus from database::  90%|█████████ | 2621732/2900744 [02:35<00:17, 15755.03it/s]Tokenizing corpus from database::  90%|█████████ | 2623314/2900744 [02:35<00:17, 15415.10it/s]Tokenizing corpus from database::  90%|█████████ | 2624861/2900744 [02:35<00:18, 15181.92it/s]Tokenizing corpus from database::  91%|█████████ | 2626383/2900744 [02:35<00:18, 15002.00it/s]Tokenizing corpus from database::  91%|█████████ | 2627886/2900744 [02:35<00:18, 14869.42it/s]Tokenizing corpus from database::  91%|█████████ | 2629374/2900744 [02:35<00:18, 14791.71it/s]Tokenizing corpus from database::  91%|█████████ | 2630854/2900744 [02:35<00:18, 14745.02it/s]Tokenizing corpus from database::  91%|█████████ | 2632333/2900744 [02:36<00:18, 14756.15it/s]Tokenizing corpus from database::  91%|█████████ | 2633809/2900744 [02:36<00:18, 14719.10it/s]Tokenizing corpus from database::  91%|█████████ | 2635282/2900744 [02:36<00:18, 14692.83it/s]Tokenizing corpus from database::  91%|█████████ | 2636752/2900744 [02:36<00:18, 14612.88it/s]Tokenizing corpus from database::  91%|█████████ | 2638214/2900744 [02:36<00:18, 14581.56it/s]Tokenizing corpus from database::  91%|█████████ | 2639673/2900744 [02:36<00:17, 14568.46it/s]Tokenizing corpus from database::  91%|█████████ | 2641130/2900744 [02:36<00:17, 14514.17it/s]Tokenizing corpus from database::  91%|█████████ | 2642585/2900744 [02:36<00:17, 14524.51it/s]Tokenizing corpus from database::  91%|█████████ | 2644038/2900744 [02:36<00:17, 14508.76it/s]Tokenizing corpus from database::  91%|█████████ | 2645490/2900744 [02:36<00:17, 14510.26it/s]Tokenizing corpus from database::  91%|█████████▏| 2646946/2900744 [02:37<00:17, 14522.90it/s]Tokenizing corpus from database::  91%|█████████▏| 2648409/2900744 [02:37<00:17, 14552.71it/s]Tokenizing corpus from database::  91%|█████████▏| 2649873/2900744 [02:37<00:17, 14576.94it/s]Tokenizing corpus from database::  91%|█████████▏| 2651341/2900744 [02:37<00:17, 14607.59it/s]Tokenizing corpus from database::  91%|█████████▏| 2652802/2900744 [02:37<00:16, 14605.45it/s]Tokenizing corpus from database::  92%|█████████▏| 2654263/2900744 [02:37<00:16, 14604.63it/s]Tokenizing corpus from database::  92%|█████████▏| 2655803/2900744 [02:37<00:16, 14842.68it/s]Tokenizing corpus from database::  92%|█████████▏| 2657372/2900744 [02:37<00:16, 15094.04it/s]Tokenizing corpus from database::  92%|█████████▏| 2658947/2900744 [02:37<00:15, 15288.18it/s]Tokenizing corpus from database::  92%|█████████▏| 2660524/2900744 [02:37<00:15, 15430.86it/s]Tokenizing corpus from database::  92%|█████████▏| 2662098/2900744 [02:38<00:15, 15522.89it/s]Tokenizing corpus from database::  92%|█████████▏| 2663676/2900744 [02:38<00:15, 15598.30it/s]Tokenizing corpus from database::  92%|█████████▏| 2665248/2900744 [02:38<00:15, 15634.35it/s]Tokenizing corpus from database::  92%|█████████▏| 2666812/2900744 [02:38<00:14, 15626.46it/s]Tokenizing corpus from database::  92%|█████████▏| 2668375/2900744 [02:38<00:14, 15611.99it/s]Tokenizing corpus from database::  92%|█████████▏| 2669954/2900744 [02:38<00:14, 15664.36it/s]Tokenizing corpus from database::  92%|█████████▏| 2671532/2900744 [02:38<00:14, 15697.23it/s]Tokenizing corpus from database::  92%|█████████▏| 2673110/2900744 [02:38<00:14, 15719.40it/s]Tokenizing corpus from database::  92%|█████████▏| 2674696/2900744 [02:38<00:14, 15759.75it/s]Tokenizing corpus from database::  92%|█████████▏| 2676296/2900744 [02:38<00:14, 15830.35it/s]Tokenizing corpus from database::  92%|█████████▏| 2677880/2900744 [02:39<00:14, 15829.60it/s]Tokenizing corpus from database::  92%|█████████▏| 2679472/2900744 [02:39<00:13, 15854.66it/s]Tokenizing corpus from database::  92%|█████████▏| 2681064/2900744 [02:39<00:13, 15872.83it/s]Tokenizing corpus from database::  92%|█████████▏| 2682654/2900744 [02:39<00:13, 15878.09it/s]Tokenizing corpus from database::  93%|█████████▎| 2684242/2900744 [02:39<00:13, 15861.43it/s]Tokenizing corpus from database::  93%|█████████▎| 2685829/2900744 [02:39<00:13, 15848.10it/s]Tokenizing corpus from database::  93%|█████████▎| 2687414/2900744 [02:39<00:13, 15766.57it/s]Tokenizing corpus from database::  93%|█████████▎| 2688991/2900744 [02:39<00:13, 15765.11it/s]Tokenizing corpus from database::  93%|█████████▎| 2690569/2900744 [02:39<00:13, 15768.27it/s]Tokenizing corpus from database::  93%|█████████▎| 2692146/2900744 [02:39<00:13, 15744.39it/s]Tokenizing corpus from database::  93%|█████████▎| 2693721/2900744 [02:40<00:13, 15724.95it/s]Tokenizing corpus from database::  93%|█████████▎| 2695294/2900744 [02:40<00:13, 15679.28it/s]Tokenizing corpus from database::  93%|█████████▎| 2696862/2900744 [02:40<00:13, 15651.57it/s]Tokenizing corpus from database::  93%|█████████▎| 2698428/2900744 [02:40<00:12, 15628.56it/s]Tokenizing corpus from database::  93%|█████████▎| 2699991/2900744 [02:40<00:12, 15614.62it/s]Tokenizing corpus from database::  93%|█████████▎| 2701558/2900744 [02:40<00:12, 15629.44it/s]Tokenizing corpus from database::  93%|█████████▎| 2703121/2900744 [02:40<00:12, 15624.39it/s]Tokenizing corpus from database::  93%|█████████▎| 2704700/2900744 [02:40<00:12, 15672.58it/s]Tokenizing corpus from database::  93%|█████████▎| 2706271/2900744 [02:40<00:12, 15682.19it/s]Tokenizing corpus from database::  93%|█████████▎| 2707840/2900744 [02:40<00:12, 15659.46it/s]Tokenizing corpus from database::  93%|█████████▎| 2709406/2900744 [02:41<00:12, 15645.74it/s]Tokenizing corpus from database::  93%|█████████▎| 2710971/2900744 [02:41<00:12, 15633.74it/s]Tokenizing corpus from database::  94%|█████████▎| 2712535/2900744 [02:41<00:12, 15626.57it/s]Tokenizing corpus from database::  94%|█████████▎| 2714108/2900744 [02:41<00:11, 15655.06it/s]Tokenizing corpus from database::  94%|█████████▎| 2715691/2900744 [02:41<00:11, 15704.43it/s]Tokenizing corpus from database::  94%|█████████▎| 2717268/2900744 [02:41<00:11, 15721.10it/s]Tokenizing corpus from database::  94%|█████████▎| 2718841/2900744 [02:41<00:11, 15685.64it/s]Tokenizing corpus from database::  94%|█████████▍| 2720410/2900744 [02:41<00:11, 15677.98it/s]Tokenizing corpus from database::  94%|█████████▍| 2721978/2900744 [02:41<00:11, 15669.63it/s]Tokenizing corpus from database::  94%|█████████▍| 2723563/2900744 [02:41<00:11, 15722.01it/s]Tokenizing corpus from database::  94%|█████████▍| 2725153/2900744 [02:42<00:11, 15775.13it/s]Tokenizing corpus from database::  94%|█████████▍| 2726743/2900744 [02:42<00:11, 15811.40it/s]Tokenizing corpus from database::  94%|█████████▍| 2728325/2900744 [02:42<00:10, 15777.34it/s]Tokenizing corpus from database::  94%|█████████▍| 2729903/2900744 [02:42<00:10, 15757.03it/s]Tokenizing corpus from database::  94%|█████████▍| 2731479/2900744 [02:42<00:10, 15741.95it/s]Tokenizing corpus from database::  94%|█████████▍| 2733054/2900744 [02:42<00:10, 15693.57it/s]Tokenizing corpus from database::  94%|█████████▍| 2734624/2900744 [02:42<00:10, 15629.21it/s]Tokenizing corpus from database::  94%|█████████▍| 2736187/2900744 [02:42<00:10, 15626.74it/s]Tokenizing corpus from database::  94%|█████████▍| 2737750/2900744 [02:42<00:10, 15611.81it/s]Tokenizing corpus from database::  94%|█████████▍| 2739312/2900744 [02:42<00:10, 15601.46it/s]Tokenizing corpus from database::  94%|█████████▍| 2740902/2900744 [02:43<00:10, 15689.99it/s]Tokenizing corpus from database::  95%|█████████▍| 2742495/2900744 [02:43<00:10, 15760.56it/s]Tokenizing corpus from database::  95%|█████████▍| 2744072/2900744 [02:43<00:09, 15752.32it/s]Tokenizing corpus from database::  95%|█████████▍| 2745648/2900744 [02:43<00:09, 15716.03it/s]Tokenizing corpus from database::  95%|█████████▍| 2747220/2900744 [02:43<00:09, 15702.65it/s]Tokenizing corpus from database::  95%|█████████▍| 2748791/2900744 [02:43<00:09, 15695.36it/s]Tokenizing corpus from database::  95%|█████████▍| 2750361/2900744 [02:43<00:09, 15687.19it/s]Tokenizing corpus from database::  95%|█████████▍| 2751930/2900744 [02:43<00:09, 15651.59it/s]Tokenizing corpus from database::  95%|█████████▍| 2753496/2900744 [02:43<00:09, 15620.44it/s]Tokenizing corpus from database::  95%|█████████▍| 2755059/2900744 [02:43<00:09, 15608.60it/s]Tokenizing corpus from database::  95%|█████████▌| 2756620/2900744 [02:44<00:09, 15591.27it/s]Tokenizing corpus from database::  95%|█████████▌| 2758184/2900744 [02:44<00:09, 15603.29it/s]Tokenizing corpus from database::  95%|█████████▌| 2759764/2900744 [02:44<00:09, 15660.70it/s]Tokenizing corpus from database::  95%|█████████▌| 2761331/2900744 [02:44<00:08, 15638.29it/s]Tokenizing corpus from database::  95%|█████████▌| 2762901/2900744 [02:44<00:08, 15654.28it/s]Tokenizing corpus from database::  95%|█████████▌| 2764475/2900744 [02:44<00:08, 15676.92it/s]Tokenizing corpus from database::  95%|█████████▌| 2766046/2900744 [02:44<00:08, 15683.49it/s]Tokenizing corpus from database::  95%|█████████▌| 2767615/2900744 [02:44<00:08, 15668.29it/s]Tokenizing corpus from database::  95%|█████████▌| 2769185/2900744 [02:44<00:08, 15676.49it/s]Tokenizing corpus from database::  96%|█████████▌| 2770756/2900744 [02:44<00:08, 15683.44it/s]Tokenizing corpus from database::  96%|█████████▌| 2772341/2900744 [02:45<00:08, 15731.43it/s]Tokenizing corpus from database::  96%|█████████▌| 2773930/2900744 [02:45<00:08, 15777.33it/s]Tokenizing corpus from database::  96%|█████████▌| 2775508/2900744 [02:45<00:07, 15744.22it/s]Tokenizing corpus from database::  96%|█████████▌| 2777083/2900744 [02:45<00:07, 15725.62it/s]Tokenizing corpus from database::  96%|█████████▌| 2778656/2900744 [02:45<00:07, 15681.18it/s]Tokenizing corpus from database::  96%|█████████▌| 2780230/2900744 [02:45<00:07, 15698.33it/s]Tokenizing corpus from database::  96%|█████████▌| 2781800/2900744 [02:45<00:07, 15635.32it/s]Tokenizing corpus from database::  96%|█████████▌| 2783367/2900744 [02:45<00:07, 15645.17it/s]Tokenizing corpus from database::  96%|█████████▌| 2784932/2900744 [02:45<00:07, 15641.25it/s]Tokenizing corpus from database::  96%|█████████▌| 2786509/2900744 [02:45<00:07, 15677.00it/s]Tokenizing corpus from database::  96%|█████████▌| 2788077/2900744 [02:46<00:07, 15671.06it/s]Tokenizing corpus from database::  96%|█████████▌| 2789645/2900744 [02:46<00:07, 15673.21it/s]Tokenizing corpus from database::  96%|█████████▌| 2791216/2900744 [02:46<00:06, 15683.89it/s]Tokenizing corpus from database::  96%|█████████▋| 2792785/2900744 [02:46<00:06, 15646.00it/s]Tokenizing corpus from database::  96%|█████████▋| 2794350/2900744 [02:46<00:06, 15620.16it/s]Tokenizing corpus from database::  96%|█████████▋| 2795913/2900744 [02:46<00:06, 15612.39it/s]Tokenizing corpus from database::  96%|█████████▋| 2797475/2900744 [02:46<00:06, 15589.09it/s]Tokenizing corpus from database::  96%|█████████▋| 2799034/2900744 [02:46<00:06, 15583.29it/s]Tokenizing corpus from database::  97%|█████████▋| 2800600/2900744 [02:46<00:06, 15603.23it/s]Tokenizing corpus from database::  97%|█████████▋| 2802168/2900744 [02:46<00:06, 15626.05it/s]Tokenizing corpus from database::  97%|█████████▋| 2803742/2900744 [02:47<00:06, 15657.43it/s]Tokenizing corpus from database::  97%|█████████▋| 2805313/2900744 [02:47<00:06, 15672.87it/s]Tokenizing corpus from database::  97%|█████████▋| 2806884/2900744 [02:47<00:05, 15683.41it/s]Tokenizing corpus from database::  97%|█████████▋| 2808477/2900744 [02:47<00:05, 15754.93it/s]Tokenizing corpus from database::  97%|█████████▋| 2810061/2900744 [02:47<00:05, 15779.14it/s]Tokenizing corpus from database::  97%|█████████▋| 2811639/2900744 [02:47<00:05, 15662.10it/s]Tokenizing corpus from database::  97%|█████████▋| 2813206/2900744 [02:47<00:05, 15650.88it/s]Tokenizing corpus from database::  97%|█████████▋| 2814795/2900744 [02:47<00:05, 15719.47it/s]Tokenizing corpus from database::  97%|█████████▋| 2816382/2900744 [02:47<00:05, 15763.64it/s]Tokenizing corpus from database::  97%|█████████▋| 2817959/2900744 [02:47<00:05, 15760.86it/s]Tokenizing corpus from database::  97%|█████████▋| 2819536/2900744 [02:48<00:05, 15758.06it/s]Tokenizing corpus from database::  97%|█████████▋| 2821112/2900744 [02:48<00:05, 15742.96it/s]Tokenizing corpus from database::  97%|█████████▋| 2822687/2900744 [02:48<00:04, 15707.78it/s]Tokenizing corpus from database::  97%|█████████▋| 2824258/2900744 [02:48<00:04, 15667.44it/s]Tokenizing corpus from database::  97%|█████████▋| 2825830/2900744 [02:48<00:04, 15682.04it/s]Tokenizing corpus from database::  97%|█████████▋| 2827399/2900744 [02:48<00:04, 15637.83it/s]Tokenizing corpus from database::  98%|█████████▊| 2828963/2900744 [02:48<00:04, 15635.78it/s]Tokenizing corpus from database::  98%|█████████▊| 2830539/2900744 [02:48<00:04, 15670.32it/s]Tokenizing corpus from database::  98%|█████████▊| 2832118/2900744 [02:48<00:04, 15704.29it/s]Tokenizing corpus from database::  98%|█████████▊| 2833709/2900744 [02:48<00:04, 15762.88it/s]Tokenizing corpus from database::  98%|█████████▊| 2835307/2900744 [02:49<00:04, 15827.34it/s]Tokenizing corpus from database::  98%|█████████▊| 2836890/2900744 [02:49<00:04, 15813.85it/s]Tokenizing corpus from database::  98%|█████████▊| 2838472/2900744 [02:49<00:03, 15733.08it/s]Tokenizing corpus from database::  98%|█████████▊| 2840046/2900744 [02:49<00:03, 15696.64it/s]Tokenizing corpus from database::  98%|█████████▊| 2841616/2900744 [02:49<00:03, 15653.54it/s]Tokenizing corpus from database::  98%|█████████▊| 2843182/2900744 [02:49<00:03, 15647.02it/s]Tokenizing corpus from database::  98%|█████████▊| 2844747/2900744 [02:49<00:03, 15625.81it/s]Tokenizing corpus from database::  98%|█████████▊| 2846310/2900744 [02:49<00:03, 15615.05it/s]Tokenizing corpus from database::  98%|█████████▊| 2847872/2900744 [02:49<00:03, 15611.81it/s]Tokenizing corpus from database::  98%|█████████▊| 2849435/2900744 [02:49<00:03, 15615.35it/s]Tokenizing corpus from database::  98%|█████████▊| 2851012/2900744 [02:50<00:03, 15660.04it/s]Tokenizing corpus from database::  98%|█████████▊| 2852592/2900744 [02:50<00:03, 15700.69it/s]Tokenizing corpus from database::  98%|█████████▊| 2854175/2900744 [02:50<00:02, 15736.92it/s]Tokenizing corpus from database::  98%|█████████▊| 2855772/2900744 [02:50<00:02, 15804.52it/s]Tokenizing corpus from database::  99%|█████████▊| 2857353/2900744 [02:50<00:02, 15760.79it/s]Tokenizing corpus from database::  99%|█████████▊| 2858930/2900744 [02:50<00:02, 15734.43it/s]Tokenizing corpus from database::  99%|█████████▊| 2860504/2900744 [02:50<00:02, 15712.57it/s]Tokenizing corpus from database::  99%|█████████▊| 2862081/2900744 [02:50<00:02, 15727.01it/s]Tokenizing corpus from database::  99%|█████████▊| 2863672/2900744 [02:50<00:02, 15780.07it/s]Tokenizing corpus from database::  99%|█████████▉| 2865260/2900744 [02:50<00:02, 15806.89it/s]Tokenizing corpus from database::  99%|█████████▉| 2866843/2900744 [02:51<00:02, 15812.84it/s]Tokenizing corpus from database::  99%|█████████▉| 2868425/2900744 [02:51<00:02, 15777.52it/s]Tokenizing corpus from database::  99%|█████████▉| 2870003/2900744 [02:51<00:01, 15744.21it/s]Tokenizing corpus from database::  99%|█████████▉| 2871578/2900744 [02:51<00:01, 15736.07it/s]Tokenizing corpus from database::  99%|█████████▉| 2873152/2900744 [02:51<00:01, 15725.99it/s]Tokenizing corpus from database::  99%|█████████▉| 2874725/2900744 [02:51<00:01, 15724.05it/s]Tokenizing corpus from database::  99%|█████████▉| 2876298/2900744 [02:51<00:01, 15674.11it/s]Tokenizing corpus from database::  99%|█████████▉| 2877887/2900744 [02:51<00:01, 15737.12it/s]Tokenizing corpus from database::  99%|█████████▉| 2879482/2900744 [02:51<00:01, 15799.79it/s]Tokenizing corpus from database::  99%|█████████▉| 2881080/2900744 [02:51<00:01, 15851.54it/s]Tokenizing corpus from database::  99%|█████████▉| 2882666/2900744 [02:52<00:01, 15851.73it/s]Tokenizing corpus from database::  99%|█████████▉| 2884256/2900744 [02:52<00:01, 15864.12it/s]Tokenizing corpus from database::  99%|█████████▉| 2885852/2900744 [02:52<00:00, 15891.60it/s]Tokenizing corpus from database:: 100%|█████████▉| 2887442/2900744 [02:52<00:00, 15882.54it/s]Tokenizing corpus from database:: 100%|█████████▉| 2889031/2900744 [02:52<00:00, 15867.84it/s]Tokenizing corpus from database:: 100%|█████████▉| 2890618/2900744 [02:52<00:00, 15853.34it/s]Tokenizing corpus from database:: 100%|█████████▉| 2892204/2900744 [02:52<00:00, 15791.19it/s]Tokenizing corpus from database:: 100%|█████████▉| 2893784/2900744 [02:52<00:00, 15780.51it/s]Tokenizing corpus from database:: 100%|█████████▉| 2895363/2900744 [02:52<00:00, 15732.97it/s]Tokenizing corpus from database:: 100%|█████████▉| 2896937/2900744 [02:52<00:00, 15697.04it/s]Tokenizing corpus from database:: 100%|█████████▉| 2898509/2900744 [02:53<00:00, 15701.79it/s]Tokenizing corpus from database:: 100%|█████████▉| 2900085/2900744 [02:53<00:00, 15717.97it/s]Tokenizing corpus from database:: 100%|██████████| 2900744/2900744 [02:53<00:00, 16748.20it/s]
2026-08-23 23:32:50 - Epoch: 0/50; loss: 0.0
2026-08-23 23:32:50 - Epoch: 1/50; loss: 0.0
2026-08-23 23:32:50 - Epoch: 2/50; loss: 0.0
2026-08-23 23:32:50 - Epoch: 3/50; loss: 0.0
2026-08-23 23:32:50 - Epoch: 4/50; loss: 0.0
2026-08-23 23:32:50 - Epoch: 5/50; loss: 0.0
2026-08-23 23:32:50 - Epoch: 6/50; loss: 0.0
2026-08-23 23:32:50 - Epoch: 7/50; loss: 0.0
2026-08-23 23:32:50 - Epoch: 8/50; loss: 0.0
2026-08-23 23:32:50 - Epoch: 9/50; loss: 0.0
2026-08-23 23:32:50 - Epoch: 10/50; loss: 0.0
2026-08-23 23:32:50 - Epoch: 11/50; loss: 0.0
2026-08-23 23:32:50 - Epoch: 12/50; loss: 0.0
2026-08-23 23:32:50 - Epoch: 13/50; loss: 0.0
2026-08-23 23:32:50 - Epoch: 14/50; loss: 0.0
2026-08-23 23:32:50 - Epoch: 15/50; loss: 0.0
2026-08-23 23:32:50 - Epoch: 16/50; loss: 0.0
2026-08-23 23:32:50 - Epoch: 17/50; loss: 0.0
2026-08-23 23:32:50 - Epoch: 18/50; loss: 0.0
2026-08-23 23:32:50 - Epoch: 19/50; loss: 0.0
2026-08-23 23:32:50 - Epoch: 20/50; loss: 0.0
2026-08-23 23:32:50 - Epoch: 21/50; loss: 0.0
2026-08-23 23:32:50 - Epoch: 22/50; loss: 0.0
2026-08-23 23:32:50 - Epoch: 23/50; loss: 0.0
2026-08-23 23:32:50 - Epoch: 24/50; loss: 0.0
2026-08-23 23:32:50 - Epoch: 25/50; loss: 0.0
2026-08-23 23:32:50 - Epoch: 26/50; loss: 0.0
2026-08-23 23:32:50 - Epoch: 27/50; loss: 0.0
2026-08-23 23:32:50 - Epoch: 28/50; loss: 0.0
2026-08-23 23:32:50 - Epoch: 29/50; loss: 0.0
2026-08-23 23:32:50 - Epoch: 30/50; loss: 0.0
2026-08-23 23:32:50 - Epoch: 31/50; loss: 0.0
2026-08-23 23:32:50 - Epoch: 32/50; loss: 0.0
2026-08-23 23:32:50 - Epoch: 33/50; loss: 0.0
2026-08-23 23:32:50 - Epoch: 34/50; loss: 0.0
2026-08-23 23:32:50 - Epoch: 35/50; loss: 0.0
2026-08-23 23:32:50 - Epoch: 36/50; loss: 0.0
2026-08-23 23:32:50 - Epoch: 37/50; loss: 0.0
2026-08-23 23:32:50 - Epoch: 38/50; loss: 0.0
2026-08-23 23:32:50 - Epoch: 39/50; loss: 0.0
2026-08-23 23:32:50 - Epoch: 40/50; loss: 0.0
2026-08-23 23:32:50 - Epoch: 41/50; loss: 0.0
2026-08-23 23:32:50 - Epoch: 42/50; loss: 0.0
2026-08-23 23:32:50 - Epoch: 43/50; loss: 0.0
2026-08-23 23:32:50 - Epoch: 44/50; loss: 0.0
2026-08-23 23:32:50 - Epoch: 45/50; loss: 0.0
2026-08-23 23:32:50 - Epoch: 46/50; loss: 0.0
2026-08-23 23:32:50 - Epoch: 47/50; loss: 0.0
2026-08-23 23:32:50 - Epoch: 48/50; loss: 0.0
2026-08-23 23:32:50 - Epoch: 49/50; loss: 0.0
2026-08-23 23:32:50 - Save word2vec to ./artifacts/edge_featurization/OPTC_H051/embed_nodes/6355962fd1a8c0cab0b4e81529ff359818222f0d5bdf4ad160594e8a571fe002/word2vec_models/feature_word2vec.model
2026-08-23 23:32:51 - 
2026-08-23 23:32:51 - START LOGGING FOR SUBTASK: embed_edges_by_feature_word2vec
2026-08-23 23:32:51 - 
2026-08-23 23:32:51 - Loading node msg from database...
2026-08-23 23:32:56 - Number of netflow nodes: 2618180
2026-08-23 23:33:00 - Number of process nodes: 36524
2026-08-23 23:33:00 - Number of file nodes: 246040
2026-08-23 23:33:03 - Generating node vectors...
2026-08-23 23:33:03 - Loaded model from ./artifacts/edge_featurization/OPTC_H051/embed_nodes/6355962fd1a8c0cab0b4e81529ff359818222f0d5bdf4ad160594e8a571fe002/word2vec_models/feature_word2vec.model
2026-08-23 23:37:15 - Finish generating normalized node vectors.
Embedding edges:   0%|          | 0/230 [00:00<?, ?it/s]Embedding edges:   0%|          | 1/230 [00:00<01:34,  2.41it/s]Embedding edges:   1%|          | 2/230 [00:01<02:05,  1.82it/s]Embedding edges:   1%|▏         | 3/230 [00:01<02:24,  1.57it/s]Embedding edges:   2%|▏         | 4/230 [00:02<02:24,  1.57it/s]Embedding edges:   2%|▏         | 5/230 [00:02<02:17,  1.64it/s]Embedding edges:   3%|▎         | 6/230 [00:03<02:27,  1.52it/s]Embedding edges:   3%|▎         | 7/230 [00:04<02:30,  1.48it/s]Embedding edges:   3%|▎         | 8/230 [00:04<02:14,  1.65it/s]Embedding edges:   4%|▍         | 9/230 [00:05<02:16,  1.62it/s]Embedding edges:   4%|▍         | 10/230 [00:07<03:23,  1.08it/s]Embedding edges:   5%|▍         | 11/230 [00:08<03:37,  1.01it/s]Embedding edges:   5%|▌         | 12/230 [00:08<03:05,  1.17it/s]Embedding edges:   6%|▌         | 13/230 [00:09<02:34,  1.40it/s]Embedding edges:   6%|▌         | 14/230 [00:09<02:24,  1.50it/s]Embedding edges:   7%|▋         | 15/230 [00:10<02:35,  1.38it/s]Embedding edges:   7%|▋         | 16/230 [00:11<02:17,  1.56it/s]Embedding edges:   7%|▋         | 17/230 [00:11<02:08,  1.65it/s]Embedding edges:   8%|▊         | 18/230 [00:12<01:59,  1.77it/s]Embedding edges:   8%|▊         | 19/230 [00:12<02:13,  1.58it/s]Embedding edges:   9%|▊         | 20/230 [00:13<01:44,  2.01it/s]Embedding edges:   9%|▉         | 21/230 [00:13<01:39,  2.10it/s]Embedding edges:  10%|▉         | 22/230 [00:13<01:33,  2.21it/s]Embedding edges:  10%|█         | 23/230 [00:14<01:37,  2.13it/s]Embedding edges:  10%|█         | 24/230 [00:14<01:38,  2.08it/s]Embedding edges:  11%|█         | 25/230 [00:15<01:25,  2.39it/s]Embedding edges:  11%|█▏        | 26/230 [00:15<01:17,  2.62it/s]Embedding edges:  12%|█▏        | 27/230 [00:16<01:28,  2.30it/s]Embedding edges:  12%|█▏        | 28/230 [00:16<01:33,  2.15it/s]Embedding edges:  13%|█▎        | 29/230 [00:16<01:21,  2.47it/s]Embedding edges:  13%|█▎        | 30/230 [00:17<01:15,  2.63it/s]Embedding edges:  13%|█▎        | 31/230 [00:17<01:21,  2.45it/s]Embedding edges:  14%|█▍        | 32/230 [00:18<01:59,  1.65it/s]Embedding edges:  14%|█▍        | 33/230 [00:18<01:38,  2.01it/s]Embedding edges:  15%|█▍        | 34/230 [00:19<01:29,  2.19it/s]Embedding edges:  15%|█▌        | 35/230 [00:19<01:26,  2.25it/s]Embedding edges:  16%|█▌        | 36/230 [00:20<01:31,  2.12it/s]Embedding edges:  16%|█▌        | 37/230 [00:20<01:17,  2.49it/s]Embedding edges:  17%|█▋        | 38/230 [00:20<01:18,  2.44it/s]Embedding edges:  17%|█▋        | 39/230 [00:21<01:17,  2.46it/s]Embedding edges:  17%|█▋        | 40/230 [00:21<01:23,  2.27it/s]Embedding edges:  18%|█▊        | 41/230 [00:22<01:13,  2.56it/s]Embedding edges:  18%|█▊        | 42/230 [00:22<01:16,  2.46it/s]Embedding edges:  19%|█▊        | 43/230 [00:23<01:23,  2.24it/s]Embedding edges:  19%|█▉        | 44/230 [00:23<01:17,  2.41it/s]Embedding edges:  20%|█▉        | 45/230 [00:23<01:10,  2.61it/s]Embedding edges:  20%|██        | 46/230 [00:24<01:16,  2.41it/s]Embedding edges:  20%|██        | 47/230 [00:24<01:22,  2.23it/s]Embedding edges:  21%|██        | 48/230 [00:25<01:13,  2.49it/s]Embedding edges:  21%|██▏       | 49/230 [00:25<01:06,  2.72it/s]Embedding edges:  22%|██▏       | 50/230 [00:25<01:11,  2.51it/s]Embedding edges:  22%|██▏       | 51/230 [00:26<01:18,  2.27it/s]Embedding edges:  23%|██▎       | 52/230 [00:26<01:08,  2.59it/s]Embedding edges:  23%|██▎       | 53/230 [00:27<01:18,  2.25it/s]Embedding edges:  23%|██▎       | 54/230 [00:27<01:17,  2.26it/s]Embedding edges:  24%|██▍       | 55/230 [00:28<01:21,  2.16it/s]Embedding edges:  24%|██▍       | 56/230 [00:28<01:09,  2.49it/s]Embedding edges:  25%|██▍       | 57/230 [00:28<01:11,  2.44it/s]Embedding edges:  25%|██▌       | 58/230 [00:29<01:36,  1.78it/s]Embedding edges:  26%|██▌       | 59/230 [00:30<01:34,  1.80it/s]Embedding edges:  26%|██▌       | 60/230 [00:30<01:19,  2.15it/s]Embedding edges:  27%|██▋       | 61/230 [00:30<01:17,  2.18it/s]Embedding edges:  27%|██▋       | 62/230 [00:31<01:19,  2.12it/s]Embedding edges:  27%|██▋       | 63/230 [00:31<01:14,  2.24it/s]Embedding edges:  28%|██▊       | 64/230 [00:32<01:09,  2.40it/s]Embedding edges:  28%|██▊       | 65/230 [00:32<01:08,  2.42it/s]Embedding edges:  29%|██▊       | 66/230 [00:33<01:12,  2.26it/s]Embedding edges:  29%|██▉       | 67/230 [00:33<01:07,  2.41it/s]Embedding edges:  30%|██▉       | 68/230 [00:33<01:10,  2.31it/s]Embedding edges:  30%|███       | 69/230 [00:34<01:11,  2.26it/s]Embedding edges:  30%|███       | 70/230 [00:34<01:10,  2.26it/s]Embedding edges:  31%|███       | 71/230 [00:35<01:06,  2.40it/s]Embedding edges:  31%|███▏      | 72/230 [00:35<01:00,  2.62it/s]Embedding edges:  32%|███▏      | 73/230 [00:36<01:05,  2.39it/s]Embedding edges:  32%|███▏      | 74/230 [00:36<01:06,  2.36it/s]Embedding edges:  33%|███▎      | 75/230 [00:36<01:02,  2.49it/s]Embedding edges:  33%|███▎      | 76/230 [00:37<00:56,  2.74it/s]Embedding edges:  33%|███▎      | 77/230 [00:37<01:02,  2.45it/s]Embedding edges:  34%|███▍      | 78/230 [00:38<01:06,  2.29it/s]Embedding edges:  34%|███▍      | 79/230 [00:38<00:59,  2.54it/s]Embedding edges:  35%|███▍      | 80/230 [00:38<00:54,  2.76it/s]Embedding edges:  35%|███▌      | 81/230 [00:39<01:00,  2.47it/s]Embedding edges:  36%|███▌      | 82/230 [00:39<01:06,  2.23it/s]Embedding edges:  36%|███▌      | 83/230 [00:40<00:59,  2.48it/s]Embedding edges:  37%|███▋      | 84/230 [00:40<01:18,  1.86it/s]Embedding edges:  37%|███▋      | 85/230 [00:41<01:14,  1.95it/s]Embedding edges:  37%|███▋      | 86/230 [00:42<01:43,  1.39it/s]Embedding edges:  38%|███▊      | 87/230 [00:42<01:28,  1.61it/s]Embedding edges:  38%|███▊      | 88/230 [00:43<01:21,  1.74it/s]Embedding edges:  39%|███▊      | 89/230 [00:43<01:15,  1.87it/s]Embedding edges:  39%|███▉      | 90/230 [00:44<01:18,  1.79it/s]Embedding edges:  40%|███▉      | 91/230 [00:44<01:09,  1.99it/s]Embedding edges:  40%|████      | 92/230 [00:45<01:08,  2.02it/s]Embedding edges:  40%|████      | 93/230 [00:45<01:07,  2.03it/s]Embedding edges:  41%|████      | 94/230 [00:46<01:10,  1.92it/s]Embedding edges:  41%|████▏     | 95/230 [00:46<01:04,  2.10it/s]Embedding edges:  42%|████▏     | 96/230 [00:47<01:04,  2.08it/s]Embedding edges:  42%|████▏     | 97/230 [00:47<01:06,  1.99it/s]Embedding edges:  43%|████▎     | 98/230 [00:48<01:07,  1.96it/s]Embedding edges:  43%|████▎     | 99/230 [00:48<00:59,  2.22it/s]Embedding edges:  43%|████▎     | 100/230 [00:49<01:00,  2.15it/s]Embedding edges:  44%|████▍     | 101/230 [00:49<01:05,  1.96it/s]Embedding edges:  44%|████▍     | 102/230 [00:50<01:03,  2.03it/s]Embedding edges:  45%|████▍     | 103/230 [00:50<00:55,  2.27it/s]Embedding edges:  45%|████▌     | 104/230 [00:51<01:19,  1.58it/s]Embedding edges:  46%|████▌     | 105/230 [00:52<01:17,  1.61it/s]Embedding edges:  46%|████▌     | 106/230 [00:52<01:09,  1.79it/s]Embedding edges:  47%|████▋     | 107/230 [00:52<01:02,  1.98it/s]Embedding edges:  47%|████▋     | 108/230 [00:53<01:01,  1.98it/s]Embedding edges:  47%|████▋     | 109/230 [00:54<01:05,  1.86it/s]Embedding edges:  48%|████▊     | 110/230 [00:54<01:01,  1.94it/s]Embedding edges:  48%|████▊     | 111/230 [00:55<01:18,  1.52it/s]Embedding edges:  49%|████▊     | 112/230 [00:56<01:33,  1.26it/s]Embedding edges:  49%|████▉     | 113/230 [00:57<01:24,  1.38it/s]Embedding edges:  50%|████▉     | 114/230 [00:57<01:13,  1.59it/s]Embedding edges:  50%|█████     | 115/230 [00:58<01:05,  1.75it/s]Embedding edges:  50%|█████     | 116/230 [00:58<01:05,  1.74it/s]Embedding edges:  52%|█████▏    | 119/230 [00:58<00:31,  3.51it/s]Embedding edges:  52%|█████▏    | 120/230 [00:59<00:34,  3.20it/s]Embedding edges:  53%|█████▎    | 121/230 [01:00<00:45,  2.42it/s]Embedding edges:  53%|█████▎    | 122/230 [01:00<00:55,  1.96it/s]Embedding edges:  53%|█████▎    | 123/230 [01:01<00:51,  2.09it/s]Embedding edges:  54%|█████▍    | 124/230 [01:02<01:03,  1.66it/s]Embedding edges:  54%|█████▍    | 125/230 [01:02<01:01,  1.70it/s]Embedding edges:  55%|█████▍    | 126/230 [01:03<01:04,  1.60it/s]Embedding edges:  55%|█████▌    | 127/230 [01:03<01:01,  1.69it/s]Embedding edges:  56%|█████▌    | 128/230 [01:04<00:57,  1.77it/s]Embedding edges:  56%|█████▌    | 129/230 [01:05<00:58,  1.72it/s]Embedding edges:  57%|█████▋    | 130/230 [01:05<01:04,  1.54it/s]Embedding edges:  57%|█████▋    | 131/230 [01:06<00:56,  1.77it/s]Embedding edges:  57%|█████▋    | 132/230 [01:06<00:54,  1.80it/s]Embedding edges:  58%|█████▊    | 133/230 [01:07<00:53,  1.81it/s]Embedding edges:  58%|█████▊    | 134/230 [01:08<01:00,  1.59it/s]Embedding edges:  59%|█████▊    | 135/230 [01:08<00:52,  1.79it/s]Embedding edges:  59%|█████▉    | 136/230 [01:09<00:51,  1.82it/s]Embedding edges:  60%|█████▉    | 137/230 [01:09<00:52,  1.78it/s]Embedding edges:  60%|██████    | 138/230 [01:10<00:47,  1.95it/s]Embedding edges:  60%|██████    | 139/230 [01:10<00:45,  1.99it/s]Embedding edges:  61%|██████    | 140/230 [01:11<00:46,  1.95it/s]Embedding edges:  61%|██████▏   | 141/230 [01:12<01:04,  1.37it/s]Embedding edges:  62%|██████▏   | 142/230 [01:12<00:54,  1.61it/s]Embedding edges:  62%|██████▏   | 143/230 [01:13<00:51,  1.70it/s]Embedding edges:  63%|██████▎   | 144/230 [01:13<00:50,  1.70it/s]Embedding edges:  63%|██████▎   | 145/230 [01:14<00:54,  1.57it/s]Embedding edges:  63%|██████▎   | 146/230 [01:14<00:47,  1.76it/s]Embedding edges:  64%|██████▍   | 147/230 [01:15<00:46,  1.80it/s]Embedding edges:  64%|██████▍   | 148/230 [01:15<00:44,  1.85it/s]Embedding edges:  65%|██████▍   | 149/230 [01:16<00:47,  1.72it/s]Embedding edges:  65%|██████▌   | 150/230 [01:16<00:41,  1.91it/s]Embedding edges:  66%|██████▌   | 151/230 [01:17<00:44,  1.79it/s]Embedding edges:  66%|██████▌   | 152/230 [01:18<00:42,  1.84it/s]Embedding edges:  67%|██████▋   | 153/230 [01:19<00:51,  1.50it/s]Embedding edges:  67%|██████▋   | 154/230 [01:19<00:48,  1.58it/s]Embedding edges:  67%|██████▋   | 155/230 [01:20<00:52,  1.42it/s]Embedding edges:  68%|██████▊   | 156/230 [01:21<00:51,  1.45it/s]Embedding edges:  68%|██████▊   | 157/230 [01:22<01:04,  1.12it/s]Embedding edges:  69%|██████▊   | 158/230 [01:23<00:55,  1.29it/s]Embedding edges:  69%|██████▉   | 159/230 [01:23<00:49,  1.44it/s]Embedding edges:  70%|██████▉   | 160/230 [01:24<00:45,  1.53it/s]Embedding edges:  70%|███████   | 161/230 [01:24<00:43,  1.58it/s]Embedding edges:  70%|███████   | 162/230 [01:25<00:37,  1.82it/s]Embedding edges:  71%|███████   | 163/230 [01:25<00:37,  1.81it/s]Embedding edges:  71%|███████▏  | 164/230 [01:26<00:37,  1.75it/s]Embedding edges:  72%|███████▏  | 165/230 [01:26<00:37,  1.76it/s]Embedding edges:  72%|███████▏  | 166/230 [01:27<00:33,  1.89it/s]Embedding edges:  73%|███████▎  | 167/230 [01:27<00:32,  1.93it/s]Embedding edges:  73%|███████▎  | 168/230 [01:28<00:34,  1.81it/s]Embedding edges:  73%|███████▎  | 169/230 [01:28<00:34,  1.79it/s]Embedding edges:  74%|███████▍  | 170/230 [01:29<00:30,  1.99it/s]Embedding edges:  74%|███████▍  | 171/230 [01:29<00:33,  1.78it/s]Embedding edges:  75%|███████▍  | 172/230 [01:30<00:34,  1.70it/s]Embedding edges:  75%|███████▌  | 173/230 [01:31<00:32,  1.75it/s]Embedding edges:  76%|███████▌  | 174/230 [01:31<00:29,  1.91it/s]Embedding edges:  76%|███████▌  | 175/230 [01:32<00:28,  1.91it/s]Embedding edges:  77%|███████▋  | 176/230 [01:33<00:41,  1.31it/s]Embedding edges:  77%|███████▋  | 177/230 [01:34<00:38,  1.36it/s]Embedding edges:  77%|███████▋  | 178/230 [01:34<00:33,  1.54it/s]Embedding edges:  78%|███████▊  | 179/230 [01:35<00:31,  1.61it/s]Embedding edges:  78%|███████▊  | 180/230 [01:35<00:30,  1.62it/s]Embedding edges:  79%|███████▊  | 181/230 [01:36<00:28,  1.69it/s]Embedding edges:  79%|███████▉  | 182/230 [01:36<00:25,  1.90it/s]Embedding edges:  80%|███████▉  | 183/230 [01:37<00:28,  1.65it/s]Embedding edges:  80%|████████  | 184/230 [01:38<00:29,  1.54it/s]Embedding edges:  80%|████████  | 185/230 [01:38<00:27,  1.64it/s]Embedding edges:  81%|████████  | 186/230 [01:39<00:24,  1.79it/s]Embedding edges:  81%|████████▏ | 187/230 [01:39<00:25,  1.69it/s]Embedding edges:  82%|████████▏ | 188/230 [01:40<00:24,  1.72it/s]Embedding edges:  82%|████████▏ | 189/230 [01:40<00:23,  1.75it/s]Embedding edges:  83%|████████▎ | 190/230 [01:41<00:20,  1.93it/s]Embedding edges:  83%|████████▎ | 191/230 [01:41<00:21,  1.78it/s]Embedding edges:  83%|████████▎ | 192/230 [01:42<00:22,  1.71it/s]Embedding edges:  84%|████████▍ | 193/230 [01:43<00:25,  1.46it/s]Embedding edges:  84%|████████▍ | 194/230 [01:43<00:21,  1.70it/s]Embedding edges:  85%|████████▍ | 195/230 [01:44<00:23,  1.51it/s]Embedding edges:  85%|████████▌ | 196/230 [01:45<00:24,  1.39it/s]Embedding edges:  86%|████████▌ | 197/230 [01:45<00:21,  1.56it/s]Embedding edges:  86%|████████▌ | 198/230 [01:46<00:17,  1.78it/s]Embedding edges:  87%|████████▋ | 199/230 [01:46<00:17,  1.73it/s]Embedding edges:  87%|████████▋ | 200/230 [01:47<00:17,  1.73it/s]Embedding edges:  87%|████████▋ | 201/230 [01:48<00:16,  1.79it/s]Embedding edges:  88%|████████▊ | 202/230 [01:48<00:16,  1.66it/s]Embedding edges:  88%|████████▊ | 203/230 [01:49<00:15,  1.69it/s]Embedding edges:  89%|████████▊ | 204/230 [01:49<00:15,  1.67it/s]Embedding edges:  89%|████████▉ | 205/230 [01:50<00:12,  1.93it/s]Embedding edges:  90%|████████▉ | 206/230 [01:50<00:12,  1.89it/s]Embedding edges:  90%|█████████ | 207/230 [01:51<00:12,  1.79it/s]Embedding edges:  90%|█████████ | 208/230 [01:52<00:13,  1.68it/s]Embedding edges:  91%|█████████ | 209/230 [01:52<00:12,  1.72it/s]Embedding edges:  91%|█████████▏| 210/230 [01:53<00:14,  1.38it/s]Embedding edges:  92%|█████████▏| 211/230 [01:54<00:12,  1.54it/s]Embedding edges:  92%|█████████▏| 212/230 [01:54<00:11,  1.57it/s]Embedding edges:  93%|█████████▎| 213/230 [01:55<00:10,  1.69it/s]Embedding edges:  93%|█████████▎| 214/230 [01:56<00:10,  1.50it/s]Embedding edges:  93%|█████████▎| 215/230 [01:56<00:09,  1.54it/s]Embedding edges:  94%|█████████▍| 216/230 [01:57<00:08,  1.64it/s]Embedding edges:  94%|█████████▍| 217/230 [01:57<00:07,  1.81it/s]Embedding edges:  95%|█████████▍| 218/230 [01:58<00:06,  1.77it/s]Embedding edges:  95%|█████████▌| 219/230 [01:58<00:06,  1.68it/s]Embedding edges:  96%|█████████▌| 220/230 [01:59<00:06,  1.64it/s]Embedding edges:  96%|█████████▌| 221/230 [02:00<00:05,  1.77it/s]Embedding edges:  97%|█████████▋| 222/230 [02:00<00:04,  1.81it/s]Embedding edges:  97%|█████████▋| 223/230 [02:01<00:03,  1.75it/s]Embedding edges:  97%|█████████▋| 224/230 [02:02<00:03,  1.52it/s]Embedding edges:  98%|█████████▊| 225/230 [02:02<00:03,  1.61it/s]Embedding edges:  98%|█████████▊| 226/230 [02:03<00:02,  1.66it/s]Embedding edges:  99%|█████████▊| 227/230 [02:04<00:02,  1.27it/s]Embedding edges:  99%|█████████▉| 228/230 [02:04<00:01,  1.45it/s]Embedding edges: 100%|█████████▉| 229/230 [02:05<00:00,  1.69it/s]Embedding edges: 100%|██████████| 230/230 [02:05<00:00,  1.75it/s]Embedding edges: 100%|██████████| 230/230 [02:05<00:00,  1.83it/s]
Embedding edges:   0%|          | 0/94 [00:00<?, ?it/s]Embedding edges:   1%|          | 1/94 [00:00<00:59,  1.57it/s]Embedding edges:   2%|▏         | 2/94 [00:01<00:45,  2.03it/s]Embedding edges:   3%|▎         | 3/94 [00:01<00:48,  1.87it/s]Embedding edges:   4%|▍         | 4/94 [00:02<00:58,  1.55it/s]Embedding edges:   5%|▌         | 5/94 [00:03<00:56,  1.57it/s]Embedding edges:   6%|▋         | 6/94 [00:03<00:44,  1.98it/s]Embedding edges:   7%|▋         | 7/94 [00:03<00:47,  1.82it/s]Embedding edges:   9%|▊         | 8/94 [00:04<00:46,  1.86it/s]Embedding edges:  10%|▉         | 9/94 [00:05<00:47,  1.79it/s]Embedding edges:  11%|█         | 10/94 [00:05<00:43,  1.95it/s]Embedding edges:  12%|█▏        | 11/94 [00:05<00:41,  1.98it/s]Embedding edges:  13%|█▎        | 12/94 [00:06<00:41,  1.97it/s]Embedding edges:  14%|█▍        | 13/94 [00:07<00:43,  1.85it/s]Embedding edges:  15%|█▍        | 14/94 [00:07<00:39,  2.04it/s]Embedding edges:  16%|█▌        | 15/94 [00:07<00:38,  2.05it/s]Embedding edges:  17%|█▋        | 16/94 [00:09<00:54,  1.43it/s]Embedding edges:  18%|█▊        | 17/94 [00:09<00:54,  1.41it/s]Embedding edges:  19%|█▉        | 18/94 [00:10<00:47,  1.61it/s]Embedding edges:  20%|██        | 19/94 [00:11<00:50,  1.49it/s]Embedding edges:  21%|██▏       | 20/94 [00:11<00:49,  1.50it/s]Embedding edges:  22%|██▏       | 21/94 [00:12<00:46,  1.58it/s]Embedding edges:  23%|██▎       | 22/94 [00:12<00:39,  1.80it/s]Embedding edges:  24%|██▍       | 23/94 [00:13<00:39,  1.78it/s]Embedding edges:  26%|██▌       | 24/94 [00:13<00:37,  1.85it/s]Embedding edges:  27%|██▋       | 25/94 [00:14<00:38,  1.77it/s]Embedding edges:  28%|██▊       | 26/94 [00:15<00:40,  1.66it/s]Embedding edges:  29%|██▊       | 27/94 [00:15<00:39,  1.68it/s]Embedding edges:  30%|██▉       | 28/94 [00:16<00:42,  1.56it/s]Embedding edges:  31%|███       | 29/94 [00:17<00:44,  1.48it/s]Embedding edges:  32%|███▏      | 30/94 [00:17<00:37,  1.70it/s]Embedding edges:  33%|███▎      | 31/94 [00:18<00:36,  1.73it/s]Embedding edges:  34%|███▍      | 32/94 [00:19<00:45,  1.35it/s]Embedding edges:  35%|███▌      | 33/94 [00:19<00:41,  1.46it/s]Embedding edges:  36%|███▌      | 34/94 [00:20<00:35,  1.69it/s]Embedding edges:  37%|███▋      | 35/94 [00:20<00:33,  1.74it/s]Embedding edges:  38%|███▊      | 36/94 [00:21<00:33,  1.73it/s]Embedding edges:  39%|███▉      | 37/94 [00:21<00:32,  1.77it/s]Embedding edges:  40%|████      | 38/94 [00:22<00:27,  2.00it/s]Embedding edges:  41%|████▏     | 39/94 [00:22<00:27,  1.99it/s]Embedding edges:  43%|████▎     | 40/94 [00:23<00:31,  1.69it/s]Embedding edges:  44%|████▎     | 41/94 [00:24<00:33,  1.59it/s]Embedding edges:  45%|████▍     | 42/94 [00:24<00:28,  1.82it/s]Embedding edges:  46%|████▌     | 43/94 [00:25<00:28,  1.77it/s]Embedding edges:  47%|████▋     | 44/94 [00:25<00:28,  1.78it/s]Embedding edges:  48%|████▊     | 45/94 [00:26<00:25,  1.90it/s]Embedding edges:  49%|████▉     | 46/94 [00:26<00:27,  1.76it/s]Embedding edges:  50%|█████     | 47/94 [00:27<00:27,  1.68it/s]Embedding edges:  51%|█████     | 48/94 [00:27<00:27,  1.69it/s]Embedding edges:  52%|█████▏    | 49/94 [00:28<00:24,  1.83it/s]Embedding edges:  53%|█████▎    | 50/94 [00:28<00:21,  2.02it/s]Embedding edges:  54%|█████▍    | 51/94 [00:29<00:29,  1.44it/s]Embedding edges:  55%|█████▌    | 52/94 [00:30<00:28,  1.49it/s]Embedding edges:  56%|█████▋    | 53/94 [00:31<00:24,  1.66it/s]Embedding edges:  57%|█████▋    | 54/94 [00:31<00:21,  1.84it/s]Embedding edges:  59%|█████▊    | 55/94 [00:32<00:21,  1.79it/s]Embedding edges:  60%|█████▉    | 56/94 [00:32<00:21,  1.75it/s]Embedding edges:  61%|██████    | 57/94 [00:32<00:18,  1.98it/s]Embedding edges:  62%|██████▏   | 58/94 [00:33<00:17,  2.05it/s]Embedding edges:  63%|██████▎   | 59/94 [00:34<00:18,  1.88it/s]Embedding edges:  64%|██████▍   | 60/94 [00:34<00:18,  1.83it/s]Embedding edges:  65%|██████▍   | 61/94 [00:35<00:16,  2.00it/s]Embedding edges:  66%|██████▌   | 62/94 [00:35<00:15,  2.04it/s]Embedding edges:  67%|██████▋   | 63/94 [00:36<00:16,  1.91it/s]Embedding edges:  68%|██████▊   | 64/94 [00:36<00:16,  1.86it/s]Embedding edges:  69%|██████▉   | 65/94 [00:37<00:15,  1.86it/s]Embedding edges:  70%|███████   | 66/94 [00:37<00:16,  1.71it/s]Embedding edges:  71%|███████▏  | 67/94 [00:38<00:15,  1.74it/s]Embedding edges:  72%|███████▏  | 68/94 [00:39<00:15,  1.71it/s]Embedding edges:  73%|███████▎  | 69/94 [00:39<00:17,  1.46it/s]Embedding edges:  74%|███████▍  | 70/94 [00:40<00:14,  1.63it/s]Embedding edges:  76%|███████▌  | 71/94 [00:40<00:13,  1.67it/s]Embedding edges:  77%|███████▋  | 72/94 [00:41<00:13,  1.64it/s]Embedding edges:  78%|███████▊  | 73/94 [00:42<00:11,  1.80it/s]Embedding edges:  79%|███████▊  | 74/94 [00:42<00:10,  1.86it/s]Embedding edges:  80%|███████▉  | 75/94 [00:43<00:10,  1.87it/s]Embedding edges:  81%|████████  | 76/94 [00:43<00:10,  1.68it/s]Embedding edges:  82%|████████▏ | 77/94 [00:44<00:09,  1.70it/s]Embedding edges:  83%|████████▎ | 78/94 [00:44<00:09,  1.76it/s]Embedding edges:  84%|████████▍ | 79/94 [00:45<00:08,  1.79it/s]Embedding edges:  85%|████████▌ | 80/94 [00:46<00:08,  1.75it/s]Embedding edges:  86%|████████▌ | 81/94 [00:46<00:06,  1.88it/s]Embedding edges:  87%|████████▋ | 82/94 [00:46<00:06,  1.95it/s]Embedding edges:  88%|████████▊ | 83/94 [00:47<00:05,  1.95it/s]Embedding edges:  89%|████████▉ | 84/94 [00:48<00:05,  1.89it/s]Embedding edges:  90%|█████████ | 85/94 [00:48<00:04,  1.90it/s]Embedding edges:  91%|█████████▏| 86/94 [00:49<00:04,  1.97it/s]Embedding edges:  93%|█████████▎| 87/94 [00:49<00:03,  1.85it/s]Embedding edges:  94%|█████████▎| 88/94 [00:50<00:04,  1.32it/s]Embedding edges:  95%|█████████▍| 89/94 [00:51<00:03,  1.44it/s]Embedding edges:  96%|█████████▌| 90/94 [00:51<00:02,  1.57it/s]Embedding edges:  97%|█████████▋| 91/94 [00:52<00:01,  1.53it/s]Embedding edges:  98%|█████████▊| 92/94 [00:53<00:01,  1.55it/s]Embedding edges:  99%|█████████▉| 93/94 [00:53<00:00,  1.71it/s]Embedding edges: 100%|██████████| 94/94 [00:54<00:00,  1.81it/s]Embedding edges: 100%|██████████| 94/94 [00:54<00:00,  1.73it/s]
Embedding edges:   0%|          | 0/56 [00:00<?, ?it/s]Embedding edges:   2%|▏         | 1/56 [00:00<00:31,  1.73it/s]Embedding edges:   4%|▎         | 2/56 [00:00<00:23,  2.34it/s]Embedding edges:   5%|▌         | 3/56 [00:01<00:22,  2.32it/s]Embedding edges:   7%|▋         | 4/56 [00:01<00:23,  2.22it/s]Embedding edges:   9%|▉         | 5/56 [00:02<00:25,  2.04it/s]Embedding edges:  11%|█         | 6/56 [00:02<00:21,  2.34it/s]Embedding edges:  12%|█▎        | 7/56 [00:03<00:21,  2.28it/s]Embedding edges:  14%|█▍        | 8/56 [00:03<00:21,  2.23it/s]Embedding edges:  16%|█▌        | 9/56 [00:04<00:22,  2.06it/s]Embedding edges:  18%|█▊        | 10/56 [00:04<00:20,  2.28it/s]Embedding edges:  20%|█▉        | 11/56 [00:04<00:20,  2.20it/s]Embedding edges:  21%|██▏       | 12/56 [00:05<00:20,  2.16it/s]Embedding edges:  23%|██▎       | 13/56 [00:06<00:21,  1.99it/s]Embedding edges:  25%|██▌       | 14/56 [00:06<00:26,  1.59it/s]Embedding edges:  27%|██▋       | 15/56 [00:07<00:24,  1.70it/s]Embedding edges:  29%|██▊       | 16/56 [00:07<00:21,  1.84it/s]Embedding edges:  30%|███       | 17/56 [00:08<00:21,  1.82it/s]Embedding edges:  32%|███▏      | 18/56 [00:08<00:18,  2.04it/s]Embedding edges:  34%|███▍      | 19/56 [00:09<00:18,  2.03it/s]Embedding edges:  36%|███▌      | 20/56 [00:09<00:17,  2.02it/s]Embedding edges:  38%|███▊      | 21/56 [00:10<00:16,  2.11it/s]Embedding edges:  39%|███▉      | 22/56 [00:10<00:14,  2.31it/s]Embedding edges:  41%|████      | 23/56 [00:11<00:14,  2.33it/s]Embedding edges:  43%|████▎     | 24/56 [00:11<00:14,  2.18it/s]Embedding edges:  45%|████▍     | 25/56 [00:12<00:14,  2.14it/s]Embedding edges:  46%|████▋     | 26/56 [00:12<00:12,  2.32it/s]Embedding edges:  48%|████▊     | 27/56 [00:12<00:12,  2.29it/s]Embedding edges:  50%|█████     | 28/56 [00:13<00:13,  2.13it/s]Embedding edges:  52%|█████▏    | 29/56 [00:13<00:12,  2.14it/s]Embedding edges:  54%|█████▎    | 30/56 [00:14<00:11,  2.27it/s]Embedding edges:  55%|█████▌    | 31/56 [00:14<00:11,  2.26it/s]Embedding edges:  57%|█████▋    | 32/56 [00:15<00:11,  2.09it/s]Embedding edges:  59%|█████▉    | 33/56 [00:15<00:10,  2.14it/s]Embedding edges:  61%|██████    | 34/56 [00:16<00:09,  2.28it/s]Embedding edges:  62%|██████▎   | 35/56 [00:16<00:09,  2.18it/s]Embedding edges:  64%|██████▍   | 36/56 [00:17<00:12,  1.58it/s]Embedding edges:  66%|██████▌   | 37/56 [00:18<00:15,  1.21it/s]Embedding edges:  68%|██████▊   | 38/56 [00:19<00:13,  1.34it/s]Embedding edges:  70%|██████▉   | 39/56 [00:20<00:11,  1.44it/s]Embedding edges:  71%|███████▏  | 40/56 [00:20<00:10,  1.52it/s]Embedding edges:  73%|███████▎  | 41/56 [00:21<00:09,  1.60it/s]Embedding edges:  75%|███████▌  | 42/56 [00:21<00:07,  1.81it/s]Embedding edges:  77%|███████▋  | 43/56 [00:22<00:07,  1.73it/s]Embedding edges:  79%|███████▊  | 44/56 [00:22<00:06,  1.75it/s]Embedding edges:  80%|████████  | 45/56 [00:23<00:05,  1.96it/s]Embedding edges:  82%|████████▏ | 46/56 [00:23<00:04,  2.18it/s]Embedding edges:  84%|████████▍ | 47/56 [00:23<00:04,  2.03it/s]Embedding edges:  86%|████████▌ | 48/56 [00:24<00:04,  1.99it/s]Embedding edges:  88%|████████▊ | 49/56 [00:24<00:02,  2.40it/s]Embedding edges:  89%|████████▉ | 50/56 [00:25<00:02,  2.60it/s]Embedding edges:  91%|█████████ | 51/56 [00:25<00:02,  2.26it/s]Embedding edges:  93%|█████████▎| 52/56 [00:26<00:01,  2.01it/s]Embedding edges:  95%|█████████▍| 53/56 [00:26<00:01,  2.10it/s]Embedding edges:  96%|█████████▋| 54/56 [00:27<00:01,  1.39it/s]Embedding edges:  98%|█████████▊| 55/56 [00:29<00:01,  1.00s/it]Embedding edges: 100%|██████████| 56/56 [00:29<00:00,  1.24it/s]Embedding edges: 100%|██████████| 56/56 [00:29<00:00,  1.87it/s]
2026-08-23 23:40:45 - Warning: the device is CPU instead of CUDA
Max node in OPTC_H051: 2688247
Training:   0%|          | 0/1 [00:00<?, ?it/s]2026-08-23 23:44:54 - GNN training loss Epoch: 01, Loss: 0.9233
2026-08-23 23:44:54 - Peak CUDA memory usage Epoch 1: 0.00 GB
Training: 100%|██████████| 1/1 [03:51<00:00, 231.40s/it]Training: 100%|██████████| 1/1 [03:51<00:00, 231.42s/it]
Max node in OPTC_H051: 2688247
2026-08-23 23:45:47 - OpTC pad: full_data extended by 1293373 zero slots
2026-08-23 23:45:47 - Warning: the device is CPU instead of CUDA
2026-08-23 23:45:47 - Evaluation with model model_epoch_1...
2026-08-23 23:45:54 -     Testing val set...
val set with model_epoch_1:   0%|          | 0/94 [00:00<?, ?it/s]val set with model_epoch_1:   1%|          | 1/94 [00:04<06:49,  4.41s/it]val set with model_epoch_1:   2%|▏         | 2/94 [00:05<03:46,  2.46s/it]val set with model_epoch_1:   3%|▎         | 3/94 [00:07<03:23,  2.23s/it]val set with model_epoch_1:   4%|▍         | 4/94 [00:09<03:29,  2.33s/it]val set with model_epoch_1:   5%|▌         | 5/94 [00:11<02:53,  1.94s/it]val set with model_epoch_1:   6%|▋         | 6/94 [00:12<02:21,  1.61s/it]val set with model_epoch_1:   7%|▋         | 7/94 [00:13<02:15,  1.56s/it]val set with model_epoch_1:   9%|▊         | 8/94 [00:14<01:58,  1.37s/it]val set with model_epoch_1:  10%|▉         | 9/94 [00:15<01:49,  1.29s/it]val set with model_epoch_1:  11%|█         | 10/94 [00:16<01:40,  1.19s/it]val set with model_epoch_1:  12%|█▏        | 11/94 [00:17<01:33,  1.12s/it]val set with model_epoch_1:  13%|█▎        | 12/94 [00:18<01:29,  1.09s/it]val set with model_epoch_1:  14%|█▍        | 13/94 [00:19<01:28,  1.10s/it]val set with model_epoch_1:  15%|█▍        | 14/94 [00:20<01:20,  1.01s/it]val set with model_epoch_1:  16%|█▌        | 15/94 [00:21<01:19,  1.01s/it]val set with model_epoch_1:  17%|█▋        | 16/94 [00:23<01:28,  1.14s/it]val set with model_epoch_1:  18%|█▊        | 17/94 [00:24<01:31,  1.19s/it]val set with model_epoch_1:  19%|█▉        | 18/94 [00:25<01:22,  1.08s/it]val set with model_epoch_1:  20%|██        | 19/94 [00:26<01:28,  1.18s/it]val set with model_epoch_1:  21%|██▏       | 20/94 [00:27<01:27,  1.19s/it]val set with model_epoch_1:  22%|██▏       | 21/94 [00:28<01:21,  1.11s/it]val set with model_epoch_1:  23%|██▎       | 22/94 [00:29<01:12,  1.00s/it]val set with model_epoch_1:  24%|██▍       | 23/94 [00:30<01:14,  1.05s/it]val set with model_epoch_1:  26%|██▌       | 24/94 [00:31<01:10,  1.01s/it]val set with model_epoch_1:  27%|██▋       | 25/94 [00:32<01:11,  1.04s/it]val set with model_epoch_1:  28%|██▊       | 26/94 [00:34<01:18,  1.16s/it]val set with model_epoch_1:  29%|██▊       | 27/94 [00:35<01:15,  1.13s/it]val set with model_epoch_1:  30%|██▉       | 28/94 [00:36<01:19,  1.20s/it]val set with model_epoch_1:  31%|███       | 29/94 [00:37<01:21,  1.26s/it]val set with model_epoch_1:  32%|███▏      | 30/94 [00:38<01:12,  1.13s/it]val set with model_epoch_1:  33%|███▎      | 31/94 [00:39<01:08,  1.08s/it]val set with model_epoch_1:  34%|███▍      | 32/94 [00:40<01:06,  1.07s/it]val set with model_epoch_1:  35%|███▌      | 33/94 [00:41<01:03,  1.05s/it]val set with model_epoch_1:  36%|███▌      | 34/94 [00:42<00:57,  1.04it/s]val set with model_epoch_1:  37%|███▋      | 35/94 [00:43<00:58,  1.01it/s]val set with model_epoch_1:  38%|███▊      | 36/94 [00:44<00:58,  1.01s/it]val set with model_epoch_1:  39%|███▉      | 37/94 [00:45<00:56,  1.01it/s]val set with model_epoch_1:  40%|████      | 38/94 [00:46<00:50,  1.10it/s]val set with model_epoch_1:  41%|████▏     | 39/94 [00:47<00:50,  1.08it/s]val set with model_epoch_1:  43%|████▎     | 40/94 [00:48<00:58,  1.08s/it]val set with model_epoch_1:  44%|████▎     | 41/94 [00:50<01:01,  1.16s/it]val set with model_epoch_1:  45%|████▍     | 42/94 [00:50<00:53,  1.03s/it]val set with model_epoch_1:  46%|████▌     | 43/94 [00:51<00:53,  1.04s/it]val set with model_epoch_1:  47%|████▋     | 44/94 [00:52<00:51,  1.03s/it]val set with model_epoch_1:  48%|████▊     | 45/94 [00:53<00:47,  1.03it/s]val set with model_epoch_1:  49%|████▉     | 46/94 [00:54<00:51,  1.08s/it]val set with model_epoch_1:  50%|█████     | 47/94 [00:56<00:51,  1.10s/it]val set with model_epoch_1:  51%|█████     | 48/94 [00:57<00:50,  1.09s/it]val set with model_epoch_1:  52%|█████▏    | 49/94 [00:58<00:45,  1.02s/it]val set with model_epoch_1:  53%|█████▎    | 50/94 [00:58<00:41,  1.07it/s]val set with model_epoch_1:  54%|█████▍    | 51/94 [00:59<00:43,  1.01s/it]val set with model_epoch_1:  55%|█████▌    | 52/94 [01:01<00:45,  1.09s/it]val set with model_epoch_1:  56%|█████▋    | 53/94 [01:02<00:43,  1.07s/it]val set with model_epoch_1:  57%|█████▋    | 54/94 [01:03<00:40,  1.00s/it]val set with model_epoch_1:  59%|█████▊    | 55/94 [01:04<00:40,  1.03s/it]val set with model_epoch_1:  60%|█████▉    | 56/94 [01:05<00:40,  1.06s/it]val set with model_epoch_1:  61%|██████    | 57/94 [01:06<00:35,  1.04it/s]val set with model_epoch_1:  62%|██████▏   | 58/94 [01:07<00:34,  1.05it/s]val set with model_epoch_1:  63%|██████▎   | 59/94 [01:08<00:35,  1.02s/it]val set with model_epoch_1:  64%|██████▍   | 60/94 [01:09<00:35,  1.05s/it]val set with model_epoch_1:  65%|██████▍   | 61/94 [01:10<00:32,  1.00it/s]val set with model_epoch_1:  66%|██████▌   | 62/94 [01:11<00:31,  1.01it/s]val set with model_epoch_1:  67%|██████▋   | 63/94 [01:12<00:31,  1.01s/it]val set with model_epoch_1:  68%|██████▊   | 64/94 [01:13<00:30,  1.01s/it]val set with model_epoch_1:  69%|██████▉   | 65/94 [01:14<00:30,  1.05s/it]val set with model_epoch_1:  70%|███████   | 66/94 [01:15<00:31,  1.12s/it]val set with model_epoch_1:  71%|███████▏  | 67/94 [01:16<00:29,  1.09s/it]val set with model_epoch_1:  72%|███████▏  | 68/94 [01:17<00:28,  1.08s/it]val set with model_epoch_1:  73%|███████▎  | 69/94 [01:18<00:24,  1.00it/s]val set with model_epoch_1:  74%|███████▍  | 70/94 [01:19<00:23,  1.03it/s]val set with model_epoch_1:  76%|███████▌  | 71/94 [01:20<00:23,  1.01s/it]val set with model_epoch_1:  77%|███████▋  | 72/94 [01:21<00:23,  1.06s/it]val set with model_epoch_1:  78%|███████▊  | 73/94 [01:22<00:21,  1.01s/it]val set with model_epoch_1:  79%|███████▊  | 74/94 [01:23<00:20,  1.01s/it]val set with model_epoch_1:  80%|███████▉  | 75/94 [01:24<00:19,  1.03s/it]val set with model_epoch_1:  81%|████████  | 76/94 [01:25<00:19,  1.10s/it]val set with model_epoch_1:  82%|████████▏ | 77/94 [01:27<00:19,  1.13s/it]val set with model_epoch_1:  83%|████████▎ | 78/94 [01:28<00:17,  1.11s/it]val set with model_epoch_1:  84%|████████▍ | 79/94 [01:29<00:16,  1.10s/it]val set with model_epoch_1:  85%|████████▌ | 80/94 [01:30<00:15,  1.09s/it]val set with model_epoch_1:  86%|████████▌ | 81/94 [01:31<00:13,  1.04s/it]val set with model_epoch_1:  87%|████████▋ | 82/94 [01:32<00:12,  1.03s/it]val set with model_epoch_1:  88%|████████▊ | 83/94 [01:33<00:11,  1.02s/it]val set with model_epoch_1:  89%|████████▉ | 84/94 [01:34<00:10,  1.03s/it]val set with model_epoch_1:  90%|█████████ | 85/94 [01:35<00:09,  1.06s/it]val set with model_epoch_1:  91%|█████████▏| 86/94 [01:36<00:08,  1.01s/it]val set with model_epoch_1:  93%|█████████▎| 87/94 [01:37<00:07,  1.04s/it]val set with model_epoch_1:  94%|█████████▎| 88/94 [01:38<00:06,  1.11s/it]val set with model_epoch_1:  95%|█████████▍| 89/94 [01:39<00:05,  1.13s/it]val set with model_epoch_1:  96%|█████████▌| 90/94 [01:40<00:04,  1.08s/it]val set with model_epoch_1:  97%|█████████▋| 91/94 [01:42<00:03,  1.11s/it]val set with model_epoch_1:  98%|█████████▊| 92/94 [01:43<00:02,  1.15s/it]val set with model_epoch_1:  99%|█████████▉| 93/94 [01:44<00:01,  1.05s/it]val set with model_epoch_1: 100%|██████████| 94/94 [01:45<00:00,  1.01s/it]val set with model_epoch_1: 100%|██████████| 94/94 [01:45<00:00,  1.12s/it]
2026-08-23 23:47:39 -     Testing test set...
test set with model_epoch_1:   0%|          | 0/56 [00:00<?, ?it/s]test set with model_epoch_1:   2%|▏         | 1/56 [00:00<00:54,  1.01it/s]test set with model_epoch_1:   4%|▎         | 2/56 [00:01<00:48,  1.11it/s]test set with model_epoch_1:   5%|▌         | 3/56 [00:02<00:48,  1.10it/s]test set with model_epoch_1:   7%|▋         | 4/56 [00:07<02:04,  2.40s/it]test set with model_epoch_1:   9%|▉         | 5/56 [00:08<01:34,  1.86s/it]test set with model_epoch_1:  11%|█         | 6/56 [00:09<01:15,  1.50s/it]test set with model_epoch_1:  12%|█▎        | 7/56 [00:10<01:03,  1.30s/it]test set with model_epoch_1:  14%|█▍        | 8/56 [00:10<00:55,  1.16s/it]test set with model_epoch_1:  16%|█▌        | 9/56 [00:11<00:53,  1.14s/it]test set with model_epoch_1:  18%|█▊        | 10/56 [00:12<00:47,  1.03s/it]test set with model_epoch_1:  20%|█▉        | 11/56 [00:13<00:44,  1.01it/s]test set with model_epoch_1:  21%|██▏       | 12/56 [00:14<00:42,  1.04it/s]test set with model_epoch_1:  23%|██▎       | 13/56 [00:15<00:43,  1.01s/it]test set with model_epoch_1:  25%|██▌       | 14/56 [00:16<00:39,  1.05it/s]test set with model_epoch_1:  27%|██▋       | 15/56 [00:17<00:39,  1.03it/s]test set with model_epoch_1:  29%|██▊       | 16/56 [00:18<00:36,  1.09it/s]test set with model_epoch_1:  30%|███       | 17/56 [00:19<00:37,  1.05it/s]test set with model_epoch_1:  32%|███▏      | 18/56 [00:20<00:34,  1.11it/s]test set with model_epoch_1:  34%|███▍      | 19/56 [00:21<00:33,  1.09it/s]test set with model_epoch_1:  36%|███▌      | 20/56 [00:22<00:33,  1.06it/s]test set with model_epoch_1:  38%|███▊      | 21/56 [00:23<00:32,  1.07it/s]test set with model_epoch_1:  39%|███▉      | 22/56 [00:23<00:29,  1.15it/s]test set with model_epoch_1:  41%|████      | 23/56 [00:24<00:27,  1.19it/s]test set with model_epoch_1:  43%|████▎     | 24/56 [00:25<00:28,  1.11it/s]test set with model_epoch_1:  45%|████▍     | 25/56 [00:26<00:28,  1.09it/s]test set with model_epoch_1:  46%|████▋     | 26/56 [00:27<00:26,  1.14it/s]test set with model_epoch_1:  48%|████▊     | 27/56 [00:28<00:25,  1.14it/s]test set with model_epoch_1:  50%|█████     | 28/56 [00:29<00:25,  1.08it/s]test set with model_epoch_1:  52%|█████▏    | 29/56 [00:30<00:25,  1.07it/s]test set with model_epoch_1:  54%|█████▎    | 30/56 [00:30<00:23,  1.12it/s]test set with model_epoch_1:  55%|█████▌    | 31/56 [00:31<00:22,  1.09it/s]test set with model_epoch_1:  57%|█████▋    | 32/56 [00:32<00:22,  1.06it/s]test set with model_epoch_1:  59%|█████▉    | 33/56 [00:33<00:21,  1.07it/s]test set with model_epoch_1:  61%|██████    | 34/56 [00:34<00:19,  1.14it/s]test set with model_epoch_1:  62%|██████▎   | 35/56 [00:35<00:18,  1.11it/s]test set with model_epoch_1:  64%|██████▍   | 36/56 [00:36<00:18,  1.10it/s]test set with model_epoch_1:  66%|██████▌   | 37/56 [00:39<00:26,  1.41s/it]test set with model_epoch_1:  68%|██████▊   | 38/56 [00:40<00:24,  1.35s/it]test set with model_epoch_1:  70%|██████▉   | 39/56 [00:41<00:21,  1.26s/it]test set with model_epoch_1:  71%|███████▏  | 40/56 [00:42<00:19,  1.20s/it]test set with model_epoch_1:  73%|███████▎  | 41/56 [00:43<00:17,  1.16s/it]test set with model_epoch_1:  75%|███████▌  | 42/56 [00:44<00:14,  1.05s/it]test set with model_epoch_1:  77%|███████▋  | 43/56 [00:45<00:14,  1.10s/it]test set with model_epoch_1:  79%|███████▊  | 44/56 [00:46<00:13,  1.10s/it]test set with model_epoch_1:  80%|████████  | 45/56 [00:47<00:11,  1.03s/it]test set with model_epoch_1:  82%|████████▏ | 46/56 [00:48<00:09,  1.09it/s]test set with model_epoch_1:  84%|████████▍ | 47/56 [00:49<00:08,  1.08it/s]test set with model_epoch_1:  86%|████████▌ | 48/56 [00:49<00:07,  1.07it/s]test set with model_epoch_1:  88%|████████▊ | 49/56 [00:50<00:06,  1.10it/s]test set with model_epoch_1:  89%|████████▉ | 50/56 [00:51<00:05,  1.13it/s]test set with model_epoch_1:  91%|█████████ | 51/56 [00:52<00:04,  1.07it/s]test set with model_epoch_1:  93%|█████████▎| 52/56 [00:53<00:03,  1.01it/s]test set with model_epoch_1:  95%|█████████▍| 53/56 [00:54<00:02,  1.03it/s]test set with model_epoch_1:  96%|█████████▋| 54/56 [00:56<00:02,  1.14s/it]test set with model_epoch_1:  98%|█████████▊| 55/56 [00:59<00:01,  1.70s/it]test set with model_epoch_1: 100%|██████████| 56/56 [01:00<00:00,  1.48s/it]test set with model_epoch_1: 100%|██████████| 56/56 [01:00<00:00,  1.08s/it]
2026-08-23 23:49:03 - Computing time-window labels...
2026-08-23 23:49:22 - Found 135908/135928 edge labels.
2026-08-23 23:49:22 - TW 41 -> 12 malicious nodes + 12694 malicious edges
2026-08-23 23:49:22 - TW 42 -> 33 malicious nodes + 34162 malicious edges
2026-08-23 23:49:22 - TW 43 -> 48 malicious nodes + 33479 malicious edges
2026-08-23 23:49:22 - TW 44 -> 27 malicious nodes + 15037 malicious edges
2026-08-23 23:49:22 - TW 45 -> 19 malicious nodes + 11995 malicious edges
2026-08-23 23:49:22 - TW 46 -> 12 malicious nodes + 33334 malicious edges
2026-08-23 23:49:22 - TW 47 -> 15 malicious nodes + 32358 malicious edges
2026-08-23 23:49:22 - TW 48 -> 15 malicious nodes + 12769 malicious edges
2026-08-23 23:49:23 - TW 49 -> 14 malicious nodes + 12745 malicious edges
2026-08-23 23:49:23 - TW 50 -> 14 malicious nodes + 33800 malicious edges
2026-08-23 23:49:23 - TW 51 -> 18 malicious nodes + 62980 malicious edges
2026-08-23 23:49:23 - TW 52 -> 13 malicious nodes + 16292 malicious edges
2026-08-23 23:49:23 - TW 53 -> 22 malicious nodes + 21301 malicious edges
2026-08-23 23:49:23 - TW 54 -> 15 malicious nodes + 49451 malicious edges
2026-08-23 23:49:23 - TW 55 -> 24 malicious nodes + 4172 malicious edges
2026-08-23 23:49:23 - 
Evaluation of model model_epoch_1...
2026-08-23 23:49:26 - Loading data from ./artifacts/detection/gnn_testing/90a168caccdfba04519c9b87e0371fb861da92a3e0c3271309faa69d3cbc3455/OPTC_H051/edge_losses/test/model_epoch_1...
2026-08-23 23:49:38 - Thresholds: MEAN=0.729, STD=0.475, MAX=12.306, 90 Percentile=1.106
2026-08-23 23:49:38 - Threshold: 12.306
Compute labels:   0%|          | 0/56 [00:00<?, ?it/s]Compute labels:   2%|▏         | 1/56 [00:00<00:16,  3.41it/s]Compute labels:   4%|▎         | 2/56 [00:00<00:11,  4.77it/s]Compute labels:   5%|▌         | 3/56 [00:00<00:11,  4.75it/s]Compute labels:   7%|▋         | 4/56 [00:01<00:15,  3.43it/s]Compute labels:   9%|▉         | 5/56 [00:01<00:14,  3.49it/s]Compute labels:  11%|█         | 6/56 [00:01<00:11,  4.20it/s]Compute labels:  12%|█▎        | 7/56 [00:01<00:11,  4.29it/s]Compute labels:  14%|█▍        | 8/56 [00:01<00:11,  4.32it/s]Compute labels:  16%|█▌        | 9/56 [00:02<00:11,  4.07it/s]Compute labels:  18%|█▊        | 10/56 [00:02<00:10,  4.59it/s]Compute labels:  20%|█▉        | 11/56 [00:02<00:10,  4.44it/s]Compute labels:  21%|██▏       | 12/56 [00:02<00:10,  4.37it/s]Compute labels:  23%|██▎       | 13/56 [00:03<00:10,  4.03it/s]Compute labels:  25%|██▌       | 14/56 [00:03<00:09,  4.36it/s]Compute labels:  27%|██▋       | 15/56 [00:03<00:09,  4.29it/s]Compute labels:  29%|██▊       | 16/56 [00:03<00:09,  4.39it/s]Compute labels:  30%|███       | 17/56 [00:04<00:09,  4.15it/s]Compute labels:  32%|███▏      | 18/56 [00:04<00:08,  4.54it/s]Compute labels:  34%|███▍      | 19/56 [00:04<00:08,  4.45it/s]Compute labels:  36%|███▌      | 20/56 [00:04<00:08,  4.31it/s]Compute labels:  38%|███▊      | 21/56 [00:05<00:09,  3.87it/s]Compute labels:  39%|███▉      | 22/56 [00:05<00:07,  4.36it/s]Compute labels:  41%|████      | 23/56 [00:05<00:07,  4.48it/s]Compute labels:  43%|████▎     | 24/56 [00:05<00:07,  4.26it/s]Compute labels:  45%|████▍     | 25/56 [00:05<00:07,  4.25it/s]Compute labels:  46%|████▋     | 26/56 [00:06<00:06,  4.69it/s]Compute labels:  48%|████▊     | 27/56 [00:06<00:06,  4.65it/s]Compute labels:  50%|█████     | 28/56 [00:06<00:06,  4.33it/s]Compute labels:  52%|█████▏    | 29/56 [00:06<00:06,  4.35it/s]Compute labels:  54%|█████▎    | 30/56 [00:06<00:05,  4.64it/s]Compute labels:  55%|█████▌    | 31/56 [00:07<00:05,  4.62it/s]Compute labels:  57%|█████▋    | 32/56 [00:07<00:05,  4.27it/s]Compute labels:  59%|█████▉    | 33/56 [00:07<00:05,  4.39it/s]Compute labels:  61%|██████    | 34/56 [00:07<00:04,  4.64it/s]Compute labels:  62%|██████▎   | 35/56 [00:08<00:04,  4.44it/s]Compute labels:  64%|██████▍   | 36/56 [00:08<00:04,  4.29it/s]Compute labels:  66%|██████▌   | 37/56 [00:08<00:06,  2.91it/s]Compute labels:  68%|██████▊   | 38/56 [00:09<00:05,  3.14it/s]Compute labels:  70%|██████▉   | 39/56 [00:09<00:05,  3.23it/s]Compute labels:  71%|███████▏  | 40/56 [00:09<00:04,  3.32it/s]Compute labels:  73%|███████▎  | 41/56 [00:10<00:04,  3.12it/s]Compute labels:  75%|███████▌  | 42/56 [00:10<00:03,  3.58it/s]Compute labels:  77%|███████▋  | 43/56 [00:10<00:03,  3.43it/s]Compute labels:  79%|███████▊  | 44/56 [00:10<00:03,  3.49it/s]Compute labels:  80%|████████  | 45/56 [00:11<00:02,  3.95it/s]Compute labels:  82%|████████▏ | 46/56 [00:11<00:02,  4.41it/s]Compute labels:  84%|████████▍ | 47/56 [00:11<00:02,  4.07it/s]Compute labels:  86%|████████▌ | 48/56 [00:11<00:02,  4.00it/s]Compute labels:  88%|████████▊ | 49/56 [00:11<00:01,  4.47it/s]Compute labels:  89%|████████▉ | 50/56 [00:12<00:01,  4.77it/s]Compute labels:  91%|█████████ | 51/56 [00:12<00:01,  4.26it/s]Compute labels:  93%|█████████▎| 52/56 [00:12<00:01,  3.63it/s]Compute labels:  95%|█████████▍| 53/56 [00:13<00:00,  3.96it/s]Compute labels:  96%|█████████▋| 54/56 [00:13<00:00,  3.52it/s]Compute labels:  98%|█████████▊| 55/56 [00:14<00:00,  2.29it/s]Compute labels: 100%|██████████| 56/56 [00:14<00:00,  2.73it/s]Compute labels: 100%|██████████| 56/56 [00:14<00:00,  3.89it/s]
2026-08-23 23:50:13 - Analysis of malicious nodes:
2026-08-23 23:50:13 - -> Malicious node 36534  : loss=1.583 | is TP: ❌ /Device/HarddiskVolume1/$Extend/$UsnJrnl:$J
2026-08-23 23:50:13 - -> Malicious node 36535  : loss=2.239 | is TP: ❌ None
2026-08-23 23:50:13 - -> Malicious node 87524  : loss=0.944 | is TP: ❌ /Device/HarddiskVolume1/Python27/Lib/site-packages/enum34-1.1.6-py2.7.egg
2026-08-23 23:50:13 - -> Malicious node 8198   : loss=4.550 | is TP: ❌ /Device/HarddiskVolume1/Windows/system32/svchost.exe
2026-08-23 23:50:13 - -> Malicious node 8191   : loss=7.454 | is TP: ❌ /Device/HarddiskVolume1/Windows/system32/svchost.exe
2026-08-23 23:50:13 - -> Malicious node 8187   : loss=5.870 | is TP: ❌ /Device/HarddiskVolume1/Windows/system32/lsass.exe
2026-08-23 23:50:13 - -> Malicious node 8184   : loss=3.025 | is TP: ❌ %SystemRoot%/system32/csrss.exe
2026-08-23 23:50:13 - -> Malicious node 8676   : loss=4.464 | is TP: ❌ /Device/HarddiskVolume1/Program Files (x86)/Google/Update/GoogleUpdate.exe
2026-08-23 23:50:13 - -> Malicious node 8705   : loss=4.146 | is TP: ❌ sc.exe
2026-08-23 23:50:13 - -> Malicious node 8713   : loss=4.146 | is TP: ❌ /Device/HarddiskVolume1/Windows/system32/conhost.exe
2026-08-23 23:50:13 - -> Malicious node 8673   : loss=4.596 | is TP: ❌ /Device/HarddiskVolume1/Windows/system32/svchost.exe
2026-08-23 23:50:13 - -> Malicious node 972586 : loss=2.478 | is TP: ❌ 142.20.56.52:49803->53.192.68.50:8080
2026-08-23 23:50:13 - -> Malicious node 972609 : loss=2.373 | is TP: ❌ 53.192.68.50:8080->142.20.56.52:49803
2026-08-23 23:50:13 - -> Malicious node 8752   : loss=4.326 | is TP: ❌ /Device/HarddiskVolume1/Windows/system32/svchost.exe
2026-08-23 23:50:13 - -> Malicious node 8770   : loss=3.979 | is TP: ❌ /Device/HarddiskVolume1/Windows/SYSTEM32/cmd.exe
2026-08-23 23:50:13 - -> Malicious node 8784   : loss=3.844 | is TP: ❌ %SystemRoot%/system32/csrss.exe
2026-08-23 23:50:13 - -> Malicious node 8786   : loss=4.170 | is TP: ❌ /Device/HarddiskVolume1/Windows/Temp/radB895D.tmp/biGuWCmNsuCIG.exe
2026-08-23 23:50:13 - -> Malicious node 8754   : loss=4.146 | is TP: ❌ /Device/HarddiskVolume1/Windows/Temp/rad0F93B.tmp/biGuWCmNsuCIG.exe
2026-08-23 23:50:13 - -> Malicious node 8763   : loss=4.056 | is TP: ❌ /Device/HarddiskVolume1/Windows/Temp/rad838E6.tmp/biGuWCmNsuCIG.exe
2026-08-23 23:50:13 - -> Malicious node 8772   : loss=4.117 | is TP: ❌ /Device/HarddiskVolume1/Windows/Temp/radEB31A.tmp/biGuWCmNsuCIG.exe
2026-08-23 23:50:13 - -> Malicious node 8775   : loss=4.058 | is TP: ❌ /Device/HarddiskVolume1/Windows/Temp/rad076F2.tmp/biGuWCmNsuCIG.exe
2026-08-23 23:50:13 - -> Malicious node 8779   : loss=1.745 | is TP: ❌ /Device/HarddiskVolume1/Windows/Temp/radAF010.tmp/biGuWCmNsuCIG.exe
2026-08-23 23:50:13 - -> Malicious node 8794   : loss=4.003 | is TP: ❌ /Device/HarddiskVolume1/Windows/Temp/rad95EBC.tmp/biGuWCmNsuCIG.exe
2026-08-23 23:50:13 - -> Malicious node 8797   : loss=3.979 | is TP: ❌ /Device/HarddiskVolume1/Windows/Temp/rad231B5.tmp/biGuWCmNsuCIG.exe
2026-08-23 23:50:13 - -> Malicious node 8802   : loss=4.009 | is TP: ❌ /Device/HarddiskVolume1/Windows/Temp/rad640CA.tmp/biGuWCmNsuCIG.exe
2026-08-23 23:50:13 - -> Malicious node 980371 : loss=3.084 | is TP: ❌ 142.20.56.52:49829->53.192.68.50:8080
2026-08-23 23:50:13 - -> Malicious node 8790   : loss=4.136 | is TP: ❌ /Device/HarddiskVolume1/Windows/Temp/rad9DD75.tmp/biGuWCmNsuCIG.exe
2026-08-23 23:50:13 - -> Malicious node 979084 : loss=1.745 | is TP: ❌ 142.20.56.52:49812->53.192.68.50:8080
2026-08-23 23:50:13 - -> Malicious node 979381 : loss=1.908 | is TP: ❌ 142.20.56.52:49814->53.192.68.50:8080
2026-08-23 23:50:13 - -> Malicious node 979654 : loss=1.928 | is TP: ❌ 142.20.56.52:49815->53.192.68.50:8080
2026-08-23 23:50:13 - -> Malicious node 979926 : loss=1.976 | is TP: ❌ 142.20.56.52:49816->53.192.68.50:8080
2026-08-23 23:50:13 - -> Malicious node 980034 : loss=1.944 | is TP: ❌ 142.20.56.52:49817->53.192.68.50:8080
2026-08-23 23:50:13 - -> Malicious node 980176 : loss=2.076 | is TP: ❌ 142.20.56.52:49828->53.192.68.50:8080
2026-08-23 23:50:13 - -> Malicious node 980674 : loss=1.890 | is TP: ❌ 142.20.56.52:49831->53.192.68.50:8080
2026-08-23 23:50:13 - -> Malicious node 981350 : loss=1.872 | is TP: ❌ 142.20.56.52:49833->53.192.68.50:8080
2026-08-23 23:50:13 - -> Malicious node 981979 : loss=1.935 | is TP: ❌ 142.20.56.52:49835->53.192.68.50:8080
2026-08-23 23:50:13 - -> Malicious node 985868 : loss=0.944 | is TP: ❌ 142.20.56.52:3389->53.192.68.50:58878
2026-08-23 23:50:13 - -> Malicious node 8808   : loss=4.137 | is TP: ❌ /Device/HarddiskVolume1/Windows/Temp/radCBB57.tmp/biGuWCmNsuCIG.exe
2026-08-23 23:50:13 - -> Malicious node 8821   : loss=4.022 | is TP: ❌ /Device/HarddiskVolume1/Windows/Temp/radE1BA0.tmp/biGuWCmNsuCIG.exe
2026-08-23 23:50:13 - -> Malicious node 8889   : loss=4.471 | is TP: ❌ /Device/HarddiskVolume1/Windows/Temp/radC50E7.tmp/biGuWCmNsuCIG.exe
2026-08-23 23:50:13 - -> Malicious node 982460 : loss=2.081 | is TP: ❌ 142.20.56.52:49836->53.192.68.50:8080
2026-08-23 23:50:13 - -> Malicious node 8825   : loss=3.925 | is TP: ❌ /Device/HarddiskVolume1/Windows/Temp/rad5446E.tmp/biGuWCmNsuCIG.exe
2026-08-23 23:50:13 - -> Malicious node 8913   : loss=4.146 | is TP: ❌ /Device/HarddiskVolume1/Windows/system32/lsass.exe
2026-08-23 23:50:13 - -> Malicious node 8917   : loss=4.551 | is TP: ❌ /Device/HarddiskVolume1/Windows/Temp/rad1C3A2.tmp/biGuWCmNsuCIG.exe
2026-08-23 23:50:13 - -> Malicious node 8814   : loss=4.025 | is TP: ❌ /Device/HarddiskVolume1/Windows/Temp/rad38E8A.tmp/biGuWCmNsuCIG.exe
2026-08-23 23:50:13 - -> Malicious node 8817   : loss=3.970 | is TP: ❌ /Device/HarddiskVolume1/Windows/Temp/rad41041.tmp/biGuWCmNsuCIG.exe
2026-08-23 23:50:13 - -> Malicious node 8833   : loss=3.913 | is TP: ❌ /Device/HarddiskVolume1/Windows/Temp/rad71B66.tmp/biGuWCmNsuCIG.exe
2026-08-23 23:50:13 - -> Malicious node 8841   : loss=3.911 | is TP: ❌ /Device/HarddiskVolume1/Windows/Temp/rad28DC8.tmp/biGuWCmNsuCIG.exe
2026-08-23 23:50:13 - -> Malicious node 8863   : loss=4.163 | is TP: ❌ cmd.exe
2026-08-23 23:50:13 - -> Malicious node 8883   : loss=3.917 | is TP: ❌ /Device/HarddiskVolume1/Windows/Temp/rad1BA52.tmp/biGuWCmNsuCIG.exe
2026-08-23 23:50:13 - -> Malicious node 8898   : loss=3.904 | is TP: ❌ /Device/HarddiskVolume1/Windows/Temp/rad99E71.tmp/biGuWCmNsuCIG.exe
2026-08-23 23:50:13 - -> Malicious node 8902   : loss=3.952 | is TP: ❌ /Device/HarddiskVolume1/Windows/Temp/rad54E46.tmp/biGuWCmNsuCIG.exe
2026-08-23 23:50:13 - -> Malicious node 8849   : loss=3.689 | is TP: ❌ /Device/HarddiskVolume1/Windows/Temp/radC5EB1.tmp/biGuWCmNsuCIG.exe
2026-08-23 23:50:13 - -> Malicious node 8869   : loss=3.692 | is TP: ❌ /Device/HarddiskVolume1/Windows/Temp/rad4F110.tmp/biGuWCmNsuCIG.exe
2026-08-23 23:50:13 - -> Malicious node 982598 : loss=2.066 | is TP: ❌ 142.20.56.52:49837->53.192.68.50:8080
2026-08-23 23:50:13 - -> Malicious node 982799 : loss=2.032 | is TP: ❌ 142.20.56.52:49838->53.192.68.50:8080
2026-08-23 23:50:13 - -> Malicious node 982946 : loss=1.884 | is TP: ❌ 142.20.56.52:49839->53.192.68.50:8080
2026-08-23 23:50:13 - -> Malicious node 983222 : loss=1.810 | is TP: ❌ 142.20.56.52:49840->53.192.68.50:8080
2026-08-23 23:50:13 - -> Malicious node 983547 : loss=2.119 | is TP: ❌ 142.20.56.52:49842->53.192.68.50:8080
2026-08-23 23:50:13 - -> Malicious node 983876 : loss=2.119 | is TP: ❌ 142.20.56.52:49843->53.192.68.50:8080
2026-08-23 23:50:13 - -> Malicious node 984445 : loss=1.856 | is TP: ❌ 142.20.56.52:49844->53.192.68.50:8080
2026-08-23 23:50:13 - -> Malicious node 985021 : loss=1.761 | is TP: ❌ 142.20.56.52:49846->53.192.68.50:8080
2026-08-23 23:50:13 - -> Malicious node 985447 : loss=1.766 | is TP: ❌ 142.20.56.52:49847->53.192.68.50:8080
2026-08-23 23:50:13 - -> Malicious node 985869 : loss=1.106 | is TP: ❌ 53.192.68.50:58878->142.20.56.52:3389
2026-08-23 23:50:13 - -> Malicious node 98091  : loss=0.575 | is TP: ❌ /Device/HarddiskVolume1/windows/system32/scdeviceenum.dll
2026-08-23 23:50:13 - -> Malicious node 6303   : loss=1.099 | is TP: ❌ gpupdate.exe
2026-08-23 23:50:13 - -> Malicious node 985933 : loss=1.866 | is TP: ❌ 142.20.56.52:49870->53.192.68.50:8080
2026-08-23 23:50:13 - -> Malicious node 986266 : loss=2.007 | is TP: ❌ 142.20.56.52:49871->53.192.68.50:8080
2026-08-23 23:50:13 - -> Malicious node 986569 : loss=1.876 | is TP: ❌ 142.20.56.52:49872->53.192.68.50:8080
2026-08-23 23:50:13 - -> Malicious node 986738 : loss=1.890 | is TP: ❌ 142.20.56.52:49873->53.192.68.50:8080
2026-08-23 23:50:13 - -> Malicious node 986880 : loss=2.809 | is TP: ❌ 142.20.56.52:49876->53.192.68.50:8080
2026-08-23 23:50:13 - -> Malicious node 8921   : loss=4.316 | is TP: ❌ /Device/HarddiskVolume1/Windows/Temp/rad1CC6C.tmp/biGuWCmNsuCIG.exe
2026-08-23 23:50:13 - -> Malicious node 8927   : loss=4.451 | is TP: ❌ /Device/HarddiskVolume1/Windows/Temp/radD85FE.tmp/biGuWCmNsuCIG.exe
2026-08-23 23:50:13 - -> Malicious node 8930   : loss=3.948 | is TP: ❌ /Device/HarddiskVolume1/Windows/Temp/rad9FAD6.tmp/biGuWCmNsuCIG.exe
2026-08-23 23:50:13 - -> Malicious node 8940   : loss=3.717 | is TP: ❌ /Device/HarddiskVolume1/Windows/Temp/rad77CFB.tmp/biGuWCmNsuCIG.exe
2026-08-23 23:50:13 - -> Malicious node 8944   : loss=3.727 | is TP: ❌ /Device/HarddiskVolume1/Windows/Temp/rad20015.tmp/biGuWCmNsuCIG.exe
2026-08-23 23:50:13 - -> Malicious node 8947   : loss=2.332 | is TP: ❌ /Device/HarddiskVolume1/Windows/system32/svchost.exe
2026-08-23 23:50:13 - -> Malicious node 987241 : loss=1.932 | is TP: ❌ 142.20.56.52:49877->53.192.68.50:8080
2026-08-23 23:50:13 - -> Malicious node 987696 : loss=2.000 | is TP: ❌ 142.20.56.52:49878->53.192.68.50:8080
2026-08-23 23:50:13 - -> Malicious node 988259 : loss=1.879 | is TP: ❌ 142.20.56.52:49879->53.192.68.50:8080
2026-08-23 23:50:13 - -> Malicious node 988768 : loss=1.937 | is TP: ❌ 142.20.56.52:49880->53.192.68.50:8080
2026-08-23 23:50:13 - -> Malicious node 989247 : loss=2.128 | is TP: ❌ 142.20.56.52:49882->53.192.68.50:8080
2026-08-23 23:50:13 - -> Malicious node 989830 : loss=1.810 | is TP: ❌ 142.20.56.52:49883->53.192.68.50:8080
2026-08-23 23:50:13 - -> Malicious node 990188 : loss=2.177 | is TP: ❌ 142.20.56.52:49886->53.192.68.50:8080
2026-08-23 23:50:13 - -> Malicious node 990207 : loss=2.332 | is TP: ❌ 53.192.68.50:8080->142.20.56.52:49886
2026-08-23 23:50:13 - -> Malicious node 9007   : loss=4.146 | is TP: ❌ //?/C:/Program Files (x86)/Mozilla Firefox/firefox.exe
2026-08-23 23:50:13 - -> Malicious node 9242   : loss=4.809 | is TP: ❌ gpupdate.exe
2026-08-23 23:50:13 - -> Malicious node 9248   : loss=4.141 | is TP: ❌ /Device/HarddiskVolume1/Windows/SYSTEM32/cmd.exe
2026-08-23 23:50:13 - -> Malicious node 9247   : loss=3.348 | is TP: ❌ gpupdate.exe
2026-08-23 23:50:13 - -> Malicious node 1033755: loss=0.939 | is TP: ❌ 142.20.56.52:3389->53.192.68.50:58888
2026-08-23 23:50:13 - -> Malicious node 9344   : loss=0.653 | is TP: ❌ /Device/HarddiskVolume1/Windows/system32/lsass.exe
2026-08-23 23:50:13 - -> Malicious node 9480   : loss=1.228 | is TP: ❌ /Device/HarddiskVolume1/Windows/system32/lsass.exe
2026-08-23 23:50:13 - -> Malicious node 9440   : loss=1.498 | is TP: ❌ /Device/HarddiskVolume1/Windows/system32/lsass.exe
2026-08-23 23:50:13 - -> Malicious node 1033715: loss=1.117 | is TP: ❌ 53.192.68.50:58888->142.20.56.52:3389
2026-08-23 23:50:13 - -> Malicious node 9689   : loss=3.025 | is TP: ❌ /Device/HarddiskVolume1/Windows/system32/services.exe
2026-08-23 23:50:13 - -> Malicious node 9698   : loss=3.631 | is TP: ❌ /Device/HarddiskVolume1/Windows/SYSTEM32/cmd.exe
2026-08-23 23:50:13 - -> Malicious node 9725   : loss=3.372 | is TP: ❌ /Device/HarddiskVolume1/Windows/system32/svchost.exe
2026-08-23 23:50:13 - -> Malicious node 9779   : loss=4.463 | is TP: ❌ /Device/HarddiskVolume1/Users/dcoombes/Downloads/update.exe
2026-08-23 23:50:13 - -> Malicious node 9783   : loss=2.535 | is TP: ❌ /Device/HarddiskVolume1/Users/dcoombes/Downloads/update.exe
2026-08-23 23:50:13 - -> Malicious node 9737   : loss=3.381 | is TP: ❌ //?/C:/Program Files (x86)/Mozilla Firefox/firefox.exe
2026-08-23 23:50:13 - -> Malicious node 102207 : loss=1.990 | is TP: ❌ /Device/HarddiskVolume1/Users/dcoombes/Downloads/update.exe
2026-08-23 23:50:13 - -> Malicious node 102210 : loss=2.855 | is TP: ❌ /Device/HarddiskVolume1/Users/dcoombes/Downloads/update.exe:Zone.Identifier
2026-08-23 23:50:13 - -> Malicious node 9701   : loss=2.342 | is TP: ❌ /Device/HarddiskVolume1/Windows/system32/lsass.exe
2026-08-23 23:50:13 - -> Malicious node 9688   : loss=3.932 | is TP: ❌ /Device/HarddiskVolume1/Windows/system32/lsass.exe
2026-08-23 23:50:13 - -> Malicious node 1055780: loss=2.304 | is TP: ❌ 142.20.56.52:50251->53.192.68.50:8000
2026-08-23 23:50:13 - -> Malicious node 1055786: loss=2.304 | is TP: ❌ 142.20.56.52:50252->53.192.68.50:8000
2026-08-23 23:50:13 - -> Malicious node 1055785: loss=2.304 | is TP: ❌ 142.20.56.52:50253->53.192.68.50:8000
2026-08-23 23:50:13 - -> Malicious node 1055787: loss=2.304 | is TP: ❌ 142.20.56.52:50254->53.192.68.50:8000
2026-08-23 23:50:13 - -> Malicious node 1055794: loss=1.025 | is TP: ❌ 53.192.68.50:8000->142.20.56.52:50251
2026-08-23 23:50:13 - -> Malicious node 1055798: loss=1.025 | is TP: ❌ 53.192.68.50:8000->142.20.56.52:50252
2026-08-23 23:50:13 - -> Malicious node 1055795: loss=1.025 | is TP: ❌ 53.192.68.50:8000->142.20.56.52:50253
2026-08-23 23:50:13 - -> Malicious node 1055864: loss=1.025 | is TP: ❌ 53.192.68.50:8000->142.20.56.52:50254
2026-08-23 23:50:13 - -> Malicious node 1055917: loss=2.213 | is TP: ❌ 142.20.56.52:50259->53.192.68.50:8080
2026-08-23 23:50:13 - -> Malicious node 1055920: loss=2.326 | is TP: ❌ 53.192.68.50:8080->142.20.56.52:50259
Saving figures to ./artifacts/detection/evaluation/73454a4b6b28d2b5f902861f332ccfbd941a929e996f25978a568be77bdff831/OPTC_H051/precision_recall_dir/...
/home/vung2/optec-l6/orthrus/src/provnet_utils.py:313: RuntimeWarning: invalid value encountered in scalar divide
  fscore=2*(precision*recall)/(precision+recall)
2026-08-23 23:50:45 - total num: 322679
2026-08-23 23:50:45 - tn: 322557
2026-08-23 23:50:45 - fp: 8
2026-08-23 23:50:45 - fn: 114
2026-08-23 23:50:45 - tp: 0
2026-08-23 23:50:45 - 
2026-08-23 23:50:45 - ap: 0.00924981699462435
2026-08-23 23:50:45 - precision: 0.0
2026-08-23 23:50:45 - recall: 0.0
2026-08-23 23:50:45 - fpr: 2.480120285833863e-05
2026-08-23 23:50:45 - fscore: nan
2026-08-23 23:50:45 - accuracy: 0.9996219152780317
2026-08-23 23:50:45 - balanced acc: 0.49998759939857085
2026-08-23 23:50:45 - auc: 0.9408857755039717
2026-08-23 23:50:45 - lr(+): 0.0
2026-08-23 23:50:45 - dor: 0.0
2026-08-23 23:50:45 - mcc: -9.360710855747815e-05
2026-08-23 23:50:45 - Analysis of false positives:
2026-08-23 23:50:45 - FP node 8210 -> max loss: 9.044 | max TW: 36 | is malicious TW:  ❌
2026-08-23 23:50:45 - FP node 8182 -> max loss: 9.169 | max TW: 36 | is malicious TW:  ❌
2026-08-23 23:50:45 - FP node 8188 -> max loss: 7.820 | max TW: 36 | is malicious TW:  ❌
2026-08-23 23:50:45 - FP node 8293 -> max loss: 7.820 | max TW: 36 | is malicious TW:  ❌
2026-08-23 23:50:45 - FP node 8202 -> max loss: 9.044 | max TW: 36 | is malicious TW:  ❌
2026-08-23 23:50:45 - FP node 2561 -> max loss: 9.169 | max TW: 36 | is malicious TW:  ❌
2026-08-23 23:50:45 - FP node 9751 -> max loss: 8.599 | max TW: 55 | is malicious TW:  ✅
2026-08-23 23:50:45 - FP node 9740 -> max loss: 8.599 | max TW: 55 | is malicious TW:  ✅
2026-08-23 23:50:45 - Percentage of FPs present in malicious TWs: 0.250
2026-08-23 23:51:02 - Start worker 0 with pid 1053
2026-08-23 23:51:02 - Start worker 1 with pid 1054
2026-08-23 23:51:03 - Start worker 2 with pid 1055
2026-08-23 23:51:03 - Start worker 3 with pid 1056
2026-08-23 23:51:03 - (pid: 1054) - start tracing poi 8210 in time window 38
2026-08-23 23:51:03 - (pid: 1054) - Start trace with args used method: component and score method: degree
calculating degree score:   0%|          | 0/8715 [00:00<?, ?it/s]calculating degree score: 100%|██████████| 8715/8715 [00:00<00:00, 1802967.32it/s]
2026-08-23 23:51:03 - (pid: 1055) - start tracing poi 8182 in time window 41
2026-08-23 23:51:03 - (pid: 1055) - Start trace with args used method: component and score method: degree
calculating degree score:   0%|          | 0/8583 [00:00<?, ?it/s]calculating degree score: 100%|██████████| 8583/8583 [00:00<00:00, 1760377.08it/s]
2026-08-23 23:51:03 - Start worker 4 with pid 1057
2026-08-23 23:51:03 - (pid: 1053) - start tracing poi 8188 in time window 36
2026-08-23 23:51:03 - (pid: 1053) - Start trace with args used method: component and score method: degree
2026-08-23 23:51:03 - (pid: 1056) - start tracing poi 8293 in time window 43
2026-08-23 23:51:03 - (pid: 1056) - Start trace with args used method: component and score method: degree
calculating degree score:   0%|          | 0/8300 [00:00<?, ?it/s]calculating degree score: 100%|██████████| 8300/8300 [00:00<00:00, 1703499.86it/s]
2026-08-23 23:51:03 - Start worker 5 with pid 1058
2026-08-23 23:51:03 - (pid: 1057) - start tracing poi 8202 in time window 45
2026-08-23 23:51:03 - (pid: 1057) - Start trace with args used method: component and score method: degree
calculating degree score:   0%|          | 0/21045 [00:00<?, ?it/s]calculating degree score:   0%|          | 0/7568 [00:00<?, ?it/s]calculating degree score: 100%|██████████| 7568/7568 [00:00<00:00, 1754892.34it/s]
calculating degree score: 100%|██████████| 21045/21045 [00:00<00:00, 1483963.68it/s]
2026-08-23 23:51:03 - Start worker 6 with pid 1059
2026-08-23 23:51:03 - (pid: 1058) - start tracing poi 8188 in time window 48
2026-08-23 23:51:03 - (pid: 1058) - Start trace with args used method: component and score method: degree
calculating degree score:   0%|          | 0/7767 [00:00<?, ?it/s]calculating degree score: 100%|██████████| 7767/7767 [00:00<00:00, 1649559.94it/s]
2026-08-23 23:51:03 - Start worker 7 with pid 1060
2026-08-23 23:51:03 - (pid: 1059) - start tracing poi 8210 in time window 51
2026-08-23 23:51:03 - (pid: 1059) - Start trace with args used method: component and score method: degree
calculating degree score:   0%|          | 0/7660 [00:00<?, ?it/s]calculating degree score: 100%|██████████| 7660/7660 [00:00<00:00, 1417094.59it/s]
2026-08-23 23:51:03 - (pid: 1060) - start tracing poi 8202 in time window 53
2026-08-23 23:51:03 - (pid: 1060) - Start trace with args used method: component and score method: degree
calculating degree score:   0%|          | 0/12862 [00:00<?, ?it/s]calculating degree score: 100%|██████████| 12862/12862 [00:00<00:00, 1530892.99it/s]
2026-08-23 23:51:03 - (pid: 1057) - finish tracing poi 8202 in time window 45
2026-08-23 23:51:03 - (pid: 1054) - finish tracing poi 8210 in time window 38
2026-08-23 23:51:03 - (pid: 1057) - start tracing poi 8182 in time window 46
2026-08-23 23:51:03 - (pid: 1057) - Start trace with args used method: component and score method: degree
calculating degree score:   0%|          | 0/7973 [00:00<?, ?it/s]calculating degree score: 100%|██████████| 7973/7973 [00:00<00:00, 1817554.53it/s]
2026-08-23 23:51:03 - (pid: 1054) - start tracing poi 8293 in time window 38
2026-08-23 23:51:03 - (pid: 1054) - Start trace with args used method: component and score method: degree
calculating degree score:   0%|          | 0/8715 [00:00<?, ?it/s]calculating degree score: 100%|██████████| 8715/8715 [00:00<00:00, 1959650.42it/s]
2026-08-23 23:51:03 - (pid: 1058) - finish tracing poi 8188 in time window 48
2026-08-23 23:51:04 - (pid: 1058) - start tracing poi 8202 in time window 48
2026-08-23 23:51:04 - (pid: 1058) - Start trace with args used method: component and score method: degree
calculating degree score:   0%|          | 0/7767 [00:00<?, ?it/s]calculating degree score: 100%|██████████| 7767/7767 [00:00<00:00, 1594574.60it/s]
2026-08-23 23:51:04 - (pid: 1058) - finish tracing poi 8202 in time window 48
2026-08-23 23:51:04 - (pid: 1054) - finish tracing poi 8293 in time window 38
2026-08-23 23:51:04 - (pid: 1058) - start tracing poi 8182 in time window 49
2026-08-23 23:51:04 - (pid: 1058) - Start trace with args used method: component and score method: degree
calculating degree score:   0%|          | 0/8064 [00:00<?, ?it/s]calculating degree score: 100%|██████████| 8064/8064 [00:00<00:00, 1739769.94it/s]
2026-08-23 23:51:04 - (pid: 1054) - start tracing poi 8188 in time window 38
2026-08-23 23:51:04 - (pid: 1054) - Start trace with args used method: component and score method: degree
calculating degree score:   0%|          | 0/8715 [00:00<?, ?it/s]calculating degree score: 100%|██████████| 8715/8715 [00:00<00:00, 1806978.07it/s]
2026-08-23 23:51:05 - (pid: 1054) - finish tracing poi 8188 in time window 38
2026-08-23 23:51:05 - (pid: 1054) - start tracing poi 8182 in time window 39
2026-08-23 23:51:05 - (pid: 1054) - Start trace with args used method: component and score method: degree
calculating degree score:   0%|          | 0/9183 [00:00<?, ?it/s]calculating degree score: 100%|██████████| 9183/9183 [00:00<00:00, 1729126.54it/s]
2026-08-23 23:51:05 - (pid: 1056) - finish tracing poi 8293 in time window 43
2026-08-23 23:51:06 - (pid: 1056) - start tracing poi 8188 in time window 43
2026-08-23 23:51:06 - (pid: 1056) - Start trace with args used method: component and score method: degree
calculating degree score:   0%|          | 0/8300 [00:00<?, ?it/s]calculating degree score: 100%|██████████| 8300/8300 [00:00<00:00, 1707761.75it/s]
2026-08-23 23:51:06 - (pid: 1056) - finish tracing poi 8188 in time window 43
2026-08-23 23:51:06 - (pid: 1056) - start tracing poi 8202 in time window 43
2026-08-23 23:51:06 - (pid: 1056) - Start trace with args used method: component and score method: degree
calculating degree score:   0%|          | 0/8300 [00:00<?, ?it/s]calculating degree score: 100%|██████████| 8300/8300 [00:00<00:00, 1826289.12it/s]
POI 8202-0 is an exit node, skip forward tracing.
2026-08-23 23:51:09 - (pid: 1056) - finish tracing poi 8202 in time window 43
2026-08-23 23:51:09 - (pid: 1056) - start tracing poi 8210 in time window 44
2026-08-23 23:51:09 - (pid: 1056) - Start trace with args used method: component and score method: degree
calculating degree score:   0%|          | 0/8685 [00:00<?, ?it/s]calculating degree score: 100%|██████████| 8685/8685 [00:00<00:00, 985860.09it/s]
2026-08-23 23:51:10 - (pid: 1056) - finish tracing poi 8210 in time window 44
2026-08-23 23:51:10 - (pid: 1056) - start tracing poi 8293 in time window 44
2026-08-23 23:51:10 - (pid: 1056) - Start trace with args used method: component and score method: degree
calculating degree score:   0%|          | 0/8685 [00:00<?, ?it/s]calculating degree score: 100%|██████████| 8685/8685 [00:00<00:00, 1757322.12it/s]
2026-08-23 23:51:10 - (pid: 1059) - finish tracing poi 8210 in time window 51
2026-08-23 23:51:10 - (pid: 1059) - start tracing poi 8293 in time window 51
2026-08-23 23:51:10 - (pid: 1059) - Start trace with args used method: component and score method: degree
calculating degree score:   0%|          | 0/7660 [00:00<?, ?it/s]calculating degree score: 100%|██████████| 7660/7660 [00:00<00:00, 948131.05it/s]
2026-08-23 23:51:10 - (pid: 1056) - finish tracing poi 8293 in time window 44
2026-08-23 23:51:10 - (pid: 1056) - start tracing poi 8182 in time window 44
2026-08-23 23:51:10 - (pid: 1056) - Start trace with args used method: component and score method: degree
calculating degree score:   0%|          | 0/8685 [00:00<?, ?it/s]calculating degree score: 100%|██████████| 8685/8685 [00:00<00:00, 1040756.84it/s]
2026-08-23 23:51:11 - (pid: 1060) - finish tracing poi 8202 in time window 53
2026-08-23 23:51:11 - (pid: 1060) - start tracing poi 8293 in time window 53
2026-08-23 23:51:11 - (pid: 1060) - Start trace with args used method: component and score method: degree
calculating degree score:   0%|          | 0/12862 [00:00<?, ?it/s]calculating degree score: 100%|██████████| 12862/12862 [00:00<00:00, 1570650.66it/s]
2026-08-23 23:51:13 - (pid: 1055) - finish tracing poi 8182 in time window 41
2026-08-23 23:51:13 - (pid: 1055) - start tracing poi 8210 in time window 41
2026-08-23 23:51:13 - (pid: 1055) - Start trace with args used method: component and score method: degree
calculating degree score:   0%|          | 0/8583 [00:00<?, ?it/s]calculating degree score: 100%|██████████| 8583/8583 [00:00<00:00, 1004484.26it/s]
2026-08-23 23:51:14 - (pid: 1055) - finish tracing poi 8210 in time window 41
2026-08-23 23:51:14 - (pid: 1055) - start tracing poi 8293 in time window 41
2026-08-23 23:51:14 - (pid: 1055) - Start trace with args used method: component and score method: degree
calculating degree score:   0%|          | 0/8583 [00:00<?, ?it/s]calculating degree score: 100%|██████████| 8583/8583 [00:00<00:00, 1744172.06it/s]
2026-08-23 23:51:14 - (pid: 1055) - finish tracing poi 8293 in time window 41
2026-08-23 23:51:15 - (pid: 1055) - start tracing poi 8188 in time window 41
2026-08-23 23:51:15 - (pid: 1055) - Start trace with args used method: component and score method: degree
calculating degree score:   0%|          | 0/8583 [00:00<?, ?it/s]calculating degree score: 100%|██████████| 8583/8583 [00:00<00:00, 1761324.49it/s]
2026-08-23 23:51:15 - (pid: 1055) - finish tracing poi 8188 in time window 41
2026-08-23 23:51:15 - (pid: 1055) - start tracing poi 8202 in time window 41
2026-08-23 23:51:15 - (pid: 1055) - Start trace with args used method: component and score method: degree
calculating degree score:   0%|          | 0/8583 [00:00<?, ?it/s]calculating degree score: 100%|██████████| 8583/8583 [00:00<00:00, 1783576.66it/s]
2026-08-23 23:51:15 - (pid: 1058) - finish tracing poi 8182 in time window 49
2026-08-23 23:51:16 - (pid: 1058) - start tracing poi 8210 in time window 49
2026-08-23 23:51:16 - (pid: 1058) - Start trace with args used method: component and score method: degree
calculating degree score:   0%|          | 0/8064 [00:00<?, ?it/s]calculating degree score: 100%|██████████| 8064/8064 [00:00<00:00, 1930418.78it/s]
2026-08-23 23:51:16 - (pid: 1055) - finish tracing poi 8202 in time window 41
2026-08-23 23:51:16 - (pid: 1055) - start tracing poi 8182 in time window 42
2026-08-23 23:51:16 - (pid: 1055) - Start trace with args used method: component and score method: degree
2026-08-23 23:51:16 - (pid: 1058) - finish tracing poi 8210 in time window 49
calculating degree score:   0%|          | 0/8852 [00:00<?, ?it/s]calculating degree score: 100%|██████████| 8852/8852 [00:00<00:00, 1807857.96it/s]
2026-08-23 23:51:16 - (pid: 1058) - start tracing poi 8293 in time window 49
2026-08-23 23:51:16 - (pid: 1058) - Start trace with args used method: component and score method: degree
calculating degree score:   0%|          | 0/8064 [00:00<?, ?it/s]calculating degree score: 100%|██████████| 8064/8064 [00:00<00:00, 1762525.66it/s]
2026-08-23 23:51:17 - (pid: 1058) - finish tracing poi 8293 in time window 49
2026-08-23 23:51:17 - (pid: 1059) - finish tracing poi 8293 in time window 51
2026-08-23 23:51:17 - (pid: 1058) - start tracing poi 8202 in time window 49
2026-08-23 23:51:17 - (pid: 1058) - Start trace with args used method: component and score method: degree
calculating degree score:   0%|          | 0/8064 [00:00<?, ?it/s]calculating degree score: 100%|██████████| 8064/8064 [00:00<00:00, 1053573.42it/s]
2026-08-23 23:51:17 - (pid: 1059) - start tracing poi 8188 in time window 51
2026-08-23 23:51:17 - (pid: 1059) - Start trace with args used method: component and score method: degree
calculating degree score:   0%|          | 0/7660 [00:00<?, ?it/s]calculating degree score: 100%|██████████| 7660/7660 [00:00<00:00, 1790379.97it/s]
POI 8202-0 is an exit node, skip forward tracing.
2026-08-23 23:51:17 - (pid: 1058) - finish tracing poi 8202 in time window 49
2026-08-23 23:51:17 - (pid: 1058) - start tracing poi 8188 in time window 49
2026-08-23 23:51:17 - (pid: 1058) - Start trace with args used method: component and score method: degree
calculating degree score:   0%|          | 0/8064 [00:00<?, ?it/s]calculating degree score: 100%|██████████| 8064/8064 [00:00<00:00, 1174078.99it/s]
2026-08-23 23:51:18 - (pid: 1059) - finish tracing poi 8188 in time window 51
2026-08-23 23:51:18 - (pid: 1056) - finish tracing poi 8182 in time window 44
2026-08-23 23:51:18 - (pid: 1059) - start tracing poi 8202 in time window 51
2026-08-23 23:51:18 - (pid: 1059) - Start trace with args used method: component and score method: degree
calculating degree score:   0%|          | 0/7660 [00:00<?, ?it/s]2026-08-23 23:51:18 - (pid: 1058) - finish tracing poi 8188 in time window 49
calculating degree score: 100%|██████████| 7660/7660 [00:00<00:00, 1770841.02it/s]
2026-08-23 23:51:18 - (pid: 1058) - start tracing poi 8182 in time window 50
2026-08-23 23:51:18 - (pid: 1058) - Start trace with args used method: component and score method: degree
calculating degree score:   0%|          | 0/8218 [00:00<?, ?it/s]calculating degree score: 100%|██████████| 8218/8218 [00:00<00:00, 962788.48it/s]
2026-08-23 23:51:18 - (pid: 1056) - start tracing poi 8188 in time window 44
2026-08-23 23:51:18 - (pid: 1056) - Start trace with args used method: component and score method: degree
calculating degree score:   0%|          | 0/8685 [00:00<?, ?it/s]calculating degree score: 100%|██████████| 8685/8685 [00:00<00:00, 4759902.03it/s]
2026-08-23 23:51:18 - (pid: 1054) - finish tracing poi 8182 in time window 39
2026-08-23 23:51:18 - (pid: 1054) - start tracing poi 8210 in time window 39
2026-08-23 23:51:18 - (pid: 1054) - Start trace with args used method: component and score method: degree
calculating degree score:   0%|          | 0/9183 [00:00<?, ?it/s]calculating degree score: 100%|██████████| 9183/9183 [00:00<00:00, 2041139.04it/s]
2026-08-23 23:51:18 - (pid: 1060) - finish tracing poi 8293 in time window 53
2026-08-23 23:51:18 - (pid: 1060) - start tracing poi 8188 in time window 53
2026-08-23 23:51:18 - (pid: 1060) - Start trace with args used method: component and score method: degree
calculating degree score:   0%|          | 0/12862 [00:00<?, ?it/s]calculating degree score: 100%|██████████| 12862/12862 [00:00<00:00, 1592864.59it/s]
2026-08-23 23:51:18 - (pid: 1056) - finish tracing poi 8188 in time window 44
2026-08-23 23:51:18 - (pid: 1056) - start tracing poi 8202 in time window 44
2026-08-23 23:51:18 - (pid: 1056) - Start trace with args used method: component and score method: degree
calculating degree score:   0%|          | 0/8685 [00:00<?, ?it/s]calculating degree score: 100%|██████████| 8685/8685 [00:00<00:00, 1709410.15it/s]
2026-08-23 23:51:19 - (pid: 1057) - finish tracing poi 8182 in time window 46
2026-08-23 23:51:19 - (pid: 1057) - start tracing poi 8210 in time window 46
2026-08-23 23:51:19 - (pid: 1057) - Start trace with args used method: component and score method: degree
calculating degree score:   0%|          | 0/7973 [00:00<?, ?it/s]calculating degree score: 100%|██████████| 7973/7973 [00:00<00:00, 1957685.62it/s]
2026-08-23 23:51:19 - (pid: 1054) - finish tracing poi 8210 in time window 39
2026-08-23 23:51:19 - (pid: 1054) - start tracing poi 8293 in time window 39
2026-08-23 23:51:19 - (pid: 1054) - Start trace with args used method: component and score method: degree
calculating degree score:   0%|          | 0/9183 [00:00<?, ?it/s]calculating degree score: 100%|██████████| 9183/9183 [00:00<00:00, 1612775.05it/s]
2026-08-23 23:51:19 - (pid: 1056) - finish tracing poi 8202 in time window 44
2026-08-23 23:51:19 - (pid: 1056) - start tracing poi 8210 in time window 45
2026-08-23 23:51:19 - (pid: 1056) - Start trace with args used method: component and score method: degree
calculating degree score:   0%|          | 0/7568 [00:00<?, ?it/s]calculating degree score: 100%|██████████| 7568/7568 [00:00<00:00, 1204602.96it/s]
2026-08-23 23:51:19 - (pid: 1057) - finish tracing poi 8210 in time window 46
2026-08-23 23:51:19 - (pid: 1057) - start tracing poi 8293 in time window 46
2026-08-23 23:51:19 - (pid: 1057) - Start trace with args used method: component and score method: degree
calculating degree score:   0%|          | 0/7973 [00:00<?, ?it/s]calculating degree score: 100%|██████████| 7973/7973 [00:00<00:00, 922744.57it/s]
2026-08-23 23:51:20 - (pid: 1056) - finish tracing poi 8210 in time window 45
2026-08-23 23:51:20 - (pid: 1056) - start tracing poi 8182 in time window 45
2026-08-23 23:51:20 - (pid: 1056) - Start trace with args used method: component and score method: degree
calculating degree score:   0%|          | 0/7568 [00:00<?, ?it/s]calculating degree score: 100%|██████████| 7568/7568 [00:00<00:00, 1813960.38it/s]
2026-08-23 23:51:20 - (pid: 1054) - finish tracing poi 8293 in time window 39
2026-08-23 23:51:20 - (pid: 1054) - start tracing poi 8188 in time window 39
2026-08-23 23:51:20 - (pid: 1054) - Start trace with args used method: component and score method: degree
calculating degree score:   0%|          | 0/9183 [00:00<?, ?it/s]calculating degree score: 100%|██████████| 9183/9183 [00:00<00:00, 1265360.02it/s]
2026-08-23 23:51:20 - (pid: 1057) - finish tracing poi 8293 in time window 46
2026-08-23 23:51:20 - (pid: 1057) - start tracing poi 8188 in time window 46
2026-08-23 23:51:20 - (pid: 1057) - Start trace with args used method: component and score method: degree
calculating degree score:   0%|          | 0/7973 [00:00<?, ?it/s]calculating degree score: 100%|██████████| 7973/7973 [00:00<00:00, 1802467.84it/s]
2026-08-23 23:51:21 - (pid: 1054) - finish tracing poi 8188 in time window 39
POI 8188-0 is an entry node, skip backward tracing.
2026-08-23 23:51:21 - (pid: 1054) - start tracing poi 8182 in time window 40
2026-08-23 23:51:21 - (pid: 1054) - Start trace with args used method: component and score method: degree
calculating degree score:   0%|          | 0/10589 [00:00<?, ?it/s]calculating degree score: 100%|██████████| 10589/10589 [00:00<00:00, 1784820.97it/s]
2026-08-23 23:51:21 - (pid: 1057) - finish tracing poi 8188 in time window 46
2026-08-23 23:51:21 - (pid: 1057) - start tracing poi 8182 in time window 47
2026-08-23 23:51:21 - (pid: 1057) - Start trace with args used method: component and score method: degree
calculating degree score:   0%|          | 0/7736 [00:00<?, ?it/s]calculating degree score: 100%|██████████| 7736/7736 [00:00<00:00, 1985262.83it/s]
2026-08-23 23:51:22 - (pid: 1060) - finish tracing poi 8188 in time window 53
2026-08-23 23:51:22 - (pid: 1060) - start tracing poi 8210 in time window 54
2026-08-23 23:51:22 - (pid: 1060) - Start trace with args used method: component and score method: degree
calculating degree score:   0%|          | 0/26171 [00:00<?, ?it/s]calculating degree score: 100%|██████████| 26171/26171 [00:00<00:00, 1541636.31it/s]
2026-08-23 23:51:24 - (pid: 1060) - finish tracing poi 8210 in time window 54
2026-08-23 23:51:24 - (pid: 1060) - start tracing poi 8182 in time window 54
2026-08-23 23:51:24 - (pid: 1060) - Start trace with args used method: component and score method: degree
calculating degree score:   0%|          | 0/26171 [00:00<?, ?it/s]calculating degree score: 100%|██████████| 26171/26171 [00:00<00:00, 928083.96it/s]
2026-08-23 23:51:24 - (pid: 1059) - finish tracing poi 8202 in time window 51
2026-08-23 23:51:24 - (pid: 1059) - start tracing poi 8210 in time window 52
2026-08-23 23:51:24 - (pid: 1059) - Start trace with args used method: component and score method: degree
calculating degree score:   0%|          | 0/8934 [00:00<?, ?it/s]calculating degree score: 100%|██████████| 8934/8934 [00:00<00:00, 1076067.88it/s]
2026-08-23 23:51:25 - (pid: 1059) - finish tracing poi 8210 in time window 52
2026-08-23 23:51:25 - (pid: 1059) - start tracing poi 8182 in time window 52
2026-08-23 23:51:25 - (pid: 1059) - Start trace with args used method: component and score method: degree
calculating degree score:   0%|          | 0/8934 [00:00<?, ?it/s]calculating degree score: 100%|██████████| 8934/8934 [00:00<00:00, 5088526.88it/s]
2026-08-23 23:51:28 - (pid: 1057) - finish tracing poi 8182 in time window 47
2026-08-23 23:51:28 - (pid: 1057) - start tracing poi 8293 in time window 47
2026-08-23 23:51:28 - (pid: 1057) - Start trace with args used method: component and score method: degree
calculating degree score:   0%|          | 0/7736 [00:00<?, ?it/s]calculating degree score: 100%|██████████| 7736/7736 [00:00<00:00, 1180067.49it/s]
2026-08-23 23:51:28 - (pid: 1054) - finish tracing poi 8182 in time window 40
2026-08-23 23:51:28 - (pid: 1054) - start tracing poi 8293 in time window 40
2026-08-23 23:51:28 - (pid: 1054) - Start trace with args used method: component and score method: degree
calculating degree score:   0%|          | 0/10589 [00:00<?, ?it/s]calculating degree score: 100%|██████████| 10589/10589 [00:00<00:00, 1883843.11it/s]
2026-08-23 23:51:29 - (pid: 1057) - finish tracing poi 8293 in time window 47
2026-08-23 23:51:29 - (pid: 1057) - start tracing poi 8210 in time window 47
2026-08-23 23:51:29 - (pid: 1057) - Start trace with args used method: component and score method: degree
calculating degree score:   0%|          | 0/7736 [00:00<?, ?it/s]calculating degree score: 100%|██████████| 7736/7736 [00:00<00:00, 1722429.97it/s]
2026-08-23 23:51:29 - (pid: 1057) - finish tracing poi 8210 in time window 47
2026-08-23 23:51:30 - (pid: 1057) - start tracing poi 8188 in time window 47
2026-08-23 23:51:30 - (pid: 1057) - Start trace with args used method: component and score method: degree
2026-08-23 23:51:30 - (pid: 1056) - finish tracing poi 8182 in time window 45
calculating degree score:   0%|          | 0/7736 [00:00<?, ?it/s]calculating degree score: 100%|██████████| 7736/7736 [00:00<00:00, 980039.14it/s]
2026-08-23 23:51:30 - (pid: 1056) - start tracing poi 8293 in time window 45
2026-08-23 23:51:30 - (pid: 1056) - Start trace with args used method: component and score method: degree
calculating degree score:   0%|          | 0/7568 [00:00<?, ?it/s]calculating degree score: 100%|██████████| 7568/7568 [00:00<00:00, 1783987.67it/s]
2026-08-23 23:51:30 - (pid: 1056) - finish tracing poi 8293 in time window 45
2026-08-23 23:51:30 - (pid: 1054) - finish tracing poi 8293 in time window 40
2026-08-23 23:51:30 - (pid: 1056) - start tracing poi 8188 in time window 45
2026-08-23 23:51:30 - (pid: 1056) - Start trace with args used method: component and score method: degree
calculating degree score:   0%|          | 0/7568 [00:00<?, ?it/s]calculating degree score: 100%|██████████| 7568/7568 [00:00<00:00, 1803653.20it/s]
2026-08-23 23:51:30 - (pid: 1057) - finish tracing poi 8188 in time window 47
2026-08-23 23:51:30 - (pid: 1054) - start tracing poi 8210 in time window 40
2026-08-23 23:51:30 - (pid: 1054) - Start trace with args used method: component and score method: degree
calculating degree score:   0%|          | 0/10589 [00:00<?, ?it/s]calculating degree score: 100%|██████████| 10589/10589 [00:00<00:00, 5625520.59it/s]
2026-08-23 23:51:30 - (pid: 1057) - start tracing poi 8182 in time window 48
2026-08-23 23:51:30 - (pid: 1057) - Start trace with args used method: component and score method: degree
calculating degree score:   0%|          | 0/7767 [00:00<?, ?it/s]calculating degree score: 100%|██████████| 7767/7767 [00:00<00:00, 3863056.94it/s]
2026-08-23 23:51:31 - (pid: 1054) - finish tracing poi 8210 in time window 40
2026-08-23 23:51:31 - (pid: 1056) - finish tracing poi 8188 in time window 45
2026-08-23 23:51:31 - Finish worker 3 with pid 1056
2026-08-23 23:51:31 - (pid: 1054) - start tracing poi 8188 in time window 40
2026-08-23 23:51:31 - (pid: 1054) - Start trace with args used method: component and score method: degree
calculating degree score:   0%|          | 0/10589 [00:00<?, ?it/s]calculating degree score: 100%|██████████| 10589/10589 [00:00<00:00, 1594052.30it/s]
2026-08-23 23:51:32 - (pid: 1054) - finish tracing poi 8188 in time window 40
2026-08-23 23:51:32 - (pid: 1058) - finish tracing poi 8182 in time window 50
2026-08-23 23:51:32 - (pid: 1054) - start tracing poi 8202 in time window 40
2026-08-23 23:51:32 - (pid: 1054) - Start trace with args used method: component and score method: degree
calculating degree score:   0%|          | 0/10589 [00:00<?, ?it/s]calculating degree score: 100%|██████████| 10589/10589 [00:00<00:00, 1873512.40it/s]
2026-08-23 23:51:32 - (pid: 1058) - start tracing poi 8210 in time window 50
2026-08-23 23:51:32 - (pid: 1058) - Start trace with args used method: component and score method: degree
calculating degree score:   0%|          | 0/8218 [00:00<?, ?it/s]calculating degree score: 100%|██████████| 8218/8218 [00:00<00:00, 910571.94it/s]
2026-08-23 23:51:32 - (pid: 1055) - finish tracing poi 8182 in time window 42
2026-08-23 23:51:32 - (pid: 1055) - start tracing poi 8210 in time window 42
2026-08-23 23:51:32 - (pid: 1055) - Start trace with args used method: component and score method: degree
calculating degree score:   0%|          | 0/8852 [00:00<?, ?it/s]calculating degree score: 100%|██████████| 8852/8852 [00:00<00:00, 1694954.53it/s]
2026-08-23 23:51:33 - (pid: 1054) - finish tracing poi 8202 in time window 40
2026-08-23 23:51:33 - Finish worker 1 with pid 1054
2026-08-23 23:51:33 - (pid: 1058) - finish tracing poi 8210 in time window 50
2026-08-23 23:51:33 - (pid: 1058) - start tracing poi 8293 in time window 50
2026-08-23 23:51:33 - (pid: 1058) - Start trace with args used method: component and score method: degree
calculating degree score:   0%|          | 0/8218 [00:00<?, ?it/s]calculating degree score: 100%|██████████| 8218/8218 [00:00<00:00, 1724992.01it/s]
2026-08-23 23:51:33 - (pid: 1055) - finish tracing poi 8210 in time window 42
2026-08-23 23:51:33 - (pid: 1055) - start tracing poi 8293 in time window 42
2026-08-23 23:51:33 - (pid: 1055) - Start trace with args used method: component and score method: degree
calculating degree score:   0%|          | 0/8852 [00:00<?, ?it/s]calculating degree score: 100%|██████████| 8852/8852 [00:00<00:00, 1639204.37it/s]
2026-08-23 23:51:34 - (pid: 1058) - finish tracing poi 8293 in time window 50
2026-08-23 23:51:34 - (pid: 1058) - start tracing poi 8188 in time window 50
2026-08-23 23:51:34 - (pid: 1058) - Start trace with args used method: component and score method: degree
calculating degree score:   0%|          | 0/8218 [00:00<?, ?it/s]calculating degree score: 100%|██████████| 8218/8218 [00:00<00:00, 1361487.94it/s]
2026-08-23 23:51:34 - (pid: 1055) - finish tracing poi 8293 in time window 42
2026-08-23 23:51:34 - (pid: 1055) - start tracing poi 8202 in time window 42
2026-08-23 23:51:34 - (pid: 1055) - Start trace with args used method: component and score method: degree
calculating degree score:   0%|          | 0/8852 [00:00<?, ?it/s]calculating degree score: 100%|██████████| 8852/8852 [00:00<00:00, 5470455.14it/s]
2026-08-23 23:51:34 - (pid: 1058) - finish tracing poi 8188 in time window 50
2026-08-23 23:51:34 - (pid: 1058) - start tracing poi 8182 in time window 51
2026-08-23 23:51:34 - (pid: 1058) - Start trace with args used method: component and score method: degree
calculating degree score:   0%|          | 0/7660 [00:00<?, ?it/s]calculating degree score: 100%|██████████| 7660/7660 [00:00<00:00, 5632603.20it/s]
POI 8202-0 is an exit node, skip forward tracing.
2026-08-23 23:51:35 - (pid: 1055) - finish tracing poi 8202 in time window 42
2026-08-23 23:51:35 - (pid: 1055) - start tracing poi 8188 in time window 42
2026-08-23 23:51:35 - (pid: 1055) - Start trace with args used method: component and score method: degree
calculating degree score:   0%|          | 0/8852 [00:00<?, ?it/s]calculating degree score: 100%|██████████| 8852/8852 [00:00<00:00, 1844043.86it/s]
2026-08-23 23:51:35 - (pid: 1059) - finish tracing poi 8182 in time window 52
2026-08-23 23:51:35 - (pid: 1059) - start tracing poi 8188 in time window 52
2026-08-23 23:51:35 - (pid: 1059) - Start trace with args used method: component and score method: degree
calculating degree score:   0%|          | 0/8934 [00:00<?, ?it/s]calculating degree score: 100%|██████████| 8934/8934 [00:00<00:00, 4633598.61it/s]
2026-08-23 23:51:35 - (pid: 1055) - finish tracing poi 8188 in time window 42
2026-08-23 23:51:35 - (pid: 1055) - start tracing poi 8182 in time window 43
2026-08-23 23:51:35 - (pid: 1055) - Start trace with args used method: component and score method: degree
calculating degree score:   0%|          | 0/8300 [00:00<?, ?it/s]calculating degree score: 100%|██████████| 8300/8300 [00:00<00:00, 1713224.57it/s]
2026-08-23 23:51:35 - (pid: 1059) - finish tracing poi 8188 in time window 52
2026-08-23 23:51:35 - (pid: 1059) - start tracing poi 8293 in time window 52
2026-08-23 23:51:35 - (pid: 1059) - Start trace with args used method: component and score method: degree
calculating degree score:   0%|          | 0/8934 [00:00<?, ?it/s]calculating degree score: 100%|██████████| 8934/8934 [00:00<00:00, 1633688.45it/s]
2026-08-23 23:51:36 - (pid: 1059) - finish tracing poi 8293 in time window 52
2026-08-23 23:51:36 - (pid: 1059) - start tracing poi 8202 in time window 52
2026-08-23 23:51:36 - (pid: 1059) - Start trace with args used method: component and score method: degree
calculating degree score:   0%|          | 0/8934 [00:00<?, ?it/s]calculating degree score: 100%|██████████| 8934/8934 [00:00<00:00, 1733767.27it/s]
2026-08-23 23:51:36 - (pid: 1059) - finish tracing poi 8202 in time window 52
2026-08-23 23:51:37 - (pid: 1059) - start tracing poi 8182 in time window 53
2026-08-23 23:51:37 - (pid: 1059) - Start trace with args used method: component and score method: degree
calculating degree score:   0%|          | 0/12862 [00:00<?, ?it/s]calculating degree score: 100%|██████████| 12862/12862 [00:00<00:00, 1648700.77it/s]
2026-08-23 23:51:37 - (pid: 1057) - finish tracing poi 8182 in time window 48
2026-08-23 23:51:37 - (pid: 1057) - start tracing poi 8210 in time window 48
2026-08-23 23:51:37 - (pid: 1057) - Start trace with args used method: component and score method: degree
calculating degree score:   0%|          | 0/7767 [00:00<?, ?it/s]calculating degree score: 100%|██████████| 7767/7767 [00:00<00:00, 1789069.10it/s]
2026-08-23 23:51:38 - (pid: 1057) - finish tracing poi 8210 in time window 48
2026-08-23 23:51:38 - (pid: 1057) - start tracing poi 8293 in time window 48
2026-08-23 23:51:38 - (pid: 1057) - Start trace with args used method: component and score method: degree
calculating degree score:   0%|          | 0/7767 [00:00<?, ?it/s]calculating degree score: 100%|██████████| 7767/7767 [00:00<00:00, 1762070.49it/s]
2026-08-23 23:51:38 - (pid: 1057) - finish tracing poi 8293 in time window 48
2026-08-23 23:51:38 - Finish worker 4 with pid 1057
2026-08-23 23:51:41 - (pid: 1058) - finish tracing poi 8182 in time window 51
2026-08-23 23:51:41 - Finish worker 5 with pid 1058
2026-08-23 23:51:44 - (pid: 1055) - finish tracing poi 8182 in time window 43
2026-08-23 23:51:44 - (pid: 1055) - start tracing poi 8210 in time window 43
2026-08-23 23:51:44 - (pid: 1055) - Start trace with args used method: component and score method: degree
calculating degree score:   0%|          | 0/8300 [00:00<?, ?it/s]calculating degree score: 100%|██████████| 8300/8300 [00:00<00:00, 1736208.83it/s]
2026-08-23 23:51:46 - (pid: 1053) - finish tracing poi 8188 in time window 36
2026-08-23 23:51:47 - (pid: 1053) - start tracing poi 2561 in time window 36
2026-08-23 23:51:47 - (pid: 1053) - Start trace with args used method: component and score method: degree
calculating degree score:   0%|          | 0/21045 [00:00<?, ?it/s]calculating degree score: 100%|██████████| 21045/21045 [00:00<00:00, 1718066.99it/s]
2026-08-23 23:51:47 - (pid: 1055) - finish tracing poi 8210 in time window 43
2026-08-23 23:51:47 - Finish worker 2 with pid 1055
POI 2561-0 is an entry node, skip backward tracing.
2026-08-23 23:51:53 - (pid: 1053) - finish tracing poi 2561 in time window 36
2026-08-23 23:51:53 - (pid: 1053) - start tracing poi 8182 in time window 36
2026-08-23 23:51:53 - (pid: 1053) - Start trace with args used method: component and score method: degree
calculating degree score:   0%|          | 0/21045 [00:00<?, ?it/s]calculating degree score: 100%|██████████| 21045/21045 [00:00<00:00, 1708655.20it/s]
2026-08-23 23:52:32 - (pid: 1059) - finish tracing poi 8182 in time window 53
2026-08-23 23:52:32 - (pid: 1059) - start tracing poi 8210 in time window 53
2026-08-23 23:52:32 - (pid: 1059) - Start trace with args used method: component and score method: degree
calculating degree score:   0%|          | 0/12862 [00:00<?, ?it/s]calculating degree score: 100%|██████████| 12862/12862 [00:00<00:00, 1595408.35it/s]
2026-08-23 23:52:39 - (pid: 1059) - finish tracing poi 8210 in time window 53
2026-08-23 23:52:39 - Finish worker 6 with pid 1059
2026-08-23 23:53:08 - (pid: 1053) - finish tracing poi 8182 in time window 36
2026-08-23 23:53:08 - (pid: 1053) - start tracing poi 8202 in time window 36
2026-08-23 23:53:08 - (pid: 1053) - Start trace with args used method: component and score method: degree
calculating degree score:   0%|          | 0/21045 [00:00<?, ?it/s]calculating degree score: 100%|██████████| 21045/21045 [00:00<00:00, 1703774.08it/s]
2026-08-23 23:53:44 - (pid: 1053) - finish tracing poi 8202 in time window 36
2026-08-23 23:53:44 - (pid: 1053) - start tracing poi 8210 in time window 36
2026-08-23 23:53:44 - (pid: 1053) - Start trace with args used method: component and score method: degree
calculating degree score:   0%|          | 0/21045 [00:00<?, ?it/s]calculating degree score: 100%|██████████| 21045/21045 [00:00<00:00, 1693120.18it/s]
2026-08-23 23:54:05 - (pid: 1060) - finish tracing poi 8182 in time window 54
2026-08-23 23:54:06 - (pid: 1060) - start tracing poi 8293 in time window 54
2026-08-23 23:54:06 - (pid: 1060) - Start trace with args used method: component and score method: degree
calculating degree score:   0%|          | 0/26171 [00:00<?, ?it/s]calculating degree score: 100%|██████████| 26171/26171 [00:00<00:00, 1718741.27it/s]
2026-08-23 23:54:09 - (pid: 1060) - finish tracing poi 8293 in time window 54
2026-08-23 23:54:10 - (pid: 1060) - start tracing poi 8202 in time window 54
2026-08-23 23:54:10 - (pid: 1060) - Start trace with args used method: component and score method: degree
calculating degree score:   0%|          | 0/26171 [00:00<?, ?it/s]calculating degree score: 100%|██████████| 26171/26171 [00:00<00:00, 1741206.34it/s]
2026-08-23 23:54:11 - (pid: 1060) - finish tracing poi 8202 in time window 54
2026-08-23 23:54:12 - (pid: 1060) - start tracing poi 8188 in time window 54
2026-08-23 23:54:12 - (pid: 1060) - Start trace with args used method: component and score method: degree
calculating degree score:   0%|          | 0/26171 [00:00<?, ?it/s]calculating degree score: 100%|██████████| 26171/26171 [00:00<00:00, 1715839.72it/s]
2026-08-23 23:54:14 - (pid: 1060) - finish tracing poi 8188 in time window 54
2026-08-23 23:54:14 - (pid: 1060) - start tracing poi 8182 in time window 55
2026-08-23 23:54:14 - (pid: 1060) - Start trace with args used method: component and score method: degree
calculating degree score:   0%|          | 0/9088 [00:00<?, ?it/s]calculating degree score: 100%|██████████| 9088/9088 [00:00<00:00, 1673964.02it/s]
2026-08-23 23:54:17 - (pid: 1060) - finish tracing poi 8182 in time window 55
2026-08-23 23:54:17 - (pid: 1060) - start tracing poi 9740 in time window 55
2026-08-23 23:54:17 - (pid: 1060) - Start trace with args used method: component and score method: degree
calculating degree score:   0%|          | 0/9088 [00:00<?, ?it/s]calculating degree score: 100%|██████████| 9088/9088 [00:00<00:00, 1747482.45it/s]
2026-08-23 23:54:18 - (pid: 1060) - finish tracing poi 9740 in time window 55
2026-08-23 23:54:18 - (pid: 1060) - start tracing poi 9751 in time window 55
2026-08-23 23:54:18 - (pid: 1060) - Start trace with args used method: component and score method: degree
calculating degree score:   0%|          | 0/9088 [00:00<?, ?it/s]calculating degree score: 100%|██████████| 9088/9088 [00:00<00:00, 1774242.91it/s]
2026-08-23 23:54:18 - (pid: 1060) - finish tracing poi 9751 in time window 55
2026-08-23 23:54:18 - Finish worker 7 with pid 1060
2026-08-23 23:54:20 - (pid: 1053) - finish tracing poi 8210 in time window 36
2026-08-23 23:54:20 - (pid: 1053) - start tracing poi 8293 in time window 36
2026-08-23 23:54:20 - (pid: 1053) - Start trace with args used method: component and score method: degree
calculating degree score:   0%|          | 0/21045 [00:00<?, ?it/s]calculating degree score: 100%|██████████| 21045/21045 [00:00<00:00, 1702131.35it/s]
2026-08-23 23:54:57 - (pid: 1053) - finish tracing poi 8293 in time window 36
2026-08-23 23:54:57 - (pid: 1053) - start tracing poi 8210 in time window 37
2026-08-23 23:54:57 - (pid: 1053) - Start trace with args used method: component and score method: degree
calculating degree score:   0%|          | 0/12634 [00:00<?, ?it/s]calculating degree score: 100%|██████████| 12634/12634 [00:00<00:00, 1702899.82it/s]
2026-08-23 23:54:58 - (pid: 1053) - finish tracing poi 8210 in time window 37
2026-08-23 23:54:58 - (pid: 1053) - start tracing poi 8182 in time window 37
2026-08-23 23:54:58 - (pid: 1053) - Start trace with args used method: component and score method: degree
calculating degree score:   0%|          | 0/12634 [00:00<?, ?it/s]calculating degree score: 100%|██████████| 12634/12634 [00:00<00:00, 1743578.47it/s]
2026-08-23 23:55:12 - (pid: 1053) - finish tracing poi 8182 in time window 37
2026-08-23 23:55:12 - (pid: 1053) - start tracing poi 8293 in time window 37
2026-08-23 23:55:12 - (pid: 1053) - Start trace with args used method: component and score method: degree
calculating degree score:   0%|          | 0/12634 [00:00<?, ?it/s]calculating degree score: 100%|██████████| 12634/12634 [00:00<00:00, 1609000.93it/s]
2026-08-23 23:55:13 - (pid: 1053) - finish tracing poi 8293 in time window 37
2026-08-23 23:55:13 - (pid: 1053) - start tracing poi 8202 in time window 37
2026-08-23 23:55:13 - (pid: 1053) - Start trace with args used method: component and score method: degree
calculating degree score:   0%|          | 0/12634 [00:00<?, ?it/s]calculating degree score: 100%|██████████| 12634/12634 [00:00<00:00, 1691700.83it/s]
2026-08-23 23:55:14 - (pid: 1053) - finish tracing poi 8202 in time window 37
2026-08-23 23:55:14 - (pid: 1053) - start tracing poi 8188 in time window 37
2026-08-23 23:55:14 - (pid: 1053) - Start trace with args used method: component and score method: degree
calculating degree score:   0%|          | 0/12634 [00:00<?, ?it/s]calculating degree score: 100%|██████████| 12634/12634 [00:00<00:00, 1735185.72it/s]
2026-08-23 23:55:15 - (pid: 1053) - finish tracing poi 8188 in time window 37
2026-08-23 23:55:15 - (pid: 1053) - start tracing poi 8182 in time window 38
2026-08-23 23:55:15 - (pid: 1053) - Start trace with args used method: component and score method: degree
calculating degree score:   0%|          | 0/8715 [00:00<?, ?it/s]calculating degree score: 100%|██████████| 8715/8715 [00:00<00:00, 1845570.00it/s]
2026-08-23 23:55:26 - (pid: 1053) - finish tracing poi 8182 in time window 38
2026-08-23 23:55:26 - Finish worker 0 with pid 1053
2026-08-23 23:55:26 - Finish tracing work
2026-08-23 23:55:26 - ========================================
2026-08-23 23:55:26 - Results of each poi tracing
2026-08-23 23:55:26 - ----------------------------------------
2026-08-23 23:55:26 - POI 8188 in time window 36 is a FP POI
2026-08-23 23:55:26 - Tracing poi 8188 in time window 36 leads to:
2026-08-23 23:55:26 - TPS: 2, FPS: 75
2026-08-23 23:55:26 - 43.72 seconds is taken
2026-08-23 23:55:26 - ----------------------------------------
2026-08-23 23:55:26 - ----------------------------------------
2026-08-23 23:55:26 - POI 2561 in time window 36 is a FP POI
2026-08-23 23:55:26 - Tracing poi 2561 in time window 36 leads to:
2026-08-23 23:55:26 - TPS: 2, FPS: 52
2026-08-23 23:55:26 - 6.22 seconds is taken
2026-08-23 23:55:26 - ----------------------------------------
2026-08-23 23:55:26 - ----------------------------------------
2026-08-23 23:55:26 - POI 8182 in time window 36 is a FP POI
2026-08-23 23:55:26 - Tracing poi 8182 in time window 36 leads to:
2026-08-23 23:55:26 - TPS: 2, FPS: 53
2026-08-23 23:55:26 - 74.65 seconds is taken
2026-08-23 23:55:26 - ----------------------------------------
2026-08-23 23:55:26 - ----------------------------------------
2026-08-23 23:55:26 - POI 8202 in time window 36 is a FP POI
2026-08-23 23:55:26 - Tracing poi 8202 in time window 36 leads to:
2026-08-23 23:55:26 - TPS: 0, FPS: 5
2026-08-23 23:55:26 - 35.18 seconds is taken
2026-08-23 23:55:26 - ----------------------------------------
2026-08-23 23:55:26 - ----------------------------------------
2026-08-23 23:55:26 - POI 8210 in time window 36 is a FP POI
2026-08-23 23:55:26 - Tracing poi 8210 in time window 36 leads to:
2026-08-23 23:55:26 - TPS: 0, FPS: 7
2026-08-23 23:55:26 - 35.78 seconds is taken
2026-08-23 23:55:26 - ----------------------------------------
2026-08-23 23:55:26 - ----------------------------------------
2026-08-23 23:55:26 - POI 8293 in time window 36 is a FP POI
2026-08-23 23:55:26 - Tracing poi 8293 in time window 36 leads to:
2026-08-23 23:55:26 - TPS: 0, FPS: 7
2026-08-23 23:55:26 - 37.46 seconds is taken
2026-08-23 23:55:26 - ----------------------------------------
2026-08-23 23:55:26 - ----------------------------------------
2026-08-23 23:55:26 - POI 8210 in time window 37 is a FP POI
2026-08-23 23:55:26 - Tracing poi 8210 in time window 37 leads to:
2026-08-23 23:55:26 - TPS: 2, FPS: 6
2026-08-23 23:55:26 - 0.42 seconds is taken
2026-08-23 23:55:26 - ----------------------------------------
2026-08-23 23:55:26 - ----------------------------------------
2026-08-23 23:55:26 - POI 8182 in time window 37 is a FP POI
2026-08-23 23:55:26 - Tracing poi 8182 in time window 37 leads to:
2026-08-23 23:55:26 - TPS: 4, FPS: 60
2026-08-23 23:55:26 - 14.04 seconds is taken
2026-08-23 23:55:26 - ----------------------------------------
2026-08-23 23:55:26 - ----------------------------------------
2026-08-23 23:55:26 - POI 8293 in time window 37 is a FP POI
2026-08-23 23:55:26 - Tracing poi 8293 in time window 37 leads to:
2026-08-23 23:55:26 - TPS: 2, FPS: 5
2026-08-23 23:55:26 - 0.64 seconds is taken
2026-08-23 23:55:26 - ----------------------------------------
2026-08-23 23:55:26 - ----------------------------------------
2026-08-23 23:55:26 - POI 8202 in time window 37 is a FP POI
2026-08-23 23:55:26 - Tracing poi 8202 in time window 37 leads to:
2026-08-23 23:55:26 - TPS: 2, FPS: 5
2026-08-23 23:55:26 - 0.55 seconds is taken
2026-08-23 23:55:26 - ----------------------------------------
2026-08-23 23:55:26 - ----------------------------------------
2026-08-23 23:55:26 - POI 8188 in time window 37 is a FP POI
2026-08-23 23:55:26 - Tracing poi 8188 in time window 37 leads to:
2026-08-23 23:55:26 - TPS: 1, FPS: 12
2026-08-23 23:55:26 - 1.24 seconds is taken
2026-08-23 23:55:26 - ----------------------------------------
2026-08-23 23:55:26 - ----------------------------------------
2026-08-23 23:55:26 - POI 8182 in time window 38 is a FP POI
2026-08-23 23:55:26 - Tracing poi 8182 in time window 38 leads to:
2026-08-23 23:55:26 - TPS: 2, FPS: 64
2026-08-23 23:55:26 - 10.38 seconds is taken
2026-08-23 23:55:26 - ----------------------------------------
2026-08-23 23:55:26 - ----------------------------------------
2026-08-23 23:55:26 - POI 8210 in time window 38 is a FP POI
2026-08-23 23:55:26 - Tracing poi 8210 in time window 38 leads to:
2026-08-23 23:55:26 - TPS: 0, FPS: 2
2026-08-23 23:55:26 - 0.70 seconds is taken
2026-08-23 23:55:26 - ----------------------------------------
2026-08-23 23:55:26 - ----------------------------------------
2026-08-23 23:55:26 - POI 8293 in time window 38 is a FP POI
2026-08-23 23:55:26 - Tracing poi 8293 in time window 38 leads to:
2026-08-23 23:55:26 - TPS: 0, FPS: 19
2026-08-23 23:55:26 - 0.67 seconds is taken
2026-08-23 23:55:26 - ----------------------------------------
2026-08-23 23:55:26 - ----------------------------------------
2026-08-23 23:55:26 - POI 8188 in time window 38 is a FP POI
2026-08-23 23:55:26 - Tracing poi 8188 in time window 38 leads to:
2026-08-23 23:55:26 - TPS: 1, FPS: 3
2026-08-23 23:55:26 - 0.77 seconds is taken
2026-08-23 23:55:26 - ----------------------------------------
2026-08-23 23:55:26 - ----------------------------------------
2026-08-23 23:55:26 - POI 8182 in time window 39 is a FP POI
2026-08-23 23:55:26 - Tracing poi 8182 in time window 39 leads to:
2026-08-23 23:55:26 - TPS: 2, FPS: 86
2026-08-23 23:55:26 - 13.01 seconds is taken
2026-08-23 23:55:26 - ----------------------------------------
2026-08-23 23:55:26 - ----------------------------------------
2026-08-23 23:55:26 - POI 8210 in time window 39 is a FP POI
2026-08-23 23:55:26 - Tracing poi 8210 in time window 39 leads to:
2026-08-23 23:55:26 - TPS: 0, FPS: 2
2026-08-23 23:55:26 - 0.68 seconds is taken
2026-08-23 23:55:26 - ----------------------------------------
2026-08-23 23:55:26 - ----------------------------------------
2026-08-23 23:55:26 - POI 8293 in time window 39 is a FP POI
2026-08-23 23:55:26 - Tracing poi 8293 in time window 39 leads to:
2026-08-23 23:55:26 - TPS: 0, FPS: 146
2026-08-23 23:55:26 - 0.88 seconds is taken
2026-08-23 23:55:26 - ----------------------------------------
2026-08-23 23:55:26 - ----------------------------------------
2026-08-23 23:55:26 - POI 8188 in time window 39 is a FP POI
2026-08-23 23:55:26 - Tracing poi 8188 in time window 39 leads to:
2026-08-23 23:55:26 - TPS: 1, FPS: 3
2026-08-23 23:55:26 - 0.70 seconds is taken
2026-08-23 23:55:26 - ----------------------------------------
2026-08-23 23:55:26 - ----------------------------------------
2026-08-23 23:55:26 - POI 8182 in time window 40 is a FP POI
2026-08-23 23:55:26 - Tracing poi 8182 in time window 40 leads to:
2026-08-23 23:55:26 - TPS: 2, FPS: 8
2026-08-23 23:55:26 - 7.31 seconds is taken
2026-08-23 23:55:26 - ----------------------------------------
2026-08-23 23:55:26 - ----------------------------------------
2026-08-23 23:55:26 - POI 8293 in time window 40 is a FP POI
2026-08-23 23:55:26 - Tracing poi 8293 in time window 40 leads to:
2026-08-23 23:55:26 - TPS: 1, FPS: 3
2026-08-23 23:55:26 - 1.90 seconds is taken
2026-08-23 23:55:26 - ----------------------------------------
2026-08-23 23:55:26 - ----------------------------------------
2026-08-23 23:55:26 - POI 8210 in time window 40 is a FP POI
2026-08-23 23:55:26 - Tracing poi 8210 in time window 40 leads to:
2026-08-23 23:55:26 - TPS: 1, FPS: 3
2026-08-23 23:55:26 - 0.60 seconds is taken
2026-08-23 23:55:26 - ----------------------------------------
2026-08-23 23:55:26 - ----------------------------------------
2026-08-23 23:55:26 - POI 8188 in time window 40 is a FP POI
2026-08-23 23:55:26 - Tracing poi 8188 in time window 40 leads to:
2026-08-23 23:55:26 - TPS: 1, FPS: 5
2026-08-23 23:55:26 - 0.87 seconds is taken
2026-08-23 23:55:26 - ----------------------------------------
2026-08-23 23:55:26 - ----------------------------------------
2026-08-23 23:55:26 - POI 8202 in time window 40 is a FP POI
2026-08-23 23:55:26 - Tracing poi 8202 in time window 40 leads to:
2026-08-23 23:55:26 - TPS: 1, FPS: 3
2026-08-23 23:55:26 - 0.64 seconds is taken
2026-08-23 23:55:26 - ----------------------------------------
2026-08-23 23:55:26 - ----------------------------------------
2026-08-23 23:55:26 - POI 8182 in time window 41 is a FP POI
2026-08-23 23:55:26 - Tracing poi 8182 in time window 41 leads to:
2026-08-23 23:55:26 - TPS: 3, FPS: 5
2026-08-23 23:55:26 - 10.54 seconds is taken
2026-08-23 23:55:26 - ----------------------------------------
2026-08-23 23:55:26 - ----------------------------------------
2026-08-23 23:55:26 - POI 8210 in time window 41 is a FP POI
2026-08-23 23:55:26 - Tracing poi 8210 in time window 41 leads to:
2026-08-23 23:55:26 - TPS: 2, FPS: 5
2026-08-23 23:55:26 - 0.59 seconds is taken
2026-08-23 23:55:26 - ----------------------------------------
2026-08-23 23:55:26 - ----------------------------------------
2026-08-23 23:55:26 - POI 8293 in time window 41 is a FP POI
2026-08-23 23:55:26 - Tracing poi 8293 in time window 41 leads to:
2026-08-23 23:55:26 - TPS: 2, FPS: 4
2026-08-23 23:55:26 - 0.53 seconds is taken
2026-08-23 23:55:26 - ----------------------------------------
2026-08-23 23:55:26 - ----------------------------------------
2026-08-23 23:55:26 - POI 8188 in time window 41 is a FP POI
2026-08-23 23:55:26 - Tracing poi 8188 in time window 41 leads to:
2026-08-23 23:55:26 - TPS: 3, FPS: 10
2026-08-23 23:55:26 - 0.70 seconds is taken
2026-08-23 23:55:26 - ----------------------------------------
2026-08-23 23:55:26 - ----------------------------------------
2026-08-23 23:55:26 - POI 8202 in time window 41 is a FP POI
2026-08-23 23:55:26 - Tracing poi 8202 in time window 41 leads to:
2026-08-23 23:55:26 - TPS: 2, FPS: 4
2026-08-23 23:55:26 - 0.53 seconds is taken
2026-08-23 23:55:26 - ----------------------------------------
2026-08-23 23:55:26 - ----------------------------------------
2026-08-23 23:55:26 - POI 8182 in time window 42 is a FP POI
2026-08-23 23:55:26 - Tracing poi 8182 in time window 42 leads to:
2026-08-23 23:55:26 - TPS: 2, FPS: 6
2026-08-23 23:55:26 - 16.43 seconds is taken
2026-08-23 23:55:26 - ----------------------------------------
2026-08-23 23:55:26 - ----------------------------------------
2026-08-23 23:55:26 - POI 8210 in time window 42 is a FP POI
2026-08-23 23:55:26 - Tracing poi 8210 in time window 42 leads to:
2026-08-23 23:55:26 - TPS: 1, FPS: 2
2026-08-23 23:55:26 - 0.68 seconds is taken
2026-08-23 23:55:26 - ----------------------------------------
2026-08-23 23:55:26 - ----------------------------------------
2026-08-23 23:55:26 - POI 8293 in time window 42 is a FP POI
2026-08-23 23:55:26 - Tracing poi 8293 in time window 42 leads to:
2026-08-23 23:55:26 - TPS: 0, FPS: 32
2026-08-23 23:55:26 - 0.68 seconds is taken
2026-08-23 23:55:26 - ----------------------------------------
2026-08-23 23:55:26 - ----------------------------------------
2026-08-23 23:55:26 - POI 8202 in time window 42 is a FP POI
2026-08-23 23:55:26 - Tracing poi 8202 in time window 42 leads to:
2026-08-23 23:55:26 - TPS: 1, FPS: 2
2026-08-23 23:55:26 - 0.44 seconds is taken
2026-08-23 23:55:26 - ----------------------------------------
2026-08-23 23:55:26 - ----------------------------------------
2026-08-23 23:55:26 - POI 8188 in time window 42 is a FP POI
2026-08-23 23:55:26 - Tracing poi 8188 in time window 42 leads to:
2026-08-23 23:55:26 - TPS: 1, FPS: 3
2026-08-23 23:55:26 - 0.62 seconds is taken
2026-08-23 23:55:26 - ----------------------------------------
2026-08-23 23:55:26 - ----------------------------------------
2026-08-23 23:55:26 - POI 8182 in time window 43 is a FP POI
2026-08-23 23:55:26 - Tracing poi 8182 in time window 43 leads to:
2026-08-23 23:55:26 - TPS: 2, FPS: 8
2026-08-23 23:55:26 - 9.08 seconds is taken
2026-08-23 23:55:26 - ----------------------------------------
2026-08-23 23:55:26 - ----------------------------------------
2026-08-23 23:55:26 - POI 8210 in time window 43 is a FP POI
2026-08-23 23:55:26 - Tracing poi 8210 in time window 43 leads to:
2026-08-23 23:55:26 - TPS: 0, FPS: 2
2026-08-23 23:55:26 - 2.51 seconds is taken
2026-08-23 23:55:26 - ----------------------------------------
2026-08-23 23:55:26 - ----------------------------------------
2026-08-23 23:55:26 - POI 8293 in time window 43 is a FP POI
2026-08-23 23:55:26 - Tracing poi 8293 in time window 43 leads to:
2026-08-23 23:55:26 - TPS: 0, FPS: 2
2026-08-23 23:55:26 - 2.78 seconds is taken
2026-08-23 23:55:26 - ----------------------------------------
2026-08-23 23:55:26 - ----------------------------------------
2026-08-23 23:55:26 - POI 8188 in time window 43 is a FP POI
2026-08-23 23:55:26 - Tracing poi 8188 in time window 43 leads to:
2026-08-23 23:55:26 - TPS: 1, FPS: 4
2026-08-23 23:55:26 - 0.63 seconds is taken
2026-08-23 23:55:26 - ----------------------------------------
2026-08-23 23:55:26 - ----------------------------------------
2026-08-23 23:55:26 - POI 8202 in time window 43 is a FP POI
2026-08-23 23:55:26 - Tracing poi 8202 in time window 43 leads to:
2026-08-23 23:55:26 - TPS: 0, FPS: 2
2026-08-23 23:55:26 - 2.58 seconds is taken
2026-08-23 23:55:26 - ----------------------------------------
2026-08-23 23:55:26 - ----------------------------------------
2026-08-23 23:55:26 - POI 8210 in time window 44 is a FP POI
2026-08-23 23:55:26 - Tracing poi 8210 in time window 44 leads to:
2026-08-23 23:55:26 - TPS: 1, FPS: 19
2026-08-23 23:55:26 - 0.43 seconds is taken
2026-08-23 23:55:26 - ----------------------------------------
2026-08-23 23:55:26 - ----------------------------------------
2026-08-23 23:55:26 - POI 8293 in time window 44 is a FP POI
2026-08-23 23:55:26 - Tracing poi 8293 in time window 44 leads to:
2026-08-23 23:55:26 - TPS: 0, FPS: 2
2026-08-23 23:55:26 - 0.59 seconds is taken
2026-08-23 23:55:26 - ----------------------------------------
2026-08-23 23:55:26 - ----------------------------------------
2026-08-23 23:55:26 - POI 8182 in time window 44 is a FP POI
2026-08-23 23:55:26 - Tracing poi 8182 in time window 44 leads to:
2026-08-23 23:55:26 - TPS: 1, FPS: 2195
2026-08-23 23:55:26 - 7.27 seconds is taken
2026-08-23 23:55:26 - ----------------------------------------
2026-08-23 23:55:26 - ----------------------------------------
2026-08-23 23:55:26 - POI 8188 in time window 44 is a FP POI
2026-08-23 23:55:26 - Tracing poi 8188 in time window 44 leads to:
2026-08-23 23:55:26 - TPS: 2, FPS: 23
2026-08-23 23:55:26 - 0.56 seconds is taken
2026-08-23 23:55:26 - ----------------------------------------
2026-08-23 23:55:26 - ----------------------------------------
2026-08-23 23:55:26 - POI 8202 in time window 44 is a FP POI
2026-08-23 23:55:26 - Tracing poi 8202 in time window 44 leads to:
2026-08-23 23:55:26 - TPS: 0, FPS: 2
2026-08-23 23:55:26 - 0.61 seconds is taken
2026-08-23 23:55:26 - ----------------------------------------
2026-08-23 23:55:26 - ----------------------------------------
2026-08-23 23:55:26 - POI 8210 in time window 45 is a FP POI
2026-08-23 23:55:26 - Tracing poi 8210 in time window 45 leads to:
2026-08-23 23:55:26 - TPS: 0, FPS: 5
2026-08-23 23:55:26 - 0.51 seconds is taken
2026-08-23 23:55:26 - ----------------------------------------
2026-08-23 23:55:26 - ----------------------------------------
2026-08-23 23:55:26 - POI 8182 in time window 45 is a FP POI
2026-08-23 23:55:26 - Tracing poi 8182 in time window 45 leads to:
2026-08-23 23:55:26 - TPS: 2, FPS: 21
2026-08-23 23:55:26 - 9.85 seconds is taken
2026-08-23 23:55:26 - ----------------------------------------
2026-08-23 23:55:26 - ----------------------------------------
2026-08-23 23:55:26 - POI 8293 in time window 45 is a FP POI
2026-08-23 23:55:26 - Tracing poi 8293 in time window 45 leads to:
2026-08-23 23:55:26 - TPS: 0, FPS: 4
2026-08-23 23:55:26 - 0.46 seconds is taken
2026-08-23 23:55:26 - ----------------------------------------
2026-08-23 23:55:26 - ----------------------------------------
2026-08-23 23:55:26 - POI 8188 in time window 45 is a FP POI
2026-08-23 23:55:26 - Tracing poi 8188 in time window 45 leads to:
2026-08-23 23:55:26 - TPS: 2, FPS: 7
2026-08-23 23:55:26 - 0.65 seconds is taken
2026-08-23 23:55:26 - ----------------------------------------
2026-08-23 23:55:26 - ----------------------------------------
2026-08-23 23:55:26 - POI 8202 in time window 45 is a FP POI
2026-08-23 23:55:26 - Tracing poi 8202 in time window 45 leads to:
2026-08-23 23:55:26 - TPS: 0, FPS: 4
2026-08-23 23:55:26 - 0.52 seconds is taken
2026-08-23 23:55:26 - ----------------------------------------
2026-08-23 23:55:26 - ----------------------------------------
2026-08-23 23:55:26 - POI 8182 in time window 46 is a FP POI
2026-08-23 23:55:26 - Tracing poi 8182 in time window 46 leads to:
2026-08-23 23:55:26 - TPS: 0, FPS: 2199
2026-08-23 23:55:26 - 15.24 seconds is taken
2026-08-23 23:55:26 - ----------------------------------------
2026-08-23 23:55:26 - ----------------------------------------
2026-08-23 23:55:26 - POI 8210 in time window 46 is a FP POI
2026-08-23 23:55:26 - Tracing poi 8210 in time window 46 leads to:
2026-08-23 23:55:26 - TPS: 0, FPS: 2
2026-08-23 23:55:26 - 0.66 seconds is taken
2026-08-23 23:55:26 - ----------------------------------------
2026-08-23 23:55:26 - ----------------------------------------
2026-08-23 23:55:26 - POI 8293 in time window 46 is a FP POI
2026-08-23 23:55:26 - Tracing poi 8293 in time window 46 leads to:
2026-08-23 23:55:26 - TPS: 0, FPS: 25
2026-08-23 23:55:26 - 0.65 seconds is taken
2026-08-23 23:55:26 - ----------------------------------------
2026-08-23 23:55:26 - ----------------------------------------
2026-08-23 23:55:26 - POI 8188 in time window 46 is a FP POI
2026-08-23 23:55:26 - Tracing poi 8188 in time window 46 leads to:
2026-08-23 23:55:26 - TPS: 0, FPS: 2
2026-08-23 23:55:26 - 0.56 seconds is taken
2026-08-23 23:55:26 - ----------------------------------------
2026-08-23 23:55:26 - ----------------------------------------
2026-08-23 23:55:26 - POI 8182 in time window 47 is a FP POI
2026-08-23 23:55:26 - Tracing poi 8182 in time window 47 leads to:
2026-08-23 23:55:26 - TPS: 1, FPS: 2168
2026-08-23 23:55:26 - 6.94 seconds is taken
2026-08-23 23:55:26 - ----------------------------------------
2026-08-23 23:55:26 - ----------------------------------------
2026-08-23 23:55:26 - POI 8293 in time window 47 is a FP POI
2026-08-23 23:55:26 - Tracing poi 8293 in time window 47 leads to:
2026-08-23 23:55:26 - TPS: 0, FPS: 27
2026-08-23 23:55:26 - 0.67 seconds is taken
2026-08-23 23:55:26 - ----------------------------------------
2026-08-23 23:55:26 - ----------------------------------------
2026-08-23 23:55:26 - POI 8210 in time window 47 is a FP POI
2026-08-23 23:55:26 - Tracing poi 8210 in time window 47 leads to:
2026-08-23 23:55:26 - TPS: 0, FPS: 2
2026-08-23 23:55:26 - 0.63 seconds is taken
2026-08-23 23:55:26 - ----------------------------------------
2026-08-23 23:55:26 - ----------------------------------------
2026-08-23 23:55:26 - POI 8188 in time window 47 is a FP POI
2026-08-23 23:55:26 - Tracing poi 8188 in time window 47 leads to:
2026-08-23 23:55:26 - TPS: 1, FPS: 3
2026-08-23 23:55:26 - 0.64 seconds is taken
2026-08-23 23:55:26 - ----------------------------------------
2026-08-23 23:55:26 - ----------------------------------------
2026-08-23 23:55:26 - POI 8182 in time window 48 is a FP POI
2026-08-23 23:55:26 - Tracing poi 8182 in time window 48 leads to:
2026-08-23 23:55:26 - TPS: 2, FPS: 3
2026-08-23 23:55:26 - 7.00 seconds is taken
2026-08-23 23:55:26 - ----------------------------------------
2026-08-23 23:55:26 - ----------------------------------------
2026-08-23 23:55:26 - POI 8210 in time window 48 is a FP POI
2026-08-23 23:55:26 - Tracing poi 8210 in time window 48 leads to:
2026-08-23 23:55:26 - TPS: 1, FPS: 12
2026-08-23 23:55:26 - 0.46 seconds is taken
2026-08-23 23:55:26 - ----------------------------------------
2026-08-23 23:55:26 - ----------------------------------------
2026-08-23 23:55:26 - POI 8293 in time window 48 is a FP POI
2026-08-23 23:55:26 - Tracing poi 8293 in time window 48 leads to:
2026-08-23 23:55:26 - TPS: 1, FPS: 12
2026-08-23 23:55:26 - 0.26 seconds is taken
2026-08-23 23:55:26 - ----------------------------------------
2026-08-23 23:55:26 - ----------------------------------------
2026-08-23 23:55:26 - POI 8188 in time window 48 is a FP POI
2026-08-23 23:55:26 - Tracing poi 8188 in time window 48 leads to:
2026-08-23 23:55:26 - TPS: 1, FPS: 8
2026-08-23 23:55:26 - 0.68 seconds is taken
2026-08-23 23:55:26 - ----------------------------------------
2026-08-23 23:55:26 - ----------------------------------------
2026-08-23 23:55:26 - POI 8202 in time window 48 is a FP POI
2026-08-23 23:55:26 - Tracing poi 8202 in time window 48 leads to:
2026-08-23 23:55:26 - TPS: 1, FPS: 12
2026-08-23 23:55:26 - 0.29 seconds is taken
2026-08-23 23:55:26 - ----------------------------------------
2026-08-23 23:55:26 - ----------------------------------------
2026-08-23 23:55:26 - POI 8182 in time window 49 is a FP POI
2026-08-23 23:55:26 - Tracing poi 8182 in time window 49 leads to:
2026-08-23 23:55:26 - TPS: 2, FPS: 2196
2026-08-23 23:55:26 - 11.28 seconds is taken
2026-08-23 23:55:26 - ----------------------------------------
2026-08-23 23:55:26 - ----------------------------------------
2026-08-23 23:55:26 - POI 8210 in time window 49 is a FP POI
2026-08-23 23:55:26 - Tracing poi 8210 in time window 49 leads to:
2026-08-23 23:55:26 - TPS: 0, FPS: 3
2026-08-23 23:55:26 - 0.29 seconds is taken
2026-08-23 23:55:26 - ----------------------------------------
2026-08-23 23:55:26 - ----------------------------------------
2026-08-23 23:55:26 - POI 8293 in time window 49 is a FP POI
2026-08-23 23:55:26 - Tracing poi 8293 in time window 49 leads to:
2026-08-23 23:55:26 - TPS: 0, FPS: 2
2026-08-23 23:55:26 - 0.55 seconds is taken
2026-08-23 23:55:26 - ----------------------------------------
2026-08-23 23:55:26 - ----------------------------------------
2026-08-23 23:55:26 - POI 8202 in time window 49 is a FP POI
2026-08-23 23:55:26 - Tracing poi 8202 in time window 49 leads to:
2026-08-23 23:55:26 - TPS: 0, FPS: 2
2026-08-23 23:55:26 - 0.44 seconds is taken
2026-08-23 23:55:26 - ----------------------------------------
2026-08-23 23:55:26 - ----------------------------------------
2026-08-23 23:55:26 - POI 8188 in time window 49 is a FP POI
2026-08-23 23:55:26 - Tracing poi 8188 in time window 49 leads to:
2026-08-23 23:55:26 - TPS: 1, FPS: 4
2026-08-23 23:55:26 - 0.50 seconds is taken
2026-08-23 23:55:26 - ----------------------------------------
2026-08-23 23:55:26 - ----------------------------------------
2026-08-23 23:55:26 - POI 8182 in time window 50 is a FP POI
2026-08-23 23:55:26 - Tracing poi 8182 in time window 50 leads to:
2026-08-23 23:55:26 - TPS: 1, FPS: 5
2026-08-23 23:55:26 - 14.23 seconds is taken
2026-08-23 23:55:26 - ----------------------------------------
2026-08-23 23:55:26 - ----------------------------------------
2026-08-23 23:55:26 - POI 8210 in time window 50 is a FP POI
2026-08-23 23:55:26 - Tracing poi 8210 in time window 50 leads to:
2026-08-23 23:55:26 - TPS: 0, FPS: 2
2026-08-23 23:55:26 - 0.81 seconds is taken
2026-08-23 23:55:26 - ----------------------------------------
2026-08-23 23:55:26 - ----------------------------------------
2026-08-23 23:55:26 - POI 8293 in time window 50 is a FP POI
2026-08-23 23:55:26 - Tracing poi 8293 in time window 50 leads to:
2026-08-23 23:55:26 - TPS: 0, FPS: 19
2026-08-23 23:55:26 - 0.65 seconds is taken
2026-08-23 23:55:26 - ----------------------------------------
2026-08-23 23:55:26 - ----------------------------------------
2026-08-23 23:55:26 - POI 8188 in time window 50 is a FP POI
2026-08-23 23:55:26 - Tracing poi 8188 in time window 50 leads to:
2026-08-23 23:55:26 - TPS: 1, FPS: 2
2026-08-23 23:55:26 - 0.54 seconds is taken
2026-08-23 23:55:26 - ----------------------------------------
2026-08-23 23:55:26 - ----------------------------------------
2026-08-23 23:55:26 - POI 8182 in time window 51 is a FP POI
2026-08-23 23:55:26 - Tracing poi 8182 in time window 51 leads to:
2026-08-23 23:55:26 - TPS: 1, FPS: 4
2026-08-23 23:55:26 - 6.76 seconds is taken
2026-08-23 23:55:26 - ----------------------------------------
2026-08-23 23:55:26 - ----------------------------------------
2026-08-23 23:55:26 - POI 8210 in time window 51 is a FP POI
2026-08-23 23:55:26 - Tracing poi 8210 in time window 51 leads to:
2026-08-23 23:55:26 - TPS: 1, FPS: 3
2026-08-23 23:55:26 - 7.03 seconds is taken
2026-08-23 23:55:26 - ----------------------------------------
2026-08-23 23:55:26 - ----------------------------------------
2026-08-23 23:55:26 - POI 8293 in time window 51 is a FP POI
2026-08-23 23:55:26 - Tracing poi 8293 in time window 51 leads to:
2026-08-23 23:55:26 - TPS: 1, FPS: 3
2026-08-23 23:55:26 - 6.53 seconds is taken
2026-08-23 23:55:26 - ----------------------------------------
2026-08-23 23:55:26 - ----------------------------------------
2026-08-23 23:55:26 - POI 8188 in time window 51 is a FP POI
2026-08-23 23:55:26 - Tracing poi 8188 in time window 51 leads to:
2026-08-23 23:55:26 - TPS: 1, FPS: 5
2026-08-23 23:55:26 - 0.86 seconds is taken
2026-08-23 23:55:26 - ----------------------------------------
2026-08-23 23:55:26 - ----------------------------------------
2026-08-23 23:55:26 - POI 8202 in time window 51 is a FP POI
2026-08-23 23:55:26 - Tracing poi 8202 in time window 51 leads to:
2026-08-23 23:55:26 - TPS: 1, FPS: 3
2026-08-23 23:55:26 - 6.79 seconds is taken
2026-08-23 23:55:26 - ----------------------------------------
2026-08-23 23:55:26 - ----------------------------------------
2026-08-23 23:55:26 - POI 8210 in time window 52 is a FP POI
2026-08-23 23:55:26 - Tracing poi 8210 in time window 52 leads to:
2026-08-23 23:55:26 - TPS: 0, FPS: 3
2026-08-23 23:55:26 - 0.63 seconds is taken
2026-08-23 23:55:26 - ----------------------------------------
2026-08-23 23:55:26 - ----------------------------------------
2026-08-23 23:55:26 - POI 8182 in time window 52 is a FP POI
2026-08-23 23:55:26 - Tracing poi 8182 in time window 52 leads to:
2026-08-23 23:55:26 - TPS: 1, FPS: 2205
2026-08-23 23:55:26 - 9.62 seconds is taken
2026-08-23 23:55:26 - ----------------------------------------
2026-08-23 23:55:26 - ----------------------------------------
2026-08-23 23:55:26 - POI 8188 in time window 52 is a FP POI
2026-08-23 23:55:26 - Tracing poi 8188 in time window 52 leads to:
2026-08-23 23:55:26 - TPS: 1, FPS: 4
2026-08-23 23:55:26 - 0.46 seconds is taken
2026-08-23 23:55:26 - ----------------------------------------
2026-08-23 23:55:26 - ----------------------------------------
2026-08-23 23:55:26 - POI 8293 in time window 52 is a FP POI
2026-08-23 23:55:26 - Tracing poi 8293 in time window 52 leads to:
2026-08-23 23:55:26 - TPS: 0, FPS: 3
2026-08-23 23:55:26 - 0.30 seconds is taken
2026-08-23 23:55:26 - ----------------------------------------
2026-08-23 23:55:26 - ----------------------------------------
2026-08-23 23:55:26 - POI 8202 in time window 52 is a FP POI
2026-08-23 23:55:26 - Tracing poi 8202 in time window 52 leads to:
2026-08-23 23:55:26 - TPS: 0, FPS: 3
2026-08-23 23:55:26 - 0.26 seconds is taken
2026-08-23 23:55:26 - ----------------------------------------
2026-08-23 23:55:26 - ----------------------------------------
2026-08-23 23:55:26 - POI 8182 in time window 53 is a FP POI
2026-08-23 23:55:26 - Tracing poi 8182 in time window 53 leads to:
2026-08-23 23:55:26 - TPS: 4, FPS: 545
2026-08-23 23:55:26 - 55.44 seconds is taken
2026-08-23 23:55:26 - ----------------------------------------
2026-08-23 23:55:26 - ----------------------------------------
2026-08-23 23:55:26 - POI 8210 in time window 53 is a FP POI
2026-08-23 23:55:26 - Tracing poi 8210 in time window 53 leads to:
2026-08-23 23:55:26 - TPS: 1, FPS: 1843
2026-08-23 23:55:26 - 6.99 seconds is taken
2026-08-23 23:55:26 - ----------------------------------------
2026-08-23 23:55:26 - ----------------------------------------
2026-08-23 23:55:26 - POI 8202 in time window 53 is a FP POI
2026-08-23 23:55:26 - Tracing poi 8202 in time window 53 leads to:
2026-08-23 23:55:26 - TPS: 1, FPS: 1841
2026-08-23 23:55:26 - 7.78 seconds is taken
2026-08-23 23:55:26 - ----------------------------------------
2026-08-23 23:55:26 - ----------------------------------------
2026-08-23 23:55:26 - POI 8293 in time window 53 is a FP POI
2026-08-23 23:55:26 - Tracing poi 8293 in time window 53 leads to:
2026-08-23 23:55:26 - TPS: 1, FPS: 1841
2026-08-23 23:55:26 - 7.25 seconds is taken
2026-08-23 23:55:26 - ----------------------------------------
2026-08-23 23:55:26 - ----------------------------------------
2026-08-23 23:55:26 - POI 8188 in time window 53 is a FP POI
2026-08-23 23:55:26 - Tracing poi 8188 in time window 53 leads to:
2026-08-23 23:55:26 - TPS: 2, FPS: 12
2026-08-23 23:55:26 - 3.21 seconds is taken
2026-08-23 23:55:26 - ----------------------------------------
2026-08-23 23:55:26 - ----------------------------------------
2026-08-23 23:55:26 - POI 8210 in time window 54 is a FP POI
2026-08-23 23:55:26 - Tracing poi 8210 in time window 54 leads to:
2026-08-23 23:55:26 - TPS: 1, FPS: 2
2026-08-23 23:55:26 - 2.05 seconds is taken
2026-08-23 23:55:26 - ----------------------------------------
2026-08-23 23:55:26 - ----------------------------------------
2026-08-23 23:55:26 - POI 8182 in time window 54 is a FP POI
2026-08-23 23:55:26 - Tracing poi 8182 in time window 54 leads to:
2026-08-23 23:55:26 - TPS: 2, FPS: 99
2026-08-23 23:55:26 - 160.96 seconds is taken
2026-08-23 23:55:26 - ----------------------------------------
2026-08-23 23:55:26 - ----------------------------------------
2026-08-23 23:55:26 - POI 8293 in time window 54 is a FP POI
2026-08-23 23:55:26 - Tracing poi 8293 in time window 54 leads to:
2026-08-23 23:55:26 - TPS: 1, FPS: 1
2026-08-23 23:55:26 - 3.61 seconds is taken
2026-08-23 23:55:26 - ----------------------------------------
2026-08-23 23:55:26 - ----------------------------------------
2026-08-23 23:55:26 - POI 8202 in time window 54 is a FP POI
2026-08-23 23:55:26 - Tracing poi 8202 in time window 54 leads to:
2026-08-23 23:55:26 - TPS: 1, FPS: 1
2026-08-23 23:55:26 - 1.75 seconds is taken
2026-08-23 23:55:26 - ----------------------------------------
2026-08-23 23:55:26 - ----------------------------------------
2026-08-23 23:55:26 - POI 8188 in time window 54 is a FP POI
2026-08-23 23:55:26 - Tracing poi 8188 in time window 54 leads to:
2026-08-23 23:55:26 - TPS: 2, FPS: 4
2026-08-23 23:55:26 - 1.98 seconds is taken
2026-08-23 23:55:26 - ----------------------------------------
2026-08-23 23:55:26 - ----------------------------------------
2026-08-23 23:55:26 - POI 8182 in time window 55 is a FP POI
2026-08-23 23:55:26 - Tracing poi 8182 in time window 55 leads to:
2026-08-23 23:55:26 - TPS: 3, FPS: 10
2026-08-23 23:55:26 - 3.06 seconds is taken
2026-08-23 23:55:26 - ----------------------------------------
2026-08-23 23:55:26 - ----------------------------------------
2026-08-23 23:55:26 - POI 9740 in time window 55 is a FP POI
2026-08-23 23:55:26 - Tracing poi 9740 in time window 55 leads to:
2026-08-23 23:55:26 - TPS: 1, FPS: 7
2026-08-23 23:55:26 - 0.74 seconds is taken
2026-08-23 23:55:26 - ----------------------------------------
2026-08-23 23:55:26 - ----------------------------------------
2026-08-23 23:55:26 - POI 9751 in time window 55 is a FP POI
2026-08-23 23:55:26 - Tracing poi 9751 in time window 55 leads to:
2026-08-23 23:55:26 - TPS: 0, FPS: 5
2026-08-23 23:55:26 - 0.44 seconds is taken
2026-08-23 23:55:26 - ----------------------------------------
2026-08-23 23:55:26 - ========================================
2026-08-23 23:55:31 - total num: 322679
2026-08-23 23:55:31 - tn: 319159
2026-08-23 23:55:31 - fp: 3406
2026-08-23 23:55:31 - fn: 105
2026-08-23 23:55:31 - tp: 9
2026-08-23 23:55:31 - 
2026-08-23 23:55:31 - ap: 0.00924981699462435
2026-08-23 23:55:31 - precision: 0.0026354319180087846
2026-08-23 23:55:31 - recall: 0.07894736842105263
2026-08-23 23:55:31 - fpr: 0.010559112116937672
2026-08-23 23:55:31 - fscore: 0.005100595069424766
2026-08-23 23:55:31 - accuracy: 0.9891192175505689
2026-08-23 23:55:31 - balanced acc: 0.5341941281520575
2026-08-23 23:55:31 - auc: 0.9408857755039717
2026-08-23 23:55:31 - lr(+): 7.4767051951663905
2026-08-23 23:55:31 - dor: 8.031851354752119
2026-08-23 23:55:31 - mcc: 0.012559497049569867
2026-08-23 23:55:31 - Best model epoch is model_epoch_1
2026-08-23 23:55:31 - ========================================
2026-08-23 23:55:31 - Before attack_reconstruction:
2026-08-23 23:55:31 - precision: 0.0
2026-08-23 23:55:31 - recall: 0.0
2026-08-23 23:55:31 - fpr: 2.48e-05
2026-08-23 23:55:31 - fscore: nan
2026-08-23 23:55:31 - ap: 0.00925
2026-08-23 23:55:31 - accuracy: 0.99962
2026-08-23 23:55:31 - balanced_acc: 0.49999
2026-08-23 23:55:31 - auc: 0.94089
2026-08-23 23:55:31 - lr(+): 0.0
2026-08-23 23:55:31 - dor: 0.0
2026-08-23 23:55:31 - mcc: -9.360710855747815e-05
2026-08-23 23:55:31 - tp: 0
2026-08-23 23:55:31 - fp: 8
2026-08-23 23:55:31 - tn: 322557
2026-08-23 23:55:31 - fn: 114
2026-08-23 23:55:31 - fp_in_malicious_tw_ratio: 0.25
2026-08-23 23:55:31 - ========================================
2026-08-23 23:55:31 - After attack_reconstruction:
2026-08-23 23:55:31 - precision: 0.00264
2026-08-23 23:55:31 - recall: 0.07895
2026-08-23 23:55:31 - fpr: 0.0105591
2026-08-23 23:55:31 - fscore: 0.0051
2026-08-23 23:55:31 - ap: 0.00925
2026-08-23 23:55:31 - accuracy: 0.98912
2026-08-23 23:55:31 - balanced_acc: 0.53419
2026-08-23 23:55:31 - auc: 0.94089
2026-08-23 23:55:31 - lr(+): 7.47671
2026-08-23 23:55:31 - dor: 8.03185
2026-08-23 23:55:31 - mcc: 0.012559497049569867
2026-08-23 23:55:31 - tp: 9
2026-08-23 23:55:31 - fp: 3406
2026-08-23 23:55:31 - tn: 319159
2026-08-23 23:55:31 - fn: 105
2026-08-23 23:55:31 - ========================================
2026-08-23 23:55:31 - ============================================================
2026-08-23 23:55:31 - Run finished. Time consumed in each step:
2026-08-23 23:55:31 - time_total: 1799.83 s
2026-08-23 23:55:31 - time_build_graphs: 256.54 s
2026-08-23 23:55:31 - time_embed_nodes: 182.88 s
2026-08-23 23:55:31 - time_embed_edges: 474.77 s
2026-08-23 23:55:31 - time_gnn_training: 251.92 s
2026-08-23 23:55:31 - time_gnn_testing: 241.46 s
2026-08-23 23:55:31 - time_evaluation: 110.55 s
2026-08-23 23:55:31 - time_tracing: 281.7 s
2026-08-23 23:55:31 - ============================================================
